recording_id,node,FCV_raw,EdgeStdFCV,n_nodes
2023-01-05-01,AVER,0.35119806865327696,-0.3321530162870412,68
2023-01-05-01,RIH,0.3547412049935235,-0.18528909242655503,68
2023-01-05-01,URYVL,0.3662816581798864,0.29306569703648927,68
2023-01-05-01,RMDDR,0.3500808591495807,-0.3784616411128195,68
2023-01-05-01,RMDL,0.402411502742343,1.7906571615926028,68
2023-01-05-01,RIBL,0.36733018961785335,0.336527598155482,68
2023-01-05-01,SMDVL,0.37882558896543683,0.81301489427006,68
2023-01-05-01,IL2VR,0.3451732358218359,-0.5818839058884685,68
2023-01-05-01,RMED,0.35635362541471044,-0.11845384612840931,68
2023-01-05-01,URXL,0.36728254840241886,0.3345528573709642,68
2023-01-05-01,ADEL,0.3556439908384196,-0.1478683840894005,68
2023-01-05-01,RMDDL,0.34637542794647763,-0.5320527292968351,68
2023-01-05-01,ASKR,0.35081076145658346,-0.3482070004365346,68
2023-01-05-01,AUAL,0.35943900739680446,0.009436040397165203,68
2023-01-05-01,AVAR,0.35115959575186756,-0.33374772806798536,68
2023-01-05-01,AIZL,0.3503685731491698,-0.3665358209152515,68
2023-01-05-01,RIVR,0.3905077054151402,1.2972416628846646,68
2023-01-05-01,RID,0.36765876878500037,0.35014729018874513,68
2023-01-05-01,RMDVL,0.3787347549518956,0.8092498007575337,68
2023-01-05-01,IL2DR,0.3624909821878783,0.13594119015643177,68
2023-01-05-01,SMDVR,0.4067005954025114,1.9684411691449935,68
2023-01-05-01,AIBR,0.3458433924537499,-0.5541057390011145,68
2023-01-05-01,IL1DL,0.35383678336410174,-0.2227776044582242,68
2023-01-05-01,RICL,0.309776790518336,-2.049075780199274,68
2023-01-05-01,RICR,0.32224486103850875,-1.5322710107180069,68
2023-01-05-01,IL1VL,0.35192909592992505,-0.3018517453260393,68
2023-01-05-01,ALA,0.3420349271308461,-0.7119676182787613,68
2023-01-05-01,AVJL,0.3289034845527184,-1.2562693322902219,68
2023-01-05-01,URXR,0.36442528502599975,0.2161185464478423,68
2023-01-05-01,URYDR,0.3422511026258707,-0.7030070877224947,68
2023-01-05-01,CEPDL,0.33811684841848944,-0.8743730010902224,68
2023-01-05-01,RIMR,0.354304729047905,-0.20338113402148594,68
2023-01-05-01,AVJR,0.3116857834301273,-1.969947526944414,68
2023-01-05-01,RIML,0.3537146437015514,-0.22784032527350237,68
2023-01-05-01,OLLR,0.3526452907789757,-0.2721652823509989,68
2023-01-05-01,OLQDR,0.3925242102281717,1.3808263124397406,68
2023-01-05-01,AWCL,0.40467297600286406,1.884395817080689,68
2023-01-05-01,AVEL,0.35142081486432886,-0.3229201278405693,68
2023-01-05-01,AVHL,0.318477460090966,-1.688430760944649,68
2023-01-05-01,URYDL,0.3492266428994034,-0.41386912710239254,68
2023-01-05-01,RIVL,0.3911482315066341,1.3237916361564435,68
2023-01-05-01,RIR,0.40554598259349517,1.9205821675746775,68
2023-01-05-01,OLQVL,0.38770832772306835,1.1812067286499373,68
2023-01-05-01,OLQDL,0.38140322559525663,0.9198586037377889,68
2023-01-05-01,IL2VR,0.3451732358218359,-0.5818839058884685,68
2023-01-05-01,RMEL,0.3637296857773625,0.1872857764725931,68
2023-01-05-01,RIAR,0.35980099642569996,0.0244405798991199,68
2023-01-05-01,AIZR,0.334179680745746,-1.037569626280074,68
2023-01-05-01,AWAL,0.34443714823945226,-0.6123949278398048,68
2023-01-05-01,AIBL,0.3536311840748024,-0.23129974853336036,68
2023-01-05-01,ADER,0.38034749245804633,0.8760981903099905,68
2023-01-05-01,OLLL,0.41478825560513627,2.3036767903983173,68
2023-01-05-01,AVDL,0.3159816764052859,-1.7918816445650232,68
2023-01-05-01,FLPL,0.3587551200810781,-0.018911266909387537,68
2023-01-05-01,ASGL,0.41438473402601844,2.2869507158754554,68
2023-01-05-01,IL1DR,0.367344700947351,0.3371290965416007,68
2023-01-05-01,IL1L,0.3176539467100038,-1.7225656050108833,68
2023-01-05-01,RIAL,0.3739446859508845,0.6107001934336388,68
2023-01-05-01,ADAL,0.35283584969196635,-0.26426656579005336,68
2023-01-05-01,AVDR,0.32189737736210833,-1.5466742995821552,68
2023-01-05-01,IL1VR,0.37355683084591734,0.5946234983435393,68
2023-01-05-01,ASKL,0.3582590022140938,-0.03947548167441802,68
2023-01-05-01,CEPVL,0.3414555338835968,-0.7359836192389113,68
2023-01-05-01,AVAL,0.35657008868677365,-0.1094813871389621,68
2023-01-05-01,AWBL,0.3793217612999518,0.8335813667284182,68
2023-01-05-01,IL1R,0.34958434581251774,-0.39904224821558115,68
2023-01-05-01,OLQVR,0.38585121166856906,1.104228784637461,68
2023-01-05-01,CEPDR,0.3494784062225677,-0.4034334718034237,68
2023-01-05-18,AVAL,0.4259789323471193,1.2741592088770448,69
2023-01-05-18,URAVL,0.35760244162361116,-1.1952171463677799,69
2023-01-05-18,AVDR,0.3539454989725587,-1.3272854584359,69
2023-01-05-18,IL2DR,0.3682430804620562,-0.8109367939494846,69
2023-01-05-18,RMDL,0.4291958045158252,1.3903346368230176,69
2023-01-05-18,OLQVL,0.43428493927501066,1.5741257163302118,69
2023-01-05-18,CEPVL,0.38868635482431674,-0.07264008114973225,69
2023-01-05-18,AWAL,0.4096038839161614,0.6827840595599108,69
2023-01-05-18,URBL,0.3845531801925772,-0.22190722837708024,69
2023-01-05-18,URBR,0.37070889200303714,-0.7218854745360618,69
2023-01-05-18,FLPL,0.3590682682675531,-1.1422796876427495,69
2023-01-05-18,ADLL,0.3530074320783798,-1.3611631872226884,69
2023-01-05-18,RIAL,0.38099358557250107,-0.3504598741192623,69
2023-01-05-18,RIVL,0.40686186380734635,0.5837576317531109,69
2023-01-05-18,IL2VR,0.3390939155995366,-1.8636415719367534,69
2023-01-05-18,AVAR,0.4236781937786296,1.1910694018320767,69
2023-01-05-18,AIZR,0.3442028093338521,-1.6791369087771426,69
2023-01-05-18,URADR,0.3458511872029181,-1.6196067209697578,69
2023-01-05-18,CEPDL,0.35353970383213473,-1.3419405089398557,69
2023-01-05-18,AINR,0.3822026537453735,-0.3067950950939221,69
2023-01-05-18,RMER,0.43557141100290997,1.6205858787771463,69
2023-01-05-18,OLLL,0.41004360579888866,0.6986643542138311,69
2023-01-05-18,AVJR,0.3466002635592791,-1.5925542732191031,69
2023-01-05-18,OLLR,0.4034235359313932,0.4595844624573837,69
2023-01-05-18,URYDL,0.4140373550775227,0.8428962376153052,69
2023-01-05-18,IL2VL,0.35516352200825024,-1.2832972798579363,69
2023-01-05-18,ASEL,0.40221987799113945,0.41611507077005383,69
2023-01-05-18,ADER,0.3596834229629176,-1.120063741145971,69
2023-01-05-18,CEPDR,0.3677832633820154,-0.8275428147203076,69
2023-01-05-18,IL1L,0.4113880160238426,0.7472169310735457,69
2023-01-05-18,URXL,0.40269268221546567,0.4331901145439752,69
2023-01-05-18,OLQDL,0.4286695771512849,1.371330248067047,69
2023-01-05-18,IL2R,0.41615796482681777,0.919480799329446,69
2023-01-05-18,AVER,0.41051140167963596,0.7155585246337407,69
2023-01-05-18,IL1DR,0.4165337104958058,0.9330506310181853,69
2023-01-05-18,OLQDR,0.41605712172248294,0.9158389105048077,69
2023-01-05-18,AVJL,0.3575730899186751,-1.1962771657602393,69
2023-01-05-18,AVEL,0.40505437629660995,0.5184812937283774,69
2023-01-05-18,URYDR,0.4132432362081442,0.8142171062567417,69
2023-01-05-18,URADL,0.3509852286800018,-1.4341938620147414,69
2023-01-05-18,AVBL,0.4467186739511575,2.0231626600484804,69
2023-01-05-18,IL1DL,0.4100289330791446,0.698134457654068,69
2023-01-05-18,AWCL,0.37606995793340714,-0.5282737622752448,69
2023-01-05-18,AIBR,0.4113968952831932,0.7475376002518019,69
2023-01-05-18,IL2DL,0.36744469465102714,-0.839770023371719,69
2023-01-05-18,IL2L,0.41720854796865253,0.957421985579498,69
2023-01-05-18,RICL,0.3892383907459066,-0.052703631683027864,69
2023-01-05-18,RIAR,0.3844824937312594,-0.2244600279484993,69
2023-01-05-18,ASGL,0.40745463527852777,0.6051652214014026,69
2023-01-05-18,ADLR,0.38293032227490076,-0.28051577829574903,69
2023-01-05-18,URXR,0.3995838624162019,0.3209169337505723,69
2023-01-05-18,SMDVL,0.41912119268588544,1.026496013666392,69
2023-01-05-18,RMDVL,0.40115413688141366,0.37762646351158774,69
2023-01-05-18,RID,0.4307710456683313,1.4472235355460679,69
2023-01-05-18,AWBL,0.4049053824966417,0.5131004711265359,69
2023-01-05-18,AUAL,0.3809005287957336,-0.35382056434792697,69
2023-01-05-18,URYVL,0.40626619661331875,0.5622454647939332,69
2023-01-05-18,SAAVL,0.4136211711512649,0.8278660022806238,69
2023-01-05-18,AWBR,0.3969174286364526,0.22462026132898866,69
2023-01-05-18,ASER,0.40674310446471607,0.5794687086224769,69
2023-01-05-18,ASIL,0.40933907753039356,0.673220734200363,69
2023-01-05-18,AVHL,0.35006309300021915,-1.4674962444547932,69
2023-01-05-18,AIZL,0.35109814604038875,-1.4301159186034063,69
2023-01-05-18,RMDDL,0.37851951139315726,-0.43980959381016926,69
2023-01-05-18,RIVR,0.3831537677950556,-0.27244617603454274,69
2023-01-05-18,OLQVR,0.4115310499740614,0.7523825172411047,69
2023-01-05-18,RMEV,0.37519608569351254,-0.5598331392462929,69
2023-01-05-18,FLPR,0.3497455623518439,-1.4789636752466726,69
2023-01-05-18,RMDVR,0.36184507837726415,-1.0419968396145782,69
2023-01-06-01,URADL,0.25983805445672264,-3.031687669580111,65
2023-01-06-01,IL2L,0.3145535715430867,-0.8137517149925448,65
2023-01-06-01,RMED,0.3426689668089394,0.3259276549227263,65
2023-01-06-01,ADEL,0.2856962228404817,-1.9835067433614397,65
2023-01-06-01,URYDR,0.35032436836392417,0.636245298979823,65
2023-01-06-01,OLLR,0.3439099372691228,0.3762313557518239,65
2023-01-06-01,AIZL,0.2986025923871007,-1.4603370360285595,65
2023-01-06-01,ASKL,0.3494474931454594,0.6007004813799091,65
2023-01-06-01,URADR,0.2924503729507077,-1.7097220261576038,65
2023-01-06-01,IL2DL,0.3031257303940696,-1.2769881261136056,65
2023-01-06-01,URBL,0.31276633149206273,-0.8861988776939076,65
2023-01-06-01,FLPL,0.3139432885295845,-0.8384900106388087,65
2023-01-06-01,CEPDR,0.3132273344809439,-0.8675117637149239,65
2023-01-06-01,ASKR,0.337071513955851,0.09903055885073422,65
2023-01-06-01,IL1VR,0.33370421358099256,-0.03746557550008184,65
2023-01-06-01,RIVL,0.3742671224014983,1.6067834179555176,65
2023-01-06-01,AVAR,0.33808268377811973,0.14001911245361437,65
2023-01-06-01,RMDL,0.3497373253843877,0.6124490561489813,65
2023-01-06-01,SMDVL,0.39441515080870854,2.42349938808641,65
2023-01-06-01,SAAVL,0.30647205985679193,-1.1413420639635827,65
2023-01-06-01,CEPDL,0.34456723055586486,0.4028752493126435,65
2023-01-06-01,RID,0.3532919125917642,0.7565370076255857,65
2023-01-06-01,RIH,0.3573750012991511,0.9220481776212882,65
2023-01-06-01,AINL,0.34583200679325765,0.45414393579866696,65
2023-01-06-01,OLQDL,0.3467003471689395,0.489342786921739,65
2023-01-06-01,IL1L,0.3516231684875495,0.6888931701031917,65
2023-01-06-01,RICL,0.29298890452956394,-1.6878922306072708,65
2023-01-06-01,AUAL,0.3255937750981879,-0.3662284946202618,65
2023-01-06-01,AVDL,0.3179901238414801,-0.6744484001687725,65
2023-01-06-01,AIBL,0.36007897902664654,1.0316560135986015,65
2023-01-06-01,SMDVR,0.35641815763451756,0.8832617769854259,65
2023-01-06-01,IL1R,0.3510997564803573,0.6676762581258814,65
2023-01-06-01,URXR,0.3563010288283387,0.8785138699130686,65
2023-01-06-01,URAVL,0.35756161051559504,0.9296125270535543,65
2023-01-06-01,ASEL,0.3357603677629937,0.04588223022818349,65
2023-01-06-01,AVAL,0.35980606497253026,1.0205932305825636,65
2023-01-06-01,AVER,0.3469324333184327,0.49875057913377807,65
2023-01-06-01,CEPVL,0.31758846685789194,-0.6907298777595863,65
2023-01-06-01,RMGL,0.29701142216405624,-1.5248363560658529,65
2023-01-06-01,RMDVR,0.317398746246248,-0.6984203500113116,65
2023-01-06-01,RMDVL,0.3413014406198495,0.27049391939145023,65
2023-01-06-01,RMEL,0.3668608828207927,1.3065657479221993,65
2023-01-06-01,RMER,0.35735166153941506,0.9211020823443608,65
2023-01-06-01,AVEL,0.36703888350038755,1.3137811436314504,65
2023-01-06-01,RMDDR,0.32487317105835,-0.39543873869882445,65
2023-01-06-01,SMBVR,0.3418150333140506,0.29131279789503994,65
2023-01-06-01,RMDDL,0.3351573952548449,0.02144027159074401,65
2023-01-06-01,IL1VL,0.310337245548016,-0.9846637618616052,65
2023-01-06-01,ADAL,0.32067000767833564,-0.5658172287499205,65
2023-01-06-01,IL2DR,0.29391066369837515,-1.6505280072417088,65
2023-01-06-01,URYVR,0.3315894280980203,-0.12319004652208715,65
2023-01-06-01,AWBL,0.3456652228108201,0.4473832176149458,65
2023-01-06-01,OLQDR,0.35435941341563243,0.7998089821017128,65
2023-01-06-01,IL1DL,0.3415492977115483,0.2805409989869975,65
2023-01-06-01,OLQVL,0.3776132467233905,1.7424211645627645,65
2023-01-06-01,RMDR,0.30719939658277556,-1.111858905226276,65
2023-01-06-01,ASHL,0.36341161677161743,1.166747071342231,65
2023-01-06-01,RIAR,0.32607565086344836,-0.3466952864495583,65
2023-01-06-01,OLLL,0.3413546976835431,0.27265273580572824,65
2023-01-06-01,IL1DR,0.33417650215096195,-0.01832099173196252,65
2023-01-06-01,AWCL,0.34928247175166993,0.5940112110951351,65
2023-01-06-01,URXL,0.32115615559486616,-0.5461108456114969,65
2023-01-06-01,AVJL,0.32406940801562556,-0.42801989750636005,65
2023-01-06-01,AWAR,0.34557322352421843,0.4436539551238643,65
2023-01-06-01,CEPVR,0.32223479375995445,-0.502387410364352,65
2023-01-06-08,ASIL,0.3768666096100331,2.111432202735656,71
2023-01-06-08,RMER,0.33652251449874887,0.550661716663179,71
2023-01-06-08,URAVL,0.28202250123446587,-1.5577512235407915,71
2023-01-06-08,IL2R,0.31309568266078575,-0.35563962964335827,71
2023-01-06-08,RMDDL,0.3068936838109516,-0.5955730506997919,71
2023-01-06-08,RIVL,0.3067160198270722,-0.6024462424695459,71
2023-01-06-08,URYDR,0.3179259972794652,-0.16877182471468494,71
2023-01-06-08,IL2VL,0.30197293303211964,-0.7859395111132506,71
2023-01-06-08,IL2DL,0.30588460345454804,-0.6346108041555554,71
2023-01-06-08,IL2VR,0.32892034779412704,0.256560748726042,71
2023-01-06-08,ADEL,0.31935500647489634,-0.11348850827387846,71
2023-01-06-08,URXL,0.3045299570070327,-0.6870172886364396,71
2023-01-06-08,SMDVR,0.3229613049995269,0.026026438973898353,71
2023-01-06-08,IL2DR,0.30705489496508315,-0.5893363607777565,71
2023-01-06-08,URBL,0.32703254777966906,0.18352843661082724,71
2023-01-06-08,AWCR,0.28188660744607663,-1.563008474039866,71
2023-01-06-08,SAAVR,0.3120338016503275,-0.3967200538361038,71
2023-01-06-08,AIZL,0.30286096030140747,-0.7515848738631437,71
2023-01-06-08,AUAL,0.284550564411227,-1.4599493920129907,71
2023-01-06-08,ASGR,0.2806748753297289,-1.6098861080283082,71
2023-01-06-08,URYDL,0.3276055805587032,0.20569705004983402,71
2023-01-06-08,RIBL,0.360971857680122,1.4965204138550585,71
2023-01-06-08,CEPDR,0.30404117996488794,-0.7059263453285058,71
2023-01-06-08,IL2L,0.2973284131759887,-0.9656195731751515,71
2023-01-06-08,AIZR,0.27988554033689733,-1.6404226898264005,71
2023-01-06-08,IL1DL,0.33051635209758395,0.31830451582774794,71
2023-01-06-08,FLPL,0.2911774521984904,-1.2035785192906057,71
2023-01-06-08,AIBR,0.3313953781913893,0.3523109294036281,71
2023-01-06-08,AVKL,0.343802653637668,0.8323045759511032,71
2023-01-06-08,AVER,0.33413611162687734,0.4583402217821622,71
2023-01-06-08,AVDL,0.3054729478447496,-0.6505363051347526,71
2023-01-06-08,RICL,0.3447111806065837,0.8674522741451788,71
2023-01-06-08,AVKR,0.3285950421877907,0.24397582426750075,71
2023-01-06-08,CEPDL,0.3080121627146098,-0.5523030540048822,71
2023-01-06-08,RIVR,0.31672270321658286,-0.2153230202299783,71
2023-01-06-08,AWBL,0.31748477665811603,-0.18584109152433295,71
2023-01-06-08,AINL,0.34879732723383805,1.025530848964903,71
2023-01-06-08,IL1R,0.35649522905802467,1.3233354704028852,71
2023-01-06-08,AIML,0.3228701663364321,0.022500606132534965,71
2023-01-06-08,AWCL,0.3304681717140254,0.31644058703077343,71
2023-01-06-08,IL1VL,0.35668928790134113,1.330842921353867,71
2023-01-06-08,OLQDL,0.351575247020559,1.1329987498765803,71
2023-01-06-08,IL1VR,0.38310090706700356,2.352615142776729,71
2023-01-06-08,OLLL,0.3492634080061432,1.0435618671729745,71
2023-01-06-08,OLLR,0.3454916752643336,0.8976468546158313,71
2023-01-06-08,ASHL,0.3358575996148413,0.5249385092473066,71
2023-01-06-08,AIBL,0.3402963476027116,0.696657984810506,71
2023-01-06-08,ASEL,0.34467874438034496,0.8661974311637383,71
2023-01-06-08,RIAL,0.3196444998288,-0.10228903332120846,71
2023-01-06-08,AVAL,0.33694234135614515,0.5669033343392536,71
2023-01-06-08,IL1DR,0.36349470047997473,1.5941202874462057,71
2023-01-06-08,RIML,0.3305669343750534,0.32026136541316785,71
2023-01-06-08,AVAR,0.3117377238433571,-0.4081742580121017,71
2023-01-06-08,RMDL,0.3467982625236067,0.9481940989182907,71
2023-01-06-08,SMDVL,0.3512557659105584,1.120639154600713,71
2023-01-06-08,RMGL,0.30637464283646426,-0.6156529119981451,71
2023-01-06-08,URYVL,0.33643509469848837,0.5472797534844639,71
2023-01-06-08,OLQDR,0.3307685469920707,0.3280610451777638,71
2023-01-06-08,AIMR,0.3310771967819801,0.3400016149512159,71
2023-01-06-08,OLQVL,0.35374309232579193,1.2168650247662607,71
2023-01-06-08,ADAL,0.2961151003163738,-1.0125583605351254,71
2023-01-06-08,ADLL,0.30551969641845406,-0.6487277680018055,71
2023-01-06-08,AVJL,0.29803629564515693,-0.9382341017092939,71
2023-01-06-08,RMEV,0.34043966676722004,0.7022024968744479,71
2023-01-06-08,AVL,0.280698628931863,-1.6089671650938708,71
2023-01-06-08,RIMR,0.35563433316556536,1.2900304502549509,71
2023-01-06-08,URXR,0.27675337900364766,-1.7615949444790069,71
2023-01-06-08,URYVR,0.31951192196658074,-0.10741800235342087,71
2023-01-06-08,RIAR,0.2677358322161175,-2.110451966651209,71
2023-01-06-08,AWAR,0.2685202457505798,-2.0801057786877046,71
2023-01-06-08,ASGL,0.34747842770340437,0.9745072863960161,71
2023-01-06-15,OLQVR,0.3483037513088974,-0.7694028941572826,62
2023-01-06-15,BAGL,0.3930950961826734,1.0140078618051858,62
2023-01-06-15,RMER,0.3630215627120404,-0.18339898571113014,62
2023-01-06-15,CEPVL,0.3429710175420159,-0.981730851385215,62
2023-01-06-15,CEPDR,0.3238971931711402,-1.7411736329363996,62
2023-01-06-15,IL1VR,0.38018219939641024,0.4998683760596322,62
2023-01-06-15,RMDVL,0.3421916381539547,-1.012762596191288,62
2023-01-06-15,IL1VL,0.3597010735383841,-0.3156074765265644,62
2023-01-06-15,AIBR,0.37640639409727167,0.3495310329439033,62
2023-01-06-15,RMDVR,0.3725290771136135,0.19515190384165615,62
2023-01-06-15,IL1L,0.4035933886008563,1.432007537202033,62
2023-01-06-15,RMDDL,0.3255014406179564,-1.6772989678657293,62
2023-01-06-15,IL2L,0.39121213342449557,0.9390358768050839,62
2023-01-06-15,RIBL,0.3853271703011415,0.7047203731690943,62
2023-01-06-15,RIH,0.3964066932758207,1.1458623058272634,62
2023-01-06-15,SAAVL,0.3922996205452406,0.9823352292485694,62
2023-01-06-15,IL2DL,0.32769475859346386,-1.5899698894513863,62
2023-01-06-15,RIVL,0.3893560799074461,0.8651353092897294,62
2023-01-06-15,RIR,0.34911078974134496,-0.7372698777239063,62
2023-01-06-15,ASGL,0.37874645319082123,0.44270275102436235,62
2023-01-06-15,URXR,0.3294708405482654,-1.5192534671026032,62
2023-01-06-15,URYDR,0.3677205891778868,0.0036973018720812094,62
2023-01-06-15,AVAR,0.3703863147442373,0.10983574582527789,62
2023-01-06-15,URYVL,0.35886020218885206,-0.3490875833052758,62
2023-01-06-15,URAVL,0.3451374264873987,-0.8954731820543042,62
2023-01-06-15,RID,0.4036267026540367,1.4333339684787467,62
2023-01-06-15,OLQVL,0.4182451939798733,2.0153833519011384,62
2023-01-06-15,RIAL,0.36705906913234215,-0.022641759119137798,62
2023-01-06-15,AVDL,0.3017402192562606,-2.6233749981941537,62
2023-01-06-15,AWCR,0.40690188513615716,1.5637385295119919,62
2023-01-06-15,ASGR,0.37285242024715104,0.20802612371253754,62
2023-01-06-15,ADLL,0.3452728289407892,-0.8900820022975717,62
2023-01-06-15,OLLL,0.3826303272465344,0.597342956297987,62
2023-01-06-15,RICL,0.3535410954727629,-0.5608729663143814,62
2023-01-06-15,AINR,0.369921967000087,0.09134729088474883,62
2023-01-06-15,AWCL,0.37402505152801496,0.2547155733141089,62
2023-01-06-15,AIZR,0.32797847972320665,-1.5786732580172773,62
2023-01-06-15,AVL,0.40338121082966594,1.4235594738455208,62
2023-01-06-15,URYDL,0.36749834788418073,-0.005151450375285922,62
2023-01-06-15,RMEL,0.421915374937633,2.16151515961628,62
2023-01-06-15,AVER,0.37269225213035495,0.20164887509315896,62
2023-01-06-15,IL2VL,0.339073201494011,-1.1369261705783424,62
2023-01-06-15,IL2VR,0.3342938034771063,-1.3272225292698145,62
2023-01-06-15,AVAL,0.3791320773862189,0.4580567516637632,62
2023-01-06-15,AWBL,0.36777615487554705,0.0059097039142412145,62
2023-01-06-15,IL1DL,0.35458173286494243,-0.5194389811661423,62
2023-01-06-15,ASHL,0.37171403811108944,0.1627003369658125,62
2023-01-06-15,IL1DR,0.37551589489045273,0.31407494498556326,62
2023-01-06-15,ADEL,0.32579646757298775,-1.6655521840532648,62
2023-01-06-15,AUAL,0.35543675256643065,-0.4853955440581252,62
2023-01-06-15,AVKL,0.38352269772790254,0.6328735508639721,62
2023-01-06-15,AIBL,0.38227525854443883,0.583205552203349,62
2023-01-06-15,OLQDL,0.3930364612175671,1.011673253908486,62
2023-01-06-15,OLQDR,0.3897352879589049,0.8802338449471202,62
2023-01-06-15,CEPDL,0.36986535023897826,0.0890930397339154,62
2023-01-06-15,RMDR,0.3732434008920096,0.22359339657248015,62
2023-01-06-15,OLLR,0.37946479928344246,0.4713043960898213,62
2023-01-06-15,RMDL,0.3874646573957138,0.7898264910124771,62
2023-01-06-15,AVJL,0.32890141955877233,-1.5419255150215598,62
2023-01-06-15,AVEL,0.3774962410740403,0.392924345339403,62
2023-01-06-15,AWAL,0.361463543991364,-0.24543300929928902,62
2023-01-06-15,URXL,0.3607246511364614,-0.27485274359506784,62
2023-01-09-08,IL2DR,0.30963395885632533,-1.0542991996556361,42
2023-01-09-08,RMDVR,0.32829112334521177,-0.45187037985930606,42
2023-01-09-08,IL1DL,0.33424613937513975,-0.25958643012435556,42
2023-01-09-08,SMDVL,0.3919138013071217,1.6024683070138475,42
2023-01-09-08,RIAL,0.34928651840962294,0.22605852393232428,42
2023-01-09-08,OLLR,0.3656026507185931,0.7528967975825737,42
2023-01-09-08,URYVL,0.3653807278358788,0.7457310387986492,42
2023-01-09-08,RIVL,0.3697093615927522,0.8855000657071652,42
2023-01-09-08,RIBR,0.38789793504888836,1.4727983578718693,42
2023-01-09-08,OLQDL,0.36626186574643516,0.7741824614063263,42
2023-01-09-08,IL2R,0.3321347407747981,-0.32776224363991524,42
2023-01-09-08,OLQDR,0.31253245388774537,-0.9607085073505955,42
2023-01-09-08,AVDR,0.2915976703220779,-1.636680301653482,42
2023-01-09-08,AVL,0.31699374861770924,-0.8166559359892476,42
2023-01-09-08,URYDR,0.33259627006877746,-0.3128597353815442,42
2023-01-09-08,AWBR,0.3290022690618217,-0.42890790477282026,42
2023-01-09-08,SAAVL,0.36767393681663774,0.8197774020950576,42
2023-01-09-08,RMER,0.3528914542230951,0.34245977176637676,42
2023-01-09-08,AWCL,0.3614317952080087,0.6182223370406685,42
2023-01-09-08,CEPVR,0.34769055021603484,0.17452565376502369,42
2023-01-09-08,AVJR,0.28534997278315066,-1.8384147644150854,42
2023-01-09-08,RIMR,0.3800911257187901,1.220721096404429,42
2023-01-09-08,CEPVL,0.357702260219432,0.497797855448317,42
2023-01-09-08,RMEL,0.35358233631566394,0.36476794640312776,42
2023-01-09-08,AVAL,0.38657167952943094,1.4299743506219451,42
2023-01-09-08,CEPDR,0.2929321806009671,-1.5935897530979295,42
2023-01-09-08,AVJL,0.2913293787178013,-1.6453432790647546,42
2023-01-09-08,IL2DL,0.30486396407831284,-1.208319513206735,42
2023-01-09-08,URXL,0.33012613101308635,-0.39261906627768445,42
2023-01-09-08,URBL,0.3350752372167592,-0.23281535060045433,42
2023-01-09-08,AWBL,0.37825105671211534,1.1613063551828893,42
2023-01-09-08,RIH,0.36928206693250265,0.8717029735481321,42
2023-01-09-08,AVDL,0.2858261443570713,-1.823039465587203,42
2023-01-09-08,AWAR,0.29771829076442397,-1.4390490832708482,42
2023-01-09-08,AVER,0.3898186994370089,1.5348187052902325,42
2023-01-09-08,CEPDL,0.31578860781487794,-0.8555692205867288,42
2023-01-09-08,RIVR,0.3732906030231488,1.0011362359089495,42
2023-01-09-08,IL1DR,0.3569437673019665,0.4733065672161298,42
2023-01-09-08,AVBR,0.34005274695526927,-0.07209450156245895,42
2023-01-09-08,IL2L,0.3605913667617703,0.5910853989870712,42
2023-01-09-08,URXR,0.31649094178092924,-0.8328912717203193,42
2023-01-09-08,OLLL,0.36154376284285455,0.6218377058259811,42
2023-01-09-15,ASEL,0.38362709079820473,1.6395632527187742,83
2023-01-09-15,AIBL,0.35907810879086016,0.8437804893303508,83
2023-01-09-15,AINL,0.34280202164072104,0.3161728840286942,83
2023-01-09-15,AIZR,0.30419268927996473,-0.9353918932574898,83
2023-01-09-15,AWBL,0.3405111850558634,0.2419128488295201,83
2023-01-09-15,AVJR,0.26266214923213865,-2.2816508914670672,83
2023-01-09-15,RMDVL,0.3259213786734045,-0.23103207560203703,83
2023-01-09-15,URBR,0.337529499660561,0.14525817521744233,83
2023-01-09-15,CEPVR,0.3049021660823369,-0.9123934076101916,83
2023-01-09-15,RIBR,0.35298549815360736,0.646281687640236,83
2023-01-09-15,OLLR,0.3604490467994879,0.8882209812665792,83
2023-01-09-15,AWCL,0.3702109934085567,1.2046654206445886,83
2023-01-09-15,SAAVL,0.3624967808437922,0.954600575172897,83
2023-01-09-15,ADEL,0.3489052657426586,0.5140163813933063,83
2023-01-09-15,RMDVR,0.29884315154683116,-1.1088031540116037,83
2023-01-09-15,URYVR,0.33398106133245403,0.030231570138276768,83
2023-01-09-15,IL1L,0.3383538972032083,0.1719819454504489,83
2023-01-09-15,ADAL,0.3081116375567734,-0.8083547929670556,83
2023-01-09-15,AWAR,0.3323684489603914,-0.02204306712897997,83
2023-01-09-15,OLLL,0.3745717654504005,1.3460247334229039,83
2023-01-09-15,OLQVR,0.35961819055550737,0.8612878449917001,83
2023-01-09-15,RIVR,0.34692988468713903,0.4499821907031907,83
2023-01-09-15,URYVL,0.3359123875528101,0.09283767397507392,83
2023-01-09-15,IL2DR,0.30840681265003717,-0.7987863615212791,83
2023-01-09-15,URYDR,0.30874258847949637,-0.7879018117111833,83
2023-01-09-15,ASGR,0.3277849337379688,-0.17062284973019423,83
2023-01-09-15,ASER,0.39272193549030626,1.9343828358486888,83
2023-01-09-15,FLPR,0.288656465285385,-1.439016005219822,83
2023-01-09-15,CEPDR,0.3229715960593234,-0.3266525848079289,83
2023-01-09-15,AWBR,0.32302720117516825,-0.3248500826621248,83
2023-01-09-15,AQR,0.3121556524283151,-0.6772635188483758,83
2023-01-09-15,AVER,0.3452974352420068,0.3970645124813166,83
2023-01-09-15,IL2VR,0.3181908396065603,-0.48162616293547184,83
2023-01-09-15,RICL,0.34902252316183424,0.5178174120442495,83
2023-01-09-15,CEPDL,0.32225033136768566,-0.3500331880962553,83
2023-01-09-15,RMDDL,0.3068442965565103,-0.849437071777765,83
2023-01-09-15,RMER,0.3632180525883615,0.9779814070899026,83
2023-01-09-15,AINR,0.2920399108758769,-1.329337824634963,83
2023-01-09-15,AVAR,0.35988581253737856,0.8699631114533899,83
2023-01-09-15,RIBL,0.35288488702601906,0.6430202651863073,83
2023-01-09-15,OLQDR,0.31589340974568686,-0.5560999265656694,83
2023-01-09-15,AVDL,0.3389583558543115,0.19157615003233475,83
2023-01-09-15,ASIL,0.3900639806371876,1.8482222505607278,83
2023-01-09-15,AWCR,0.3171704778396025,-0.5147023331132268,83
2023-01-09-15,AUAR,0.31552000768609695,-0.5682041727925186,83
2023-01-09-15,CEPVL,0.29729248731026936,-1.1590696730423955,83
2023-01-09-15,SMDVL,0.3567039859798521,0.766820637773074,83
2023-01-09-15,AUAL,0.32538159963433877,-0.24852961807440305,83
2023-01-09-15,ASIR,0.3762792504048561,1.4013747717704947,83
2023-01-09-15,AIBR,0.35923510857018504,0.8488698131241089,83
2023-01-09-15,OLQVL,0.3450953499810735,0.3905136922747005,83
2023-01-09-15,RIVL,0.38171267921343427,1.5775054557504251,83
2023-01-09-15,IL2DL,0.30917415766655604,-0.7739120128605065,83
2023-01-09-15,OLQDL,0.37582395183687917,1.3866157584442769,83
2023-01-09-15,URBL,0.3087295712388029,-0.7883237801564591,83
2023-01-09-15,SAAVR,0.3384378152981722,0.1747022445442636,83
2023-01-09-15,AVAL,0.36669847579399795,1.090803225750813,83
2023-01-09-15,IL1R,0.36485228169212763,1.0309567749408275,83
2023-01-09-15,AVDR,0.2743006383119718,-1.904376224890477,83
2023-01-09-15,ASGL,0.34421667091294816,0.36203032556095477,83
2023-01-09-15,SMDVR,0.3077916811156147,-0.8187265395768742,83
2023-01-09-15,ADLL,0.3435595459467505,0.340728883353051,83
2023-01-09-15,RMEL,0.3746738993394062,1.34933551789471,83
2023-01-09-15,AVHL,0.2950788127417746,-1.2308284150070272,83
2023-01-09-15,RID,0.3665890643354854,1.0872565307075954,83
2023-01-09-15,RIH,0.32325819805088923,-0.3173620600614183,83
2023-01-09-15,RIML,0.3687898828181375,1.1585985282420452,83
2023-01-09-15,RMDDR,0.3208012671465305,-0.3970062287662571,83
2023-01-09-15,URXL,0.29002338577784337,-1.3947057455725858,83
2023-01-09-15,ADER,0.27328597084614603,-1.9372678079155328,83
2023-01-09-15,URYDL,0.3465819215927371,0.43870257704191884,83
2023-01-09-15,RIAL,0.3062623544056866,-0.8683013787692373,83
2023-01-09-15,RIMR,0.3644146444724265,1.0167702740117377,83
2023-01-09-15,URADR,0.27013341452640227,-2.039461454035472,83
2023-01-09-15,AVL,0.30473831001248786,-0.9177049857450169,83
2023-01-09-15,RICR,0.3467868386560495,0.4453451932962051,83
2023-01-09-15,ADLR,0.3360775158852215,0.0981904939266607,83
2023-01-09-15,IL1DL,0.2622754535940905,-2.2941860639375244,83
2023-01-09-15,URXR,0.2874706575699035,-1.4774552912313925,83
2023-01-09-15,RMEV,0.36058351631897434,0.8925799614384009,83
2023-01-09-15,IL1DR,0.3347796825836633,0.05611977299727514,83
2023-01-09-15,FLPL,0.30994035333943487,-0.7490749214618752,83
2023-01-09-15,SMBVR,0.3685193327660036,1.1498283451013522,83
2023-01-09-22,AVDR,0.29366991763065375,-1.417884854758673,81
2023-01-09-22,URYVL,0.3213134897790179,-0.28635019029611924,81
2023-01-09-22,AIYR,0.3319842816551509,0.1504374592994642,81
2023-01-09-22,OLQDL,0.34808640810341995,0.8095459909316145,81
2023-01-09-22,AIZL,0.3076215100043517,-0.8468041597398568,81
2023-01-09-22,RMDL,0.36182389497142975,1.3718627027633763,81
2023-01-09-22,URYDL,0.33497990376502373,0.27305729441914944,81
2023-01-09-22,CEPVL,0.3090516105429714,-0.7882658375422107,81
2023-01-09-22,OLLR,0.347678195019514,0.7928365999582756,81
2023-01-09-22,IL2DR,0.29030536853439803,-1.5556059825588948,81
2023-01-09-22,BAGL,0.36201014827104705,1.3794866112711621,81
2023-01-09-22,URBL,0.3135666283107258,-0.6034525620560056,81
2023-01-09-22,RMDVL,0.3075252396529321,-0.8507447951688305,81
2023-01-09-22,SMDVR,0.3495096498822634,0.8678035634345234,81
2023-01-09-22,AUAR,0.3077486582818979,-0.8415995977969177,81
2023-01-09-22,AWCL,0.3477957167424676,0.7976471180286483,81
2023-01-09-22,CEPVR,0.3087589112395249,-0.8002469015789493,81
2023-01-09-22,AVAL,0.35295383333381414,1.0087843652383366,81
2023-01-09-22,IL1DR,0.3371945407921118,0.36370905794316066,81
2023-01-09-22,RIVL,0.34996289423903765,0.8863562200307671,81
2023-01-09-22,RIAR,0.30294949147199435,-1.0380439493734341,81
2023-01-09-22,RMDDR,0.2929742328229377,-1.4463613291898998,81
2023-01-09-22,RMER,0.3549729283090327,1.0914320036491767,81
2023-01-09-22,IL1VR,0.370265600822404,1.7174071478266744,81
2023-01-09-22,ASEL,0.32828886193373125,-0.0008271996991148349,81
2023-01-09-22,OLQVL,0.35913777064903246,1.2619115442251199,81
2023-01-09-22,FLPL,0.3221943093175082,-0.25029559374873905,81
2023-01-09-22,IL1VL,0.31418725658808444,-0.5780483774662601,81
2023-01-09-22,ASGR,0.3387892679002651,0.4289860414512543,81
2023-01-09-22,URYDR,0.3263750653300215,-0.07916465862829522,81
2023-01-09-22,AVDL,0.30078057426554083,-1.126824262940712,81
2023-01-09-22,SMDDL,0.34294035246592136,0.5989024348878931,81
2023-01-09-22,IL2DL,0.2970449032392498,-1.2797365290758551,81
2023-01-09-22,RIH,0.3344967455669574,0.2532801742048336,81
2023-01-09-22,RMEV,0.3542184126240082,1.0605474042239014,81
2023-01-09-22,AVER,0.3533241373610512,1.023942024348382,81
2023-01-09-22,CEPDR,0.2909282222977561,-1.5301107021245126,81
2023-01-09-22,ADLL,0.3370748137627685,0.3588082700403531,81
2023-01-09-22,RIBL,0.35678292407284923,1.1655205815759613,81
2023-01-09-22,CEPDL,0.32224110083824065,-0.24838027587927128,81
2023-01-09-22,ADEL,0.29493354067965305,-1.3661609576052012,81
2023-01-09-22,SMDVL,0.3656700778982706,1.5292985538258452,81
2023-01-09-22,AVJL,0.31026704741831274,-0.7385143456028401,81
2023-01-09-22,IL2VL,0.2839341098651625,-1.8164007887368003,81
2023-01-09-22,AVJR,0.29753076191804284,-1.2598488700521344,81
2023-01-09-22,RID,0.3435399562661237,0.6234460243064767,81
2023-01-09-22,AVKR,0.3286519850842145,0.01403652449815658,81
2023-01-09-22,RMDR,0.31228803803802674,-0.6557891127535328,81
2023-01-09-22,IL2R,0.29193062245839485,-1.489079444538192,81
2023-01-09-22,URXL,0.31640707328062334,-0.4871845946353202,81
2023-01-09-22,AINR,0.33843622210459706,0.4145348137373723,81
2023-01-09-22,ASHL,0.36057875866998657,1.320895523865441,81
2023-01-09-22,AIZR,0.29977204648022676,-1.1681063426600673,81
2023-01-09-22,ADLR,0.3345972547645539,0.2573943183743109,81
2023-01-09-22,OLQVR,0.351672134643359,0.9563205776401744,81
2023-01-09-22,OLLL,0.3396745616179092,0.46522377962665595,81
2023-01-09-22,AINL,0.34660300908740765,0.7488260015308639,81
2023-01-09-22,RMEL,0.36476577452812037,1.4922826933204272,81
2023-01-09-22,RMDVR,0.3176150509212639,-0.43773843163784454,81
2023-01-09-22,URXR,0.29616077272465885,-1.3159266538469763,81
2023-01-09-22,RIVR,0.356063209940437,1.136060514513817,81
2023-01-09-22,FLPR,0.28631922237607216,-1.7187709502248727,81
2023-01-09-22,URYVR,0.31085135050015716,-0.7145970606690839,81
2023-01-09-22,ADAL,0.3035753696618638,-1.0124248700530252,81
2023-01-09-22,ASGL,0.32814468876046254,-0.006728641899259602,81
2023-01-09-22,RIMR,0.34989072735878585,0.8834022122711055,81
2023-01-09-22,AIBR,0.3606331422996475,1.3231216096191332,81
2023-01-09-22,IL1R,0.3512397644179271,0.9386223621081182,81
2023-01-09-22,RIAL,0.3180173101775539,-0.4212727487604599,81
2023-01-09-22,IL1L,0.3470869835231028,0.7686365328096576,81
2023-01-09-22,AVEL,0.35760705473100607,1.1992547315167095,81
2023-01-09-22,AVAR,0.3588439611810169,1.2498850378089956,81
2023-01-09-22,AIBL,0.34919145615483466,0.8547789358405282,81
2023-01-09-22,RMDDL,0.30150190228405294,-1.0972981346598258,81
2023-01-09-22,AIMR,0.3641531114093005,1.4672045466590005,81
2023-01-09-22,ADER,0.27608367685290713,-2.1377426557260772,81
2023-01-09-22,AWBL,0.3176365109416631,-0.4368600083699885,81
2023-01-09-22,AUAL,0.3191063761305256,-0.3766939992754246,81
2023-01-09-22,AIYL,0.3062254266800075,-0.9039500549047481,81
2023-01-09-22,AWCR,0.33780845016414385,0.38883821750200587,81
2023-01-09-22,IL2L,0.31451844850344235,-0.5644916948926081,81
2023-01-10-07,ASGR,0.32925851769317754,0.7913484543087064,82
2023-01-10-07,IL2L,0.2558850024965444,-2.0046305115912992,82
2023-01-10-07,RID,0.33966098019369645,1.1877457955982653,82
2023-01-10-07,FLPL,0.27534310192053085,-1.2631581075493352,82
2023-01-10-07,AVER,0.31147325342630056,0.11362128449958091,82
2023-01-10-07,OLQDR,0.3588090448340787,1.9174039812355146,82
2023-01-10-07,AIBL,0.3278366977084917,0.7371684309061988,82
2023-01-10-07,AUAR,0.31628960264217,0.2971535994488017,82
2023-01-10-07,OLQVR,0.3111069981236599,0.09966472102312299,82
2023-01-10-07,IL2VL,0.2844952865056276,-0.9144039893448553,82
2023-01-10-07,ASEL,0.32196416973504194,0.5133892560033394,82
2023-01-10-07,OLQDL,0.34086655740914185,1.2336856490606534,82
2023-01-10-07,AIBR,0.3323136208841778,0.9077665411047267,82
2023-01-10-07,RIVL,0.34809833998345524,1.5092607242026204,82
2023-01-10-07,RIVR,0.3425739186050329,1.298746536195638,82
2023-01-10-07,AVDR,0.2848815985027721,-0.899683143336643,82
2023-01-10-07,CEPDL,0.29599242791582175,-0.4762926972153512,82
2023-01-10-07,RIML,0.33602696862690445,1.0492677647262487,82
2023-01-10-07,RMDVL,0.3013199448138972,-0.27328177225725087,82
2023-01-10-07,URXL,0.3227547577646445,0.5435154874580724,82
2023-01-10-07,AWAR,0.3276139894637745,0.7286818868706147,82
2023-01-10-07,ADLR,0.3371772229924311,1.0930994797916689,82
2023-01-10-07,URYVL,0.3141564869989553,0.21586886810838282,82
2023-01-10-07,ADAL,0.2877783093863831,-0.789300770634925,82
2023-01-10-07,CEPDR,0.2848115957673063,-0.9023506750119805,82
2023-01-10-07,IL2DR,0.28991635656254383,-0.707828117776096,82
2023-01-10-07,AVAL,0.32468720852403443,0.6171536614151466,82
2023-01-10-07,AWAL,0.3457416784486976,1.4194575293676752,82
2023-01-10-07,IL1R,0.3381179786649431,1.1289480154021774,82
2023-01-10-07,AVDL,0.26988562437739055,-1.4711213266563856,82
2023-01-10-07,IL1L,0.2953812175634284,-0.4995835438437624,82
2023-01-10-07,ASGL,0.3335280424867784,0.9540434197237527,82
2023-01-10-07,IL2R,0.32027266871768834,0.4489327385168207,82
2023-01-10-07,AVEL,0.3258017166832952,0.6596232277466242,82
2023-01-10-07,SAADR,0.2997008925555585,-0.3349775496351842,82
2023-01-10-07,AINL,0.3050281369000732,-0.13197701063202708,82
2023-01-10-07,CEPVL,0.2696497399435534,-1.4801099639545232,82
2023-01-10-07,RMDL,0.33924094023347384,1.1717397082454575,82
2023-01-10-07,RICL,0.31178378970890525,0.1254546130784921,82
2023-01-10-07,AVL,0.3386561966264209,1.1494574062270366,82
2023-01-10-07,AVJL,0.28099616018203105,-1.047742068808328,82
2023-01-10-07,RMEL,0.3484097860386384,1.5211287206720696,82
2023-01-10-07,CEPVR,0.29106834416996297,-0.6639303556109657,82
2023-01-10-07,SMDVL,0.33508929474922794,1.0135366643171773,82
2023-01-10-07,ADER,0.2711703594529664,-1.4221650753654718,82
2023-01-10-07,ASER,0.3697728793331476,2.335193023546685,82
2023-01-10-07,AUAL,0.3098133218301746,0.05036775473256373,82
2023-01-10-07,IL1DR,0.3276243567749281,0.7290769447309443,82
2023-01-10-07,RMDDL,0.2894111839140296,-0.727078280394155,82
2023-01-10-07,RICR,0.28545856286610427,-0.8776972780059792,82
2023-01-10-07,RMER,0.325523719790914,0.6490298486288257,82
2023-01-10-07,RMDDR,0.28058303164930937,-1.0634847885704577,82
2023-01-10-07,RMDVR,0.2866803833457982,-0.8311384569903159,82
2023-01-10-07,AQR,0.28081840646648354,-1.054515570779026,82
2023-01-10-07,OLQVL,0.3138548022114133,0.20437283554078747,82
2023-01-10-07,AWBL,0.30573920751086325,-0.10488087838716059,82
2023-01-10-07,URBL,0.2667297064368263,-1.5913810710106946,82
2023-01-10-07,URYVR,0.29621896587471924,-0.4676602176843125,82
2023-01-10-07,RIH,0.28446438857695117,-0.9155813890978548,82
2023-01-10-07,RIBL,0.333307728653969,0.9456481174027298,82
2023-01-10-07,AVBR,0.3164388195760774,0.3028396757863347,82
2023-01-10-07,AWBR,0.27652653713284997,-1.2180619996106292,82
2023-01-10-07,AVJR,0.27133903839144935,-1.4157373778137772,82
2023-01-10-07,OLLR,0.326912042956731,0.7019334386925351,82
2023-01-10-07,RIR,0.3016597629636164,-0.26033262573892213,82
2023-01-10-07,URYDL,0.30829007340237435,-0.007677311699870782,82
2023-01-10-07,OLLL,0.32671241746737,0.6943264885850609,82
2023-01-10-07,AIZL,0.2965124714638704,-0.4564758625196257,82
2023-01-10-07,RMGL,0.2646116035447492,-1.6720937248611845,82
2023-01-10-07,IL2VR,0.2841102208603685,-0.929077341735699,82
2023-01-10-07,AWCR,0.2846578408582275,-0.908209675913548,82
2023-01-10-07,SMDVR,0.3304276499261135,0.8358995313953697,82
2023-01-10-07,URXR,0.27979717824411465,-1.0934306019244586,82
2023-01-10-07,AIZR,0.25577930054620385,-2.008658401341637,82
2023-01-10-07,IL2DL,0.28053886015236146,-1.0651679923263049,82
2023-01-10-07,ADEL,0.2708426043616526,-1.434654545698524,82
2023-01-10-07,IL1DL,0.30237760858323115,-0.2329783242879488,82
2023-01-10-07,SAAVR,0.3329302086913986,0.9312623015981376,82
2023-01-10-07,AVAR,0.33455234661619965,0.9930756617101321,82
2023-01-10-07,RIBR,0.3343301453646512,0.9846084372101048,82
2023-01-10-07,AWCL,0.31808738631840344,0.3656601352269564,82
2023-01-10-07,AINR,0.32025742961300774,0.44835203557473163,82
2023-01-10-14,AWAR,0.36057438185687596,-0.10809763668442124,75
2023-01-10-14,AINR,0.33538284551711206,-0.8634373080632072,75
2023-01-10-14,IL1DR,0.3814192504188858,0.5169121268014872,75
2023-01-10-14,RIAR,0.32224145619807953,-1.257466975639716,75
2023-01-10-14,AIZL,0.31866588315874633,-1.3646764815664238,75
2023-01-10-14,IL2L,0.37925577459185095,0.45204275566873114,75
2023-01-10-14,IL2DL,0.30524245464377364,-1.7671627748407117,75
2023-01-10-14,CEPDR,0.3208600494008202,-1.2988868931155422,75
2023-01-10-14,AVEL,0.40288636600750743,1.160579262281635,75
2023-01-10-14,RIH,0.3925478789652997,0.8505914433692684,75
2023-01-10-14,ADLL,0.3770464938107877,0.38579997489328033,75
2023-01-10-14,URYDR,0.32986758875929134,-1.0288060323377257,75
2023-01-10-14,OLQVL,0.37765194240568406,0.403953664947662,75
2023-01-10-14,IL1L,0.37759507840429696,0.40224866230146694,75
2023-01-10-14,IL2VR,0.32750691721188685,-1.0995880936935942,75
2023-01-10-14,RMDL,0.39920179207912243,1.0501014882109785,75
2023-01-10-14,AIBL,0.3867524798685123,0.6768229685038991,75
2023-01-10-14,ADAR,0.3270546886483297,-1.113147654729424,75
2023-01-10-14,AVAL,0.41371789365136935,1.4853503449460428,75
2023-01-10-14,RMDVL,0.3477860906255653,-0.49154005821340224,75
2023-01-10-14,IL2VL,0.31594304190654315,-1.4463177911283727,75
2023-01-10-14,OLQDL,0.4079816723953076,1.313356250577509,75
2023-01-10-14,ASGL,0.38607170341524744,0.6564106579740397,75
2023-01-10-14,RMDVR,0.28495558137756755,-2.375441681673863,75
2023-01-10-14,IL1R,0.40759217938285136,1.3016777439527012,75
2023-01-10-14,OLQDR,0.3631647991360409,-0.03042690989790635,75
2023-01-10-14,AIYR,0.35490988924796096,-0.27794102884751765,75
2023-01-10-14,IL2DR,0.3296273051211915,-1.0360106649489398,75
2023-01-10-14,URYVL,0.3740392230559985,0.29563036899735096,75
2023-01-10-14,AWBL,0.3697688002301004,0.167586579588968,75
2023-01-10-14,ADEL,0.3292536431770552,-1.0472144949291367,75
2023-01-10-14,CEPVR,0.3580956150476396,-0.18242065064676802,75
2023-01-10-14,OLLL,0.37158347513926354,0.221997550442819,75
2023-01-10-14,ASIR,0.38296190581659956,0.5631669008432175,75
2023-01-10-14,AVER,0.37552220983483886,0.34009604711560937,75
2023-01-10-14,CEPVL,0.3177600959484821,-1.391835484674152,75
2023-01-10-14,URADL,0.3405126462956522,-0.7096260445482856,75
2023-01-10-14,AWAL,0.37156504958166553,0.2214450809771483,75
2023-01-10-14,BAGL,0.4299714929661976,1.9726961026482457,75
2023-01-10-14,IL2R,0.40549491959870654,1.2387937858333473,75
2023-01-10-14,ADER,0.3026858914774776,-1.8438184244146139,75
2023-01-10-14,RIBL,0.4127715255980956,1.4569745712448239,75
2023-01-10-14,RMDDL,0.3857816900009992,0.6477149343762726,75
2023-01-10-14,AVJL,0.3307502194333027,-1.0023413517297302,75
2023-01-10-14,RMER,0.40675875286391416,1.2766883941789555,75
2023-01-10-14,AVJR,0.32310869451563956,-1.2314638173980772,75
2023-01-10-14,AVAR,0.40774709406674636,1.3063226852078442,75
2023-01-10-14,RID,0.4185396944577551,1.6299265783058337,75
2023-01-10-14,URYDL,0.36276991591995306,-0.042267035670702814,75
2023-01-10-14,RMEL,0.39594214785218307,0.9523647497294218,75
2023-01-10-14,FLPL,0.32040355560703776,-1.312574342246535,75
2023-01-10-14,AQR,0.32980936967054986,-1.0305516657427258,75
2023-01-10-14,AIZR,0.3122888366566586,-1.5558849947864375,75
2023-01-10-14,OLLR,0.3575131540879672,-0.19988508250737955,75
2023-01-10-14,IL1DL,0.3739646516572302,0.29339443010580313,75
2023-01-10-14,CEPDL,0.34697801038495635,-0.5157694285525908,75
2023-01-10-14,AVBL,0.3902398552066734,0.7813879663021157,75
2023-01-10-14,AIML,0.4045971755691146,1.211875948383955,75
2023-01-10-14,SMDVL,0.38177897542449074,0.527698073472452,75
2023-01-10-14,AINL,0.3740908901171262,0.29717954727877627,75
2023-01-10-14,AIMR,0.3824623359546075,0.5481878646185706,75
2023-01-10-14,URXL,0.38771497138757294,0.7056821860564457,75
2023-01-10-14,RICR,0.33950916574060136,-0.7397142718983054,75
2023-01-10-14,ASER,0.36555090335442786,0.041117721278361344,75
2023-01-10-14,AIBR,0.39943373886738726,1.0570561498267836,75
2023-01-10-14,RIVR,0.39873943425647146,1.0362382128191818,75
2023-01-10-14,RICL,0.3835644991004214,0.581234977630523,75
2023-01-10-14,AWCL,0.38703426318325634,0.685271921893964,75
2023-01-10-14,URYVR,0.33828875689575344,-0.7763068482057746,75
2023-01-10-14,RIVL,0.38719085788974733,0.6899672367229311,75
2023-01-10-14,RMDDR,0.3493966432423353,-0.4432494629959489,75
2023-01-10-14,SMDVR,0.377269271383193,0.3924797079616271,75
2023-01-10-14,AWBR,0.33450504815060517,-0.8897570674225402,75
2023-01-10-14,URXR,0.3773328429770691,0.3943858301679018,75
2023-01-10-14,FLPR,0.30692275093124144,-1.7167809946873693,75
2023-01-13-07,CEPDL,0.3531517390876899,-0.024284532364372675,66
2023-01-13-07,FLPL,0.32811363681946204,-1.1929275817350427,66
2023-01-13-07,URAVL,0.30913443646580835,-2.078773894618587,66
2023-01-13-07,AIBR,0.3746380715242055,0.9785811317105256,66
2023-01-13-07,RMDVL,0.3636875186476129,0.46746861332149964,66
2023-01-13-07,RIVL,0.37471596493123904,0.9822167742103605,66
2023-01-13-07,URYDR,0.3522624506512847,-0.06579170167605788,66
2023-01-13-07,RICR,0.33325101916649336,-0.9531423892511769,66
2023-01-13-07,AWAL,0.3554404880881337,0.08254187893744852,66
2023-01-13-07,AIBL,0.37636693479669736,1.059275108636792,66
2023-01-13-07,ASGR,0.358272298957542,0.21471547796718474,66
2023-01-13-07,AVJR,0.3426459675480912,-0.5146370661347847,66
2023-01-13-07,AINR,0.34307976367276816,-0.49438981174957586,66
2023-01-13-07,URADL,0.3095691658968727,-2.0584830785444423,66
2023-01-13-07,SAADR,0.35243997536018223,-0.05750580944180824,66
2023-01-13-07,SAAVR,0.33035958501473134,-1.0880988802811509,66
2023-01-13-07,AWBR,0.3519116649555931,-0.08216447868195814,66
2023-01-13-07,IL2L,0.31861017936248126,-1.636497520986534,66
2023-01-13-07,IL2R,0.35815567979439916,0.2092723268461344,66
2023-01-13-07,AIZR,0.32182117676389943,-1.4866255476830148,66
2023-01-13-07,SAAVL,0.3581283954636106,0.20799884201125274,66
2023-01-13-07,RMDDR,0.38177823391335114,1.3118452528512672,66
2023-01-13-07,RMDVR,0.34109052302595755,-0.5872367947404067,66
2023-01-13-07,AVEL,0.334100170759638,-0.9135085904688401,66
2023-01-13-07,AUAL,0.33963320914944795,-0.6552563161198486,66
2023-01-13-07,RIVR,0.39472923903888235,1.9163280511151635,66
2023-01-13-07,SMDDR,0.38054618763181935,1.2543400031326348,66
2023-01-13-07,ASER,0.36120677989574806,0.35168115991892596,66
2023-01-13-07,CEPVL,0.36094943350811387,0.33966962390203764,66
2023-01-13-07,RMEL,0.38343240571620885,1.3890530363791613,66
2023-01-13-07,URBR,0.3663709919671204,0.5927186186700907,66
2023-01-13-07,ASIR,0.37826820089639845,1.1480159160916465,66
2023-01-13-07,ADER,0.3315389005921603,-1.0330548143286855,66
2023-01-13-07,IL1VR,0.37293376950660534,0.8990335411799044,66
2023-01-13-07,OLLR,0.36472273391175214,0.5157868568560317,66
2023-01-13-07,ADAL,0.34247532943806713,-0.5226015292199282,66
2023-01-13-07,ADLR,0.36137971345428826,0.3597527621124913,66
2023-01-13-07,RMDL,0.385494153867662,1.485284277107259,66
2023-01-13-07,ADEL,0.3398771474886087,-0.6438705952101217,66
2023-01-13-07,RMER,0.3751138987872078,1.0007901720623724,66
2023-01-13-07,SMDDL,0.36648114515349833,0.5978599730046775,66
2023-01-13-07,AVAL,0.3776935091298998,1.1211924160014881,66
2023-01-13-07,IL1DR,0.3721919810523034,0.8644108724194439,66
2023-01-13-07,IL1R,0.3684912655990182,0.6916815119491668,66
2023-01-13-07,AIZL,0.3489059011890401,-0.22245725711228742,66
2023-01-13-07,URYVR,0.3370730238165793,-0.7747519057737953,66
2023-01-13-07,ASEL,0.357747533642893,0.19022227433116007,66
2023-01-13-07,URBL,0.3645590566602133,0.5081472889566042,66
2023-01-13-07,AWBL,0.34638801353136467,-0.33997862030172027,66
2023-01-13-07,RICL,0.34047508756314104,-0.615961989974927,66
2023-01-13-07,RMGL,0.34985856561494105,-0.1779920397493634,66
2023-01-13-07,AWAR,0.3421219851418609,-0.5390937278447501,66
2023-01-13-07,RIAL,0.3595500259079155,0.2743528539772039,66
2023-01-13-07,SAADL,0.3434023389322978,-0.47933374516314575,66
2023-01-13-07,AVAR,0.3727251360111527,0.8892956592224517,66
2023-01-13-07,AUAR,0.3263363392257852,-1.275882210534898,66
2023-01-13-07,AWCL,0.387065763017434,1.5586384830104365,66
2023-01-13-07,AVDL,0.32760885826797465,-1.2164879114815865,66
2023-01-13-07,URYVL,0.35567347257439247,0.0934163333014674,66
2023-01-13-07,IL2VR,0.3656629004935126,0.5596687425219089,66
2023-01-13-07,ASGL,0.36993169615441474,0.758913011310898,66
2023-01-13-07,AVJL,0.30530267269399847,-2.257619881058953,66
2023-01-13-07,RMEV,0.399666880329165,2.1467904125336927,66
2023-01-13-07,SMDVR,0.35409531883606676,0.019756661439155325,66
2023-01-13-07,RMDDL,0.32378658519020703,-1.394890923709794,66
2023-01-13-07,FLPR,0.31816202858040543,-1.6574147730582909,66
2023-01-16-01,OLLR,0.3247582489317753,0.171962741370163,67
2023-01-16-01,AVAR,0.34124270424056685,0.7993218893640909,67
2023-01-16-01,IL1VR,0.36165086207071384,1.5760078197519964,67
2023-01-16-01,AWBR,0.29275138581096216,-1.0461423158665513,67
2023-01-16-01,AVDL,0.28066537188839175,-1.5061072498042056,67
2023-01-16-01,OLQDL,0.35031541059715376,1.144607506828919,67
2023-01-16-01,RIVL,0.35829116208665,1.4481456320099857,67
2023-01-16-01,URYDR,0.3288490790157717,0.3276500011557613,67
2023-01-16-01,URBL,0.2969854963151809,-0.8850021441908675,67
2023-01-16-01,OLQDR,0.3142517516340496,-0.22788954793091956,67
2023-01-16-01,URBR,0.3363655675808511,0.6137096721464924,67
2023-01-16-01,IL1R,0.3630144158393845,1.6279014319176894,67
2023-01-16-01,RMEL,0.36470398210783755,1.6922023041515868,67
2023-01-16-01,AWCL,0.346228641940379,0.9890748153001229,67
2023-01-16-01,AIBR,0.35024171612961225,1.141802870733721,67
2023-01-16-01,OLLL,0.32276706238409764,0.09618291894668239,67
2023-01-16-01,IL2R,0.3381191531360901,0.6804469661159481,67
2023-01-16-01,SMDDR,0.31152007391285497,-0.33185070258603805,67
2023-01-16-01,AWBL,0.3334660686651818,0.5033616421225043,67
2023-01-16-01,IL2DL,0.31802833789930984,-0.0841616602138389,67
2023-01-16-01,URXL,0.3375797888751138,0.6599200456392982,67
2023-01-16-01,AIZL,0.287489033298173,-1.2464149319175293,67
2023-01-16-01,SMDVR,0.3308534828242788,0.40393284107890653,67
2023-01-16-01,SMDDL,0.2999321809176034,-0.772858339196797,67
2023-01-16-01,AUAL,0.31707451955906096,-0.12046171684721675,67
2023-01-16-01,URYVL,0.3357521824821539,0.5903656947021396,67
2023-01-16-01,ADEL,0.29420672079404697,-0.9907557290530391,67
2023-01-16-01,OLQVL,0.362971930504891,1.6262845411711784,67
2023-01-16-01,CEPDR,0.30129092563786913,-0.7211477479713437,67
2023-01-16-01,RMDVR,0.3034221077226278,-0.6400400284944952,67
2023-01-16-01,CEPDL,0.292862617609657,-1.0419090982593064,67
2023-01-16-01,OLQVR,0.351739088122309,1.1987892861154408,67
2023-01-16-01,RIAL,0.32750640901088074,0.27655117535129803,67
2023-01-16-01,CEPVR,0.3189474488608237,-0.04918248383670381,67
2023-01-16-01,AVDR,0.288898552962385,-1.1927719671330566,67
2023-01-16-01,AWCR,0.27160221511291194,-1.8510294329331807,67
2023-01-16-01,URYVR,0.3370978109760354,0.641577113558524,67
2023-01-16-01,FLPL,0.3039014744410217,-0.6217964717378532,67
2023-01-16-01,AVAL,0.34053003019818423,0.7721992109588117,67
2023-01-16-01,IL1DR,0.2962543312032819,-0.9128285487065945,67
2023-01-16-01,RMER,0.35107864664126576,1.1736544547190921,67
2023-01-16-01,IL2L,0.2781280175744392,-1.6026729179285877,67
2023-01-16-01,RICR,0.28644581484834986,-1.2861173440138236,67
2023-01-16-01,AWAL,0.3418752652811697,0.823395657532524,67
2023-01-16-01,AINL,0.3296916779747575,0.35971731275980234,67
2023-01-16-01,IL2DR,0.310789925276854,-0.3596384224475608,67
2023-01-16-01,ADAL,0.3095807981555337,-0.40565492383862034,67
2023-01-16-01,URADL,0.2965409774910802,-0.9019194730034451,67
2023-01-16-01,ALA,0.3196599685464729,-0.022065679881442615,67
2023-01-16-01,ASER,0.3466561802933446,1.0053459077825164,67
2023-01-16-01,AIZR,0.3014857706793971,-0.7137324092808004,67
2023-01-16-01,IL1L,0.3345689527949992,0.545334788038297,67
2023-01-16-01,SAAVL,0.2842525582844468,-1.3695874704746285,67
2023-01-16-01,RICL,0.2577405339158731,-2.3785720385356734,67
2023-01-16-01,AINR,0.30749551222514093,-0.4850159448798929,67
2023-01-16-01,RID,0.3510203290980712,1.1714350277786014,67
2023-01-16-01,ASGR,0.32860853326195977,0.31849540209026894,67
2023-01-16-01,AVJL,0.2883159316274722,-1.2149451489232381,67
2023-01-16-01,RIAR,0.2880204075580937,-1.226192091870641,67
2023-01-16-01,AIBL,0.3612073885809332,1.5591302738765018,67
2023-01-16-01,RMDDL,0.31751743329048226,-0.1036054740430589,67
2023-01-16-01,AVJR,0.28969243584045595,-1.1625586736596623,67
2023-01-16-01,SMDVL,0.3507437708556129,1.1609098790788577,67
2023-01-16-01,ASEL,0.3296972930143883,0.3599310078084255,67
2023-01-16-01,RIVR,0.35396330825319816,1.2834378122648848,67
2023-01-16-01,RMDVL,0.29048710092242414,-1.1323156113670185,67
2023-01-16-01,CEPVL,0.3166703906026708,-0.13584190339334884,67
2023-01-16-08,SAADR,0.36780790832825944,0.3596308605829927,71
2023-01-16-08,RIAR,0.33243623043443915,-1.0219047982549883,71
2023-01-16-08,RMER,0.36198199548398324,0.13208422386955765,71
2023-01-16-08,CEPDR,0.33135084412417654,-1.0642974689036249,71
2023-01-16-08,AWCR,0.36486712282731754,0.24477060298535258,71
2023-01-16-08,RMGL,0.3325342096453431,-1.018077957637053,71
2023-01-16-08,AWCL,0.3690508847168054,0.40817863400286586,71
2023-01-16-08,RIS,0.3843117842394122,1.0042339565610374,71
2023-01-16-08,ASGR,0.37006387780696876,0.447743793462311,71
2023-01-16-08,AIBL,0.3956697704094222,1.4478505402458859,71
2023-01-16-08,URYDL,0.339134277507014,-0.7602946223646833,71
2023-01-16-08,OLQVR,0.3842946391105438,1.003564307612571,71
2023-01-16-08,RIH,0.39418802696955835,1.389977079858563,71
2023-01-16-08,AVHL,0.3007335563473417,-2.2601376822962584,71
2023-01-16-08,IL1VL,0.39646995841098,1.4791040267568982,71
2023-01-16-08,AVJR,0.33369765015686753,-0.9726366710112767,71
2023-01-16-08,IL2R,0.36259598183892144,0.15606510614303531,71
2023-01-16-08,SMDDL,0.3621003912221086,0.1367084866643731,71
2023-01-16-08,SMDDR,0.3434756794546036,-0.5907295364802069,71
2023-01-16-08,AWAL,0.3909595986615692,1.2638821616904825,71
2023-01-16-08,BAGL,0.3852519715768261,1.0409554922632547,71
2023-01-16-08,ADLL,0.3557771482938693,-0.11026270907819175,71
2023-01-16-08,ASGL,0.38104015543031616,0.8764517270661376,71
2023-01-16-08,AVEL,0.3649208484351923,0.24686900055909866,71
2023-01-16-08,SAADL,0.3745557603330785,0.6231863015548111,71
2023-01-16-08,SMDVR,0.398792866425795,1.5698314235261686,71
2023-01-16-08,RICL,0.30433813621360123,-2.1193511571188095,71
2023-01-16-08,AQR,0.3774411198277855,0.7358817479645177,71
2023-01-16-08,SAAVL,0.3503116202380228,-0.32373355222557154,71
2023-01-16-08,AWBL,0.3388206617835794,-0.772543724779271,71
2023-01-16-08,URYVL,0.36060900461751805,0.07845838663971232,71
2023-01-16-08,ASEL,0.40054501369642126,1.6382662300731532,71
2023-01-16-08,AIZR,0.32590899532591777,-1.2768434551971553,71
2023-01-16-08,CEPDL,0.34534428236921116,-0.5177462427137007,71
2023-01-16-08,RMDL,0.3699803269194823,0.44448048967625364,71
2023-01-16-08,URBL,0.3565703391306576,-0.07928251558621074,71
2023-01-16-08,AUAL,0.37544252962457736,0.6578214523397324,71
2023-01-16-08,AVAL,0.37460828107117167,0.6252376397107782,71
2023-01-16-08,OLQVL,0.3909756052565802,1.264507342148437,71
2023-01-16-08,IL2DR,0.3402877450073264,-0.7152428584145583,71
2023-01-16-08,AVDL,0.329732663203742,-1.1274998606799602,71
2023-01-16-08,OLQDR,0.33929222601703574,-0.7541255200814849,71
2023-01-16-08,FLPL,0.31590648444202873,-1.667518319575641,71
2023-01-16-08,AVER,0.378283449664918,0.7687811967832873,71
2023-01-16-08,ADEL,0.319523386865931,-1.5262505038910612,71
2023-01-16-08,RMDR,0.3625487631908158,0.15422085531852295,71
2023-01-16-08,IL2DL,0.3371277875735021,-0.8386634631238739,71
2023-01-16-08,RID,0.3838295054631873,0.9853972666857211,71
2023-01-16-08,AIBR,0.3704882585364355,0.4643191199832065,71
2023-01-16-08,AINL,0.37422027401564,0.6100829844889696,71
2023-01-16-08,CEPVR,0.34043750514419835,-0.7093935749855352,71
2023-01-16-08,IL1L,0.3891670791454997,1.1938705089199566,71
2023-01-16-08,RIVR,0.3663602666065489,0.30308933417397527,71
2023-01-16-08,AIZL,0.32853509200581354,-1.1742742127166936,71
2023-01-16-08,URXL,0.3742872219776941,0.6126978165345937,71
2023-01-16-08,IL2L,0.3369169590481074,-0.8468979360998887,71
2023-01-16-08,IL1DL,0.345821449957011,-0.49910918399779763,71
2023-01-16-08,RMDDR,0.3234225623461755,-1.3739577576381163,71
2023-01-16-08,AWBR,0.3150947903783941,-1.6992212061716498,71
2023-01-16-08,IL1DR,0.3465875099884577,-0.4691886568056418,71
2023-01-16-08,RIVL,0.3960359751914096,1.4621536492550564,71
2023-01-16-08,URYDR,0.3331388852519582,-0.9944607315875594,71
2023-01-16-08,AVJL,0.33634383029398435,-0.8692830152952623,71
2023-01-16-08,OLQDL,0.3937070707536178,1.3711920461189648,71
2023-01-16-08,AVBL,0.35741424770511004,-0.046321404951171985,71
2023-01-16-08,AWAR,0.3055270083881811,-2.0729165687480586,71
2023-01-16-08,SMDVL,0.3875672426630972,1.1313846083250323,71
2023-01-16-08,ADAL,0.3699971694130027,0.4451383183902898,71
2023-01-16-08,AVAR,0.37542282363675994,0.6570517821831706,71
2023-01-16-08,RMDDL,0.3605376547497512,0.07567162637153435,71
2023-01-16-08,RIBL,0.3780938209937823,0.7613747409205361,71
2023-01-16-15,URYDL,0.3087939463529952,-0.2448058765349335,70
2023-01-16-15,OLQDR,0.3093252197942513,-0.22782151193664374,70
2023-01-16-15,AWAL,0.34897683337915925,1.0398071887269074,70
2023-01-16-15,CEPDL,0.3302295431533205,0.44047210494641553,70
2023-01-16-15,CEPVR,0.252327737627728,-2.0499830263760987,70
2023-01-16-15,IL2DL,0.2667366876714952,-1.5893410254447993,70
2023-01-16-15,OLLL,0.292302966167547,-0.772008628079568,70
2023-01-16-15,AWCL,0.28017569481759674,-1.159707282284725,70
2023-01-16-15,IL1R,0.3296368856778486,0.4215253444580377,70
2023-01-16-15,AUAR,0.34605891950111733,0.9465239388548707,70
2023-01-16-15,AWBL,0.3232597454772705,0.2176535416347352,70
2023-01-16-15,AVDL,0.2810798452206572,-1.1308023551704296,70
2023-01-16-15,CEPVL,0.307539697543684,-0.2849031549231476,70
2023-01-16-15,RIVL,0.3564743145403469,1.2794953487624208,70
2023-01-16-15,AVJR,0.27740174494598113,-1.2483881240853294,70
2023-01-16-15,RIR,0.34279015277562036,0.8420242188588326,70
2023-01-16-15,RIVR,0.3481176128282204,1.0123386311551523,70
2023-01-16-15,IL2DR,0.29295432377086883,-0.751185273927835,70
2023-01-16-15,CEPDR,0.2853297882386482,-0.9949352552287378,70
2023-01-16-15,URYVL,0.3164291592232595,-0.0007145497268206923,70
2023-01-16-15,RICL,0.29437713172437363,-0.7056993016222455,70
2023-01-16-15,RICR,0.30660051676283845,-0.31492797372054826,70
2023-01-16-15,OLQVL,0.33732213982113346,0.6672164486311437,70
2023-01-16-15,URBR,0.2885578488434838,-0.8917368756367298,70
2023-01-16-15,URXR,0.3427348511202987,0.8402562715007813,70
2023-01-16-15,RIBL,0.3642789397657463,1.5290026459233272,70
2023-01-16-15,SMDDR,0.3337094175809691,0.5517207604329486,70
2023-01-16-15,IL1VL,0.27949236090830887,-1.1815528920149587,70
2023-01-16-15,AIBL,0.3548708919551567,1.2282352787547564,70
2023-01-16-15,AVDR,0.27745617680615314,-1.2466479833458664,70
2023-01-16-15,AVAL,0.3663134931838489,1.594045605658051,70
2023-01-16-15,FLPL,0.2933241985695545,-0.7393606880389882,70
2023-01-16-15,URXL,0.35969212904651415,1.3823661692069553,70
2023-01-16-15,OLQVR,0.299025000603361,-0.5571108469479107,70
2023-01-16-15,AUAL,0.3424775547186222,0.8320307221761811,70
2023-01-16-15,AWAR,0.3210226831571433,0.1461365428096082,70
2023-01-16-15,RMDDL,0.3003631237866637,-0.5143321754432694,70
2023-01-16-15,AIZL,0.31000390399270183,-0.20612454954694248,70
2023-01-16-15,ASGL,0.35996299963803935,1.3910256739518958,70
2023-01-16-15,ASIR,0.342184275097054,0.822654819608598,70
2023-01-16-15,ASGR,0.3369052409272135,0.6538885420107445,70
2023-01-16-15,RIH,0.330196735749134,0.43942327985757,70
2023-01-16-15,IL1DR,0.302102254818666,-0.4587336206540684,70
2023-01-16-15,AIBR,0.3693872389290537,1.6923106691168313,70
2023-01-16-15,SAAVL,0.2923701894071777,-0.7698595577088252,70
2023-01-16-15,RMER,0.36053580131916835,1.4093376614132034,70
2023-01-16-15,FLPR,0.28336005067219183,-1.0579061067596225,70
2023-01-16-15,AVER,0.35438409748735605,1.2126728694876792,70
2023-01-16-15,URBL,0.3201380220179555,0.1178546710518602,70
2023-01-16-15,RID,0.36806667248406166,1.6500932717536567,70
2023-01-16-15,AINL,0.32907010790845403,0.4034059363829,70
2023-01-16-15,AWBR,0.2876791162864092,-0.919829215616034,70
2023-01-16-15,SMDVL,0.32662117227152565,0.3251155260115612,70
2023-01-16-15,IL1L,0.3283614356218916,0.38075028006546424,70
2023-01-16-15,AIZR,0.30392082409462945,-0.4005954920904014,70
2023-01-16-15,RMEL,0.35868449935888275,1.350153096491842,70
2023-01-16-15,IL1VR,0.2992609914485661,-0.5495664183249684,70
2023-01-16-15,AVJL,0.28053517855280247,-1.148214889946322,70
2023-01-16-15,IL2L,0.32040631017948407,0.12643161768414865,70
2023-01-16-15,ADEL,0.25502061180082003,-1.963894106393625,70
2023-01-16-15,OLQDL,0.3417892103001258,0.810024930685273,70
2023-01-16-15,RMDVL,0.3058690609109532,-0.3383120014381725,70
2023-01-16-15,IL1DL,0.255918353407236,-1.9351940631120108,70
2023-01-16-15,IL2VR,0.2750869090702085,-1.322391478001093,70
2023-01-16-15,BAGL,0.37341588578606494,1.8211031171177174,70
2023-01-16-15,URYVR,0.3106580010461317,-0.18521361748180248,70
2023-01-16-15,AINR,0.2846767899227834,-1.0158110615790306,70
2023-01-16-15,IL2VL,0.2806685750460709,-1.1439503163729705,70
2023-01-16-15,ASEL,0.32449281826617743,0.2570738404802939,70
2023-01-16-15,OLLR,0.3223131202406166,0.187390729853183,70
2023-01-16-22,URAVR,0.30508220711854944,-0.9215960114620648,73
2023-01-16-22,AIYL,0.33769908329650067,0.2953061207003017,73
2023-01-16-22,AVDL,0.3209328966047406,-0.33022307535518247,73
2023-01-16-22,RICR,0.28384800045734226,-1.7138224411122152,73
2023-01-16-22,SMDVL,0.3753038271444258,1.6983004699535884,73
2023-01-16-22,AVJL,0.3277726759890794,-0.07503793527887526,73
2023-01-16-22,RMEV,0.35712430838829096,1.020041306956827,73
2023-01-16-22,IL1R,0.3657939283520222,1.3434959186536308,73
2023-01-16-22,CEPDL,0.29460695004138127,-1.3124170883367412,73
2023-01-16-22,IL1VR,0.33614628602483976,0.23737285019362378,73
2023-01-16-22,IL1DR,0.3341404347467966,0.16253660028010936,73
2023-01-16-22,RMDVL,0.3010049935263662,-1.073712660724851,73
2023-01-16-22,AVBL,0.35496366381490596,0.9394298782641359,73
2023-01-16-22,IL2DR,0.3134726663050452,-0.608556601490298,73
2023-01-16-22,RIVR,0.35713524369104277,1.0204492918650665,73
2023-01-16-22,RMDL,0.3334660289192893,0.13737521189457255,73
2023-01-16-22,URBL,0.2933959887116724,-1.3575968111296022,73
2023-01-16-22,ASEL,0.35786303857820756,1.047602571202295,73
2023-01-16-22,IL2VR,0.3445790017058293,0.551988806550967,73
2023-01-16-22,AWCL,0.33026721255033925,0.01803066036444862,73
2023-01-16-22,FLPL,0.30833207205624136,-0.8003468902911538,73
2023-01-16-22,RMER,0.33993755159074546,0.37882107244438507,73
2023-01-16-22,AVDR,0.2803952788389528,-1.8426399365786104,73
2023-01-16-22,AIYR,0.30694085213252,-0.8522518759877225,73
2023-01-16-22,IL2L,0.3015012038686759,-1.0551995627732498,73
2023-01-16-22,CEPDR,0.3057729113896873,-0.8958265448934202,73
2023-01-16-22,IL1L,0.3177167285122923,-0.450215001857898,73
2023-01-16-22,RICL,0.33098163749764176,0.04468512098474872,73
2023-01-16-22,AIZL,0.3053851230457344,-0.9102945295038847,73
2023-01-16-22,RIVL,0.3672316773378865,1.3971368558441537,73
2023-01-16-22,BAGL,0.3696919561857876,1.4889273314062712,73
2023-01-16-22,SAADR,0.35555913681807866,0.9616463640873807,73
2023-01-16-22,RMDVR,0.3066383588081004,-0.8635375910710045,73
2023-01-16-22,AINR,0.3283107015671793,-0.05496475385047575,73
2023-01-16-22,IL2VL,0.29592493238498835,-1.2632445214932,73
2023-01-16-22,ASIR,0.3021266255218993,-1.0318657235927053,73
2023-01-16-22,OLLR,0.3352062554386895,0.20230127502673534,73
2023-01-16-22,RIBL,0.3706167036991667,1.5234287108333915,73
2023-01-16-22,URYVR,0.3131868902857038,-0.619218611100297,73
2023-01-16-22,AUAL,0.32662160709043364,-0.11798313301594993,73
2023-01-16-22,IL1DL,0.35340898157024153,0.881426281351749,73
2023-01-16-22,SAADL,0.35992678313583454,1.1245987598842884,73
2023-01-16-22,OLQVL,0.35007490691158377,0.7570353820279258,73
2023-01-16-22,URAVL,0.28875612658237193,-1.5307052991184664,73
2023-01-16-22,RIML,0.3762744415511915,1.734513096038828,73
2023-01-16-22,OLLL,0.3358460107153591,0.2261698869684157,73
2023-01-16-22,RIS,0.3475381031208727,0.6623898394887935,73
2023-01-16-22,OLQDL,0.35860788066321847,1.075391863972973,73
2023-01-16-22,CEPVL,0.30316563264591323,-0.993101435509251,73
2023-01-16-22,AVJR,0.31270584367812154,-0.6371659656919064,73
2023-01-16-22,RMDDR,0.2908863111812019,-1.4512303007748806,73
2023-01-16-22,OLQVR,0.3081911313890575,-0.805605241749113,73
2023-01-16-22,AIBL,0.37093387639001496,1.53526209799319,73
2023-01-16-22,RIH,0.34337449427732003,0.5070498721796503,73
2023-01-16-22,ASIL,0.34716707919778905,0.6485473181933626,73
2023-01-16-22,IL1VL,0.31828978533427654,-0.42883484071928496,73
2023-01-16-22,URBR,0.3126107026335789,-0.6407155802941286,73
2023-01-16-22,RMEL,0.374287211451381,1.660371583149517,73
2023-01-16-22,AIZR,0.29360791704947586,-1.3496899826297897,73
2023-01-16-22,IL2DL,0.3046437015394491,-0.9379562039973953,73
2023-01-16-22,AWBL,0.334142640227399,0.16261888449496864,73
2023-01-16-22,URXR,0.2942107544897701,-1.327198737225448,73
2023-01-16-22,URYDL,0.335688398972435,0.22028955480626441,73
2023-01-16-22,AVHL,0.3083999130419472,-0.7978158128298108,73
2023-01-16-22,FLPR,0.28246322351514075,-1.7654870457892702,73
2023-01-16-22,AIBR,0.36021694172528207,1.1354242786812914,73
2023-01-16-22,RIMR,0.37420817569187503,1.6574228401817617,73
2023-01-16-22,ASHL,0.33411976805682836,0.16176554731507695,73
2023-01-16-22,OLQDR,0.32119575919154425,-0.32041594236666854,73
2023-01-16-22,URYDR,0.32032951653039576,-0.35273456587832724,73
2023-01-16-22,URYVL,0.34626524917442975,0.6149009667682118,73
2023-01-16-22,AUAR,0.3604016553776312,1.1423157552333927,73
2023-01-16-22,ASGL,0.35961155787231136,1.1128380292367561,73
2023-01-17-07,ADAL,0.3207487936028891,-0.8051110663184459,68
2023-01-17-07,OLQDR,0.3662116226222916,1.1060429027054333,68
2023-01-17-07,CEPVR,0.3389268843385836,-0.040945460962650976,68
2023-01-17-07,AVAR,0.3819569186011726,1.7679393476154417,68
2023-01-17-07,AVDR,0.310878761800876,-1.2200247630608752,68
2023-01-17-07,AUAL,0.3267403178196332,-0.5532410103998788,68
2023-01-17-07,ASGL,0.36088857745421726,0.882274186158625,68
2023-01-17-07,RMDVR,0.3240913473903928,-0.6645977046238364,68
2023-01-17-07,AIZL,0.3143760993894708,-1.0730046422802952,68
2023-01-17-07,RIH,0.3497005908383022,0.41195666550308463,68
2023-01-17-07,IL1DL,0.3325646395800852,-0.3083997655972413,68
2023-01-17-07,URXL,0.32426469266711144,-0.6573106633033109,68
2023-01-17-07,AIBR,0.36702445315563464,1.1402124502995643,68
2023-01-17-07,RMEL,0.3612866317892559,0.8990074853990132,68
2023-01-17-07,AVJL,0.30655630057292843,-1.4017312056629891,68
2023-01-17-07,AIZR,0.31452139870811086,-1.0668965892729279,68
2023-01-17-07,AVER,0.37493715733282323,1.4728445438169278,68
2023-01-17-07,RIAL,0.33450488909510895,-0.2268360872799118,68
2023-01-17-07,AWAL,0.35398306702047116,0.5919822276894926,68
2023-01-17-07,FLPL,0.33649923845083934,-0.1429981746590827,68
2023-01-17-07,RMER,0.34890551222326593,0.37853336819433075,68
2023-01-17-07,IL1L,0.3548052453719504,0.6265447363051456,68
2023-01-17-07,CEPVL,0.33174900682872904,-0.3426871120656038,68
2023-01-17-07,ASEL,0.3298984345133545,-0.4204809647971264,68
2023-01-17-07,CEPDR,0.33399642102900223,-0.24821092874098807,68
2023-01-17-07,ADEL,0.3258029589502448,-0.5926454461173926,68
2023-01-17-07,AIBL,0.37626723860870814,1.5287581366214344,68
2023-01-17-07,RMED,0.36109755237240104,0.8910590165998393,68
2023-01-17-07,RIVL,0.3713964071354302,1.323999455664103,68
2023-01-17-07,RICL,0.3128223957802175,-1.1383188095584462,68
2023-01-17-07,IL1R,0.355732576427453,0.6655276255258427,68
2023-01-17-07,URBR,0.3146145546609708,-1.062980524811331,68
2023-01-17-07,IL2DR,0.31672108619604844,-0.9744267284248507,68
2023-01-17-07,OLLL,0.351514503702052,0.4882094382361552,68
2023-01-17-07,RIVR,0.35780496061676836,0.7526459451328804,68
2023-01-17-07,RMDL,0.36194961271699044,0.9268776962670223,68
2023-01-17-07,IL2VR,0.31718472280678084,-0.9549364994202314,68
2023-01-17-07,OLQVL,0.3735874231629783,1.4161047880325845,68
2023-01-17-07,AINL,0.32027798342969893,-0.8249028555791891,68
2023-01-17-07,AVJR,0.33633112222000155,-0.15006539877938224,68
2023-01-17-07,URADL,0.2787159385192914,-2.572076729369017,68
2023-01-17-07,SMDDL,0.3657316382269312,1.0858654500028955,68
2023-01-17-07,IL1VR,0.3679259358458529,1.178108733011793,68
2023-01-17-07,IL2VL,0.2965647314755926,-1.821754053977163,68
2023-01-17-07,SAAVL,0.33553345643531124,-0.18359745481828027,68
2023-01-17-07,RMDDL,0.32550673531734187,-0.605098014159287,68
2023-01-17-07,ASGR,0.3456983325078702,0.24371082470862815,68
2023-01-17-07,SMDVR,0.3346490409415039,-0.22077627139686976,68
2023-01-17-07,AVDL,0.3282828510772714,-0.4883964193070449,68
2023-01-17-07,OLQDL,0.36476453287250976,1.0452105396853257,68
2023-01-17-07,OLLR,0.3584604554635343,0.7802014581771023,68
2023-01-17-07,URXR,0.314762989964201,-1.0567406421416776,68
2023-01-17-07,CEPDL,0.3060768956170859,-1.4218843000455925,68
2023-01-17-07,AWCR,0.30335921629299606,-1.536129359994497,68
2023-01-17-07,AWAR,0.34662668110485584,0.2827364890598211,68
2023-01-17-07,AVEL,0.3685693593367204,1.205156793699125,68
2023-01-17-07,URYVL,0.3563741005975327,0.6924958430854973,68
2023-01-17-07,URYVR,0.34662034655143453,0.28247019883604385,68
2023-01-17-07,URBL,0.32991207062563827,-0.4199077336393805,68
2023-01-17-07,RMDDR,0.30809328779273343,-1.3371197573913545,68
2023-01-17-07,AWBL,0.3433093909450103,0.14328515283331872,68
2023-01-17-07,RIML,0.38168109514929194,1.7563443568024721,68
2023-01-17-07,AWCL,0.3212678655612739,-0.7832904613346968,68
2023-01-17-07,RID,0.38514295710764307,1.9018731627439571,68
2023-01-17-07,IL2DL,0.31483790589428434,-1.05359134676763,68
2023-01-17-07,AUAR,0.32008132185527327,-0.8331700610440687,68
2023-01-17-07,SMDVL,0.36849257488612946,1.2019289499711516,68
2023-01-17-07,IL1VL,0.34309748333555073,0.1343770387185517,68
2023-01-17-14,SMDDL,0.3872371892478548,1.0828427448339952,87
2023-01-17-14,AVEL,0.38526729189211906,1.0055671526820533,87
2023-01-17-14,RIVL,0.36845125250422156,0.3459036440395766,87
2023-01-17-14,AUAL,0.3526371532875569,-0.27445552226881986,87
2023-01-17-14,ADER,0.32985301464491457,-1.1682370181196844,87
2023-01-17-14,URXR,0.3293594849862547,-1.187597314485604,87
2023-01-17-14,AWCR,0.34799954032979546,-0.45638088322179654,87
2023-01-17-14,ASGL,0.39045906556015364,1.2092312590112855,87
2023-01-17-14,IL1VL,0.3363208637808306,-0.9145147262083528,87
2023-01-17-14,OLQDR,0.3371380672022853,-0.882457280109635,87
2023-01-17-14,AIBL,0.380837531938342,0.8317954977669508,87
2023-01-17-14,AVJR,0.32835538765587985,-1.226986278360792,87
2023-01-17-14,ASIL,0.3775800658324686,0.7040108588804059,87
2023-01-17-14,SMDVL,0.3859700843030355,1.033136457019321,87
2023-01-17-14,ASHL,0.3868701274868371,1.0684435606042244,87
2023-01-17-14,RIML,0.3964055348067486,1.442500739223527,87
2023-01-17-14,CEPVR,0.33871143976869883,-0.8207366547221165,87
2023-01-17-14,CEPDL,0.33254343970047706,-1.0626963975875219,87
2023-01-17-14,URYVL,0.3665481079369261,0.2712466458156354,87
2023-01-17-14,AINL,0.38491618676272343,0.9917939189129781,87
2023-01-17-14,AIBR,0.38622544872314446,1.0431539519517354,87
2023-01-17-14,RICL,0.35507781350471196,-0.178712734974248,87
2023-01-17-14,RIVR,0.37759310789835304,0.7045224760777026,87
2023-01-17-14,OLQVL,0.39886273177935394,1.538892234211406,87
2023-01-17-14,IL2DL,0.3276889709962061,-1.253128626258394,87
2023-01-17-14,IL2R,0.319438246912341,-1.5767899517617423,87
2023-01-17-14,AIML,0.40221152464660365,1.6702594605582182,87
2023-01-17-14,SAAVL,0.3659958998691782,0.24958449915502282,87
2023-01-17-14,IL1L,0.37194425007704,0.4829277661538131,87
2023-01-17-14,URXL,0.31845166983088996,-1.615491627232641,87
2023-01-17-14,IL1VR,0.4045651429335742,1.7625877467482172,87
2023-01-17-14,URBL,0.34360156507156553,-0.6289056806990636,87
2023-01-17-14,RMDDR,0.33896575942475565,-0.8107601440372086,87
2023-01-17-14,AWBR,0.3601530357866611,0.02037926644319311,87
2023-01-17-14,OLQDL,0.3725557766182771,0.5069168717044805,87
2023-01-17-14,AVJL,0.3579471490033216,-0.0661537739237951,87
2023-01-17-14,FLPL,0.34289496009658366,-0.6566245451872283,87
2023-01-17-14,URBR,0.3395819937352372,-0.7865863610184389,87
2023-01-17-14,URAVL,0.3355671933029139,-0.944079887204621,87
2023-01-17-14,IL1DL,0.3398342972819782,-0.7766889387392115,87
2023-01-17-14,URYVR,0.33060004241184004,-1.1389324389369027,87
2023-01-17-14,AVER,0.3769979950022965,0.681177248822017,87
2023-01-17-14,RMER,0.39104233872802197,1.232112034652781,87
2023-01-17-14,URADR,0.33026195451867957,-1.1521950295319445,87
2023-01-17-14,ADLL,0.3450253016669097,-0.5730550100266719,87
2023-01-17-14,RID,0.3990136049585565,1.5448107224152585,87
2023-01-17-14,OLLL,0.3781905538601547,0.7279592253796822,87
2023-01-17-14,AIZR,0.3246847441632154,-1.3709791359827463,87
2023-01-17-14,RMDVL,0.3596596014066227,0.0010227076892202862,87
2023-01-17-14,AVAL,0.39521476534975,1.3957889576994333,87
2023-01-17-14,ASKR,0.35745918026722945,-0.08529592512439478,87
2023-01-17-14,RMDDL,0.3803074158944225,0.8109999821611009,87
2023-01-17-14,BAGL,0.39646734433086195,1.4449254176274955,87
2023-01-17-14,OLLR,0.3752541523360509,0.612769382665142,87
2023-01-17-14,AIZL,0.35010464467089164,-0.373801359965837,87
2023-01-17-14,URADL,0.3121583728369269,-1.8623665470758142,87
2023-01-17-14,ASKL,0.38990270241605635,1.18740611604815,87
2023-01-17-14,URYDL,0.34550061073845073,-0.5544094750948251,87
2023-01-17-14,IL2VR,0.3430045404591823,-0.6523259012079463,87
2023-01-17-14,ADEL,0.34010047924985437,-0.766247090524173,87
2023-01-17-14,RMEL,0.4055101132326465,1.799657261672023,87
2023-01-17-14,IL2L,0.34611809235268615,-0.530186762553969,87
2023-01-17-14,CEPDR,0.31212585354311356,-1.8636422215054842,87
2023-01-17-14,AVHL,0.3139661074586796,-1.7914523124113715,87
2023-01-17-14,IL2VL,0.34613579510672626,-0.5294923147964821,87
2023-01-17-14,RMDVR,0.34954481928931597,-0.3957623203869398,87
2023-01-17-14,RMDL,0.3934677834456809,1.3272579447902628,87
2023-01-17-14,RIAL,0.34298542524564096,-0.6530757572556327,87
2023-01-17-14,AVDL,0.32700444640644954,-1.2799813162536278,87
2023-01-17-14,FLPR,0.34251003690906673,-0.6717244016146585,87
2023-01-17-14,AIYL,0.31985483351529215,-1.560447995500985,87
2023-01-17-14,OLQVR,0.3601890929643171,0.021793725804024743,87
2023-01-17-14,RIMR,0.38493938797518384,0.992704061477666,87
2023-01-17-14,AIMR,0.37973069756156547,0.7883763411136896,87
2023-01-17-14,SMDVR,0.35968166596634166,0.0018882613755032932,87
2023-01-17-14,AIYR,0.37123363893511824,0.455051746816113,87
2023-01-17-14,IL1R,0.38557113448730157,1.0174863607541622,87
2023-01-17-14,AWAL,0.38693356574637844,1.070932131420807,87
2023-01-17-14,ASEL,0.39777515403952046,1.4962284813959632,87
2023-01-17-14,AVDR,0.33806765949014994,-0.8459910173901792,87
2023-01-17-14,ADAL,0.35783735430688507,-0.07046082584077465,87
2023-01-17-14,RIH,0.3631635061980942,0.13847470071647194,87
2023-01-17-14,ASGR,0.38107755034299573,0.8412109956318395,87
2023-01-17-14,AWBL,0.3719552411862796,0.4833589279462903,87
2023-01-17-14,RICR,0.34336746626451525,-0.6380889632108151,87
2023-01-17-14,IL2DR,0.35047771871827116,-0.35916632436673257,87
2023-01-17-14,URAVR,0.3333253179594215,-1.032024695189051,87
2023-01-18-01,RMDVR,0.3316591060899174,-0.8372006326732002,70
2023-01-18-01,RIVR,0.3952478328614643,1.2933007713688789,70
2023-01-18-01,IL2DL,0.3418411724355064,-0.49605672640719933,70
2023-01-18-01,ASER,0.33246959801298587,-0.8100455964312291,70
2023-01-18-01,OLLL,0.37567542036875323,0.6375390599255524,70
2023-01-18-01,RIH,0.38197246521559636,0.8485176966847682,70
2023-01-18-01,URYVL,0.39312279295916597,1.2221026089688436,70
2023-01-18-01,ASIR,0.3568118904356254,0.005528025137837234,70
2023-01-18-01,RMER,0.4072192701952789,1.694396458340649,70
2023-01-18-01,AUAL,0.34657591384290376,-0.33742211099058855,70
2023-01-18-01,CEPDL,0.361402952314435,0.15934874581351155,70
2023-01-18-01,AVAR,0.36497550215525065,0.2790448435072591,70
2023-01-18-01,FLPL,0.31792609538229594,-1.297316758278724,70
2023-01-18-01,RIS,0.3927396143834541,1.2092644451149603,70
2023-01-18-01,CEPVL,0.32047739683598897,-1.2118369632711006,70
2023-01-18-01,IL1VL,0.3980143412477078,1.3859909430460267,70
2023-01-18-01,AVJL,0.34221006221637423,-0.4836972998865318,70
2023-01-18-01,RICL,0.35850218561152525,0.06216033133950135,70
2023-01-18-01,OLQVL,0.39173512639552993,1.175609689354487,70
2023-01-18-01,IL2VR,0.3176691899918253,-1.3059242162809899,70
2023-01-18-01,ASGR,0.373670669068672,0.570371093582667,70
2023-01-18-01,AIZR,0.3029458012922474,-1.799222350860779,70
2023-01-18-01,RID,0.3901326333671369,1.1219191404113573,70
2023-01-18-01,AVEL,0.38306225920157777,0.8850305777429389,70
2023-01-18-01,URADL,0.31699852588278754,-1.328394407122819,70
2023-01-18-01,URBL,0.35134487718462415,-0.17764091059223802,70
2023-01-18-01,ASHL,0.36595563126222047,0.3118834698575522,70
2023-01-18-01,RIAL,0.3458005794394625,-0.36339921603734066,70
2023-01-18-01,RMEL,0.3559761366748099,-0.022473393529467048,70
2023-01-18-01,IL1DL,0.3630927254889056,0.21596356267650843,70
2023-01-18-01,CEPDR,0.3092658013194717,-1.5874746148206833,70
2023-01-18-01,ADAL,0.3279048420086269,-0.9629849548702767,70
2023-01-18-01,AWCR,0.3877978229701598,1.0436927458681426,70
2023-01-18-01,AIZL,0.3130250448060981,-1.4615234606928835,70
2023-01-18-01,ASGL,0.37620563491615966,0.6553035740940981,70
2023-01-18-01,AINL,0.360199560584296,0.11902984180581298,70
2023-01-18-01,ADEL,0.3368548620043868,-0.6631200081215203,70
2023-01-18-01,AINR,0.32553939099071166,-1.0422379446803538,70
2023-01-18-01,RMDL,0.36689324019553937,0.34329748379204944,70
2023-01-18-01,RICR,0.3131670167421663,-1.456766777795072,70
2023-01-18-01,IL2DR,0.34606575214866825,-0.35451476657657177,70
2023-01-18-01,IL1DR,0.3833612338336176,0.895047539957361,70
2023-01-18-01,IL1L,0.37844259453277423,0.7302515380799925,70
2023-01-18-01,IL1VR,0.40132833994092665,1.4970244426514256,70
2023-01-18-01,AVDL,0.32058699296955007,-1.2081650118375018,70
2023-01-18-01,AIBR,0.4009704278793163,1.4850328179012722,70
2023-01-18-01,RIVL,0.3681524400624208,0.38548620529293215,70
2023-01-18-01,ASEL,0.3670997998135982,0.3502181374776274,70
2023-01-18-01,AVDR,0.3120845533792769,-1.4930340508094442,70
2023-01-18-01,URBR,0.314630624111971,-1.407729507910144,70
2023-01-18-01,IL2R,0.37865922503398647,0.7375096105469746,70
2023-01-18-01,AVAL,0.383509848739825,0.9000267915073101,70
2023-01-18-01,RMGL,0.2939915491594773,-2.0992290927719828,70
2023-01-18-01,RMDDL,0.36122416630786797,0.1533586299965594,70
2023-01-18-01,RMDR,0.3782402758141005,0.7234729731348739,70
2023-01-18-01,AWCL,0.33446851839501707,-0.7430729914318257,70
2023-01-18-01,AIBL,0.3959091282976207,1.3154570705550457,70
2023-01-18-01,OLQVR,0.38360084880151996,0.9030756929250962,70
2023-01-18-01,RMDVL,0.35677802418170684,0.004393357010539654,70
2023-01-18-01,OLQDR,0.36406774377676787,0.24863095415802475,70
2023-01-18-01,AWBL,0.3758650177674604,0.6438914048246656,70
2023-01-18-01,SMDVL,0.38726421384248993,1.0258144983637594,70
2023-01-18-01,OLQDL,0.3972294848219082,1.359694808463163,70
2023-01-18-01,IL2L,0.32185892955550865,-1.16554955435283,70
2023-01-18-01,RMDDR,0.30185402577652964,-1.8358016218610007,70
2023-01-18-01,IL2VL,0.3237118691700518,-1.1034679456964391,70
2023-01-18-01,FLPR,0.32422544700666417,-1.086260834349194,70
2023-01-18-01,ADLL,0.3669223421940199,0.344272528454384,70
2023-01-18-01,URYDL,0.3740563023598995,0.5832915011787685,70
2023-01-18-01,OLLR,0.37504204214971515,0.6163181100267079,70
