node,EdgeStdFCV,FCV_raw,NetTE,NetTE_raw,n_recordings,n_rois_mean,PostDCA,PreDCA,OO_fraction,DCA,LogOutIn,n_cells,big_group
AL_R,1.1017999831319116,0.2987959385054022,0.5797275109008314,0.0017917583851590146,20,23.0,0.056154580774388875,0.14568324507683997,0.3711851594333449,-0.0004501606873249036,1.5229567847800087,2608,olfactory system
AME_L,-1.4109663844433533,0.2702316858677095,-0.03971331585740137,-0.0007179317290163311,19,1.0,0.0009690628463992255,-0.051873762785381416,0.12244518766257896,0.00938284868338836,0.06278931522201552,24,optic/lateral protocerebrum
ATL_L,-0.519659204549771,0.28064237810370746,-0.2733218448606962,-0.0021117727047938782,20,1.0,-0.025225968526103443,0.027014833296070614,0.17640359189578592,-0.006360124099418708,-0.44512203865407185,42,inferior/ventrolateral protocerebrum
ATL_R,-0.3261889824466815,0.28295703538916833,-0.23900034010822285,-0.0020502040639007973,20,1.0,-0.022857583645851446,-0.01633434169220149,0.24674230867022628,-0.007673547361276579,-0.34932080343409866,23,inferior/ventrolateral protocerebrum
AVLP_L,1.6328346151869835,0.3054406111753606,0.3317792006542977,0.002028686507216653,20,34.0,-0.005665498976547217,0.0009018143313364196,0.34735140668462433,0.0025588138708559425,0.1884407630380824,2005,optic/lateral protocerebrum
AVLP_R,1.0725406107417768,0.2990500798926605,0.004159117349128011,-0.00024905573013377016,20,28.0,-0.005106436690613591,0.00564136272315468,0.3487519979741278,0.0015292947974041781,0.1210057488712756,2172,optic/lateral protocerebrum
CRE_L,0.34269093462162964,0.2911996939308999,-0.691559114364152,-0.0025753835261803438,20,10.0,-0.0049864930875445435,-0.010358700051660105,0.2945235122547201,0.0003089837026198708,-0.10548592406005854,704,inferior/ventrolateral protocerebrum
CRE_R,0.45774582689801413,0.29262393106386875,-0.8437620101098527,-0.0024935367144621736,20,8.0,-0.02425095601054752,-0.0045961973428312024,0.23271415428978956,0.0005657400160054958,-0.1058761612485016,741,inferior/ventrolateral protocerebrum
EPA_L,-1.0747947996713942,0.2746569169373436,-0.3124092969239345,-0.002044567904823652,20,1.0,0.04462938875036893,-0.08493053570163676,0.10991735537190082,-0.03695817218683622,0.3069255775966904,11,inferior/ventrolateral protocerebrum
EPA_R,-0.8769280731410642,0.275700582788086,-0.39695279444125975,-0.0022781150662968467,20,1.0,-0.00657379717374752,-0.0036811994801928803,0.10909090909090909,0.0,0.2746754362967294,6,inferior/ventrolateral protocerebrum
IB_L,-0.4219520522595411,0.2820215609143161,0.006584430279126195,-0.0009375144074297495,20,3.0,0.028330329238535016,-0.006711058089570969,0.15092793693324766,0.006526175683855168,-0.02950383785632069,128,inferior/ventrolateral protocerebrum
IB_R,-0.28406595561488296,0.2835504942638173,-0.08195602434111886,-0.0007599654840783256,20,4.0,0.017902571758387918,-0.003054495006365537,0.19945868586028767,0.0013062811931777148,0.09874294739651615,127,inferior/ventrolateral protocerebrum
ICL_L,-0.10412838310343145,0.2856869423895558,-0.19154940095265918,-0.002359432287329747,20,8.0,0.004285002349058885,-0.008868911377059717,0.2761837283357335,0.0018436013109097025,-0.1399694055217484,566,optic/lateral protocerebrum
ICL_R,-0.10885520692029593,0.28575441131881363,-0.3778580513032752,-0.001977107536994444,20,8.0,0.002224263591846722,-0.015674451201795857,0.2650779642408256,0.0023333783589819797,-0.18639291635310784,555,optic/lateral protocerebrum
LAL_L,0.4396997499677841,0.2920373132208777,0.09801350558002955,0.0014236968833020597,20,5.0,0.015852586194945825,-0.004334679475695182,0.420132672835049,0.00444471787200784,0.30232048949159934,678,inferior/ventrolateral protocerebrum
LAL_R,0.4937769585849382,0.29279687961580825,0.19935843775001738,0.0019757303542799858,20,9.0,-0.009054463137215005,-0.0014737150766218129,0.4092528730598157,0.004686234778174885,0.1571713862616663,564,inferior/ventrolateral protocerebrum
LH_L,0.4949474512208578,0.2923999411866728,-0.32147476434782146,-0.001935531535118197,20,11.0,0.00738784211516556,-0.0059448493310113,0.1937890192518078,-0.003370112567205264,-0.19463249509698452,1973,olfactory system
LH_R,0.43100217093900434,0.2916568500030348,-0.5400036151076198,-0.0022440702043416043,20,14.0,-0.0006085538974333453,-0.0037412126841855375,0.21391143723278971,-0.0038315285602107388,-0.0905353769106835,883,olfactory system
LO_R,-0.8641622978631384,0.2783816980026678,-0.07214799977837684,-0.0003403352167912055,20,25.95,0.0041107082158664265,0.001751019029435657,0.414743417216865,0.00028372637201015357,0.5775610595212856,13874,optic/lateral protocerebrum
MB_L,0.8450483728176932,0.29667927746725176,1.8491695280100786,0.007671458902488891,20,16.0,-0.056956416710198646,0.08936745882352254,0.3863794711483893,0.0043636591433225645,-0.4104410072533796,2472,mushroom body
MB_R,1.2804103580774675,0.302939712756645,1.6859504033756,0.006914045217469857,20,16.0,-0.12521921102850772,0.07885196971920554,0.19388076201062326,0.01479737512549384,-0.5939654482888302,2148,mushroom body
ME_L,-1.3709621098174976,0.2711362580348314,-0.2287734079664039,-0.0009358804031442235,19,15.526315789473685,-0.007525464560619601,-0.06934633813583503,0.28508966025491644,0.0005390230409539235,-0.021245667922838832,36515,optic/lateral protocerebrum
ME_R,-0.7648873512860066,0.27688893324707115,-0.3460615246927115,-0.002082148635725471,19,22.263157894736842,-0.0003966732874369808,-0.004332224714713028,0.33648285666721794,2.2381801046432258e-05,-0.0404744895726129,31830,optic/lateral protocerebrum
NO,-0.4963849915069112,0.28121417251557823,-0.1823081499370853,-0.0012116817215815847,20,1.0,0.0006600283274300136,0.014670257704999828,0.030870293985014043,-0.00589634669030912,-0.6183287713935812,551,central complex
OTU_L,-0.05061591024175316,0.2871054806064492,-1.2360911743542844,-0.006102424376183492,20,4.0,-0.0015333589322050676,-0.020331519759939697,0.529275773736896,0.01673443059154703,-0.1537287344066275,601,optic/lateral protocerebrum
OTU_R,-0.06333520152780231,0.2873770471705558,-0.8555218601613429,-0.003789978009687515,20,3.0,-0.007509001944414884,-0.025846986963708993,0.4136447656275168,0.018941237220754525,0.0810809418264268,516,optic/lateral protocerebrum
PB,0.645192607197683,0.29513945872007763,0.4791798931735677,0.0012251031237668776,20,1.0,-0.009404044569384783,0.0041013617291194935,0.12919242277297324,-0.010630774528112334,0.0020218241684593985,225,central complex
PLP_L,0.36844342933727525,0.29191196608595954,0.5667451011859117,0.003795298170484733,20,13.0,-0.003964087838005637,-0.009255271541992887,0.34959308342770956,0.0003905629049024432,0.09315957601756138,2059,optic/lateral protocerebrum
PLP_R,0.2849500985973231,0.29050468129154516,-0.04287011143574223,1.5163246128513733e-05,20,14.95,-0.02106792448025762,-0.015353608084032426,0.3819252443430352,0.0008509111053925965,-0.08541207728709604,1281,optic/lateral protocerebrum
PVLP_L,0.2930105331063104,0.28909505307111416,-0.011212724715544542,-2.0580911573657693e-05,20,11.0,0.009317829304169415,-0.03154590914088074,0.46906856168504224,0.009306012744395742,-0.04340327851824624,1481,optic/lateral protocerebrum
PVLP_R,0.11778951779038227,0.2874181662288809,0.06993211094222082,0.00014971537951219107,20,17.0,0.00940694485669298,-0.016610659097088868,0.5387473556838729,0.011833690889078785,0.17201164164990992,779,optic/lateral protocerebrum
SIP_L,0.15093883755470644,0.28888236114577565,-0.5433069708885103,-0.002032612462045864,20,7.0,0.010544627094206095,0.002419202341018956,0.22468035426220095,0.004623004697077775,-0.013382059769122342,390,superior protocerebrum
SIP_R,0.3441416109096904,0.2900830359489654,-0.3513623332392207,-0.0017622688307455821,20,6.0,-0.026860709363876682,-0.003300299164410453,0.20658373113315437,0.0005801079887404457,0.17674458765071002,204,superior protocerebrum
SLP_R,0.6664468040176662,0.29248675756446013,0.1788489843805033,0.000533222315877641,20,22.0,0.003032188244531042,0.010446043148162975,0.29773257924641805,0.001557485254822254,0.011022061303794899,2109,superior protocerebrum
SMP_L,0.4981025441101804,0.292730202205053,0.6122500865137844,0.004481490914463723,20,22.0,0.011035003700357471,-0.002902292351306564,0.35428493137920775,0.0031532077074873112,0.06277120246587384,2354,superior protocerebrum
SMP_R,0.5561460857546396,0.29321006092189983,0.8685150659695889,0.004839281382700868,20,21.0,0.0035258651882899357,-0.0068449964586859025,0.33495056531927614,0.0024713036258836247,0.04972845063433165,2223,superior protocerebrum
SPS_L,0.39015370895161644,0.2918067739177956,0.39183982335854906,0.0024671222436964024,20,15.0,-0.0036950516419438496,-0.00397186975823459,0.434056145794664,0.003125166345886857,0.06363376166923086,1212,superior protocerebrum
SPS_R,0.3687415820495703,0.29091991867178035,0.1750949330748462,0.0007487365207685785,20,12.0,-0.003804817920728539,0.0005749492867045017,0.4217757249101971,0.002592490418520893,0.00868847763696074,1338,superior protocerebrum
VES_L,0.5288246271017758,0.29372738979272384,0.42453996948849443,0.002880946359389555,20,6.0,0.005556477753682605,-0.0003174273215518673,0.40078493198798293,0.004903276535505631,0.5628716105110683,590,inferior/ventrolateral protocerebrum
VES_R,0.52496811281809,0.2932264131550648,0.5120353066851676,0.002873989705907163,20,6.0,-0.002718082978190626,0.0012867964997239378,0.37671549102273283,0.005919670463240947,0.52009075589155,515,inferior/ventrolateral protocerebrum
WED_R,-0.8475651159819598,0.2791598577287774,-0.17658411067365865,-0.0006211152365773069,20,1.0,0.0018852715074512546,0.006020152274199405,0.32775072552998974,0.00114411187717683,0.5129410357209376,789,optic/lateral protocerebrum
