legacy_order,root_area_id,node,anatomy_group,spont_FCV,spont_FCS,Hard_OO_fraction,FU_DCApost,FU_DCApre,Reciprocity,LogOutIn,stim_FCV,stim_FCS,stim_FCV_condition_sd,EdgeStdFCV,FCS,ConditionFCVSD,Hard_OO_fraction_raw,FU_DCApost_raw,FU_DCApre_raw,Reciprocity_raw,LogOutIn_raw
1,20,OB,Tel,0.3671760353642188,0.0833043079923186,-1.561257264951644,0.8974232672861873,0.36548305800973113,0.9650884626631133,-2.0023890653759024,1.691951513380879,-1.3759328869103296,0.4545721689839823,3.3574528977817244,-2.577444801568207,1.4143156489958821,-1.561257264951644,0.8974232672861873,0.3654830580097312,0.9650884626631132,-2.0023890653759024
2,1,Cb,Hind,0.3153132765626386,0.2262519161361767,0.4009870063380636,-0.167792375524868,0.5440933670107625,-0.035613856735361674,0.4291790033429822,-0.3263402219758389,0.3604586963175222,0.4482997707569542,-0.7010440360363169,0.27652231926715104,1.3664042273133847,0.4009870063380636,-0.1677923755248679,0.5440933670107625,-0.0356138567353618,0.4291790033429822
3,16,Hb,Di,0.3425851700633502,0.1180135920848578,0.3119198438538805,1.3080710427484366,-0.8235543892199565,-0.3929204446303169,-0.2089506637927028,0.2044177947917544,0.000259115185796,0.4138367046321608,0.3662346660042008,-0.31550874758334946,1.1031597020436443,0.3119198438538805,1.3080710427484363,-0.8235543892199565,-0.392920444630317,-0.2089506637927028
4,0,MON,Hind,0.3147048627913153,0.0971855877209634,1.5412075932405294,0.5981636839985248,-1.12632908001414,-2.001207885212724,2.2344848474851995,0.6172532944311337,-1.705063075769203,0.376679612613395,1.196387998203983,-3.1184096084416675,0.8193369854732476,1.5412075932405294,0.5981636839985248,-1.12632908001414,-2.001207885212724,2.2344848474851995
5,2,MOS1,Hind,0.3295841016803318,0.2729747074607673,-0.19239978259432983,-0.1543137106082949,1.513572116730038,1.0529188970961338,-0.2665328079828212,-0.6279474194781562,0.853690814804281,0.3655573651083213,-1.3075331103545358,1.0872082628631257,0.7343802159912859,-0.1923997825943298,-0.1543137106082948,1.513572116730038,1.0529188970961336,-0.2665328079828212
6,3,MOS2,Hind,0.3184847973253438,0.2857452166579226,-1.2222775012267464,0.2693434525143494,0.34299223554831104,0.5708594191051353,-0.6680054137583284,-0.4745396646854698,0.6116080368201483,0.0865190288719537,-0.9990519866680302,0.689316280685428,-1.3970411174621427,-1.2222775012267464,0.2693434525143494,0.3429922355483111,0.5708594191051352,-0.6680054137583284
7,4,MOS3,Hind,0.3427450380559997,0.2685684341159535,0.24152183038648928,-1.578239333214641,0.25693131133405817,0.09988880183705262,0.5290382595017986,-0.5150159087544575,0.5478017032658334,0.5232234865202295,-1.0804439428301176,0.5844429446107663,1.9387055401486666,0.2415218303864893,-1.5782393332146407,0.2569313113340582,0.0998888018370525,0.5290382595017986
8,5,MOS4,Hind,0.3174002983031145,0.3043880956580267,0.6449166588312186,-0.7861839831335453,-0.8208205192139685,-0.6043349227492352,0.966104908142196,-0.4480146934493205,0.6746303635183403,0.28281814806401084,-0.9457140511527281,0.7929010077783964,0.10238056067477545,0.6449166588312186,-0.7861839831335451,-0.8208205192139685,-0.6043349227492353,0.966104908142196
9,6,MOS5,Hind,0.3245294208743777,0.2323503967429716,0.939018209269047,0.06394909552539803,-1.5312645415823407,-0.9047435763983375,1.1860332796163124,0.1226393614851445,0.1167308801088762,0.15456364529547523,0.20178989570014008,-0.12407347986671424,-0.877285484498162,0.939018209269047,0.0639490955253981,-1.5312645415823407,-0.9047435763983376,1.1860332796163124
10,35,NX,Hind,0.3049761517065482,0.2564255849337111,-0.3988632513508826,0.6973481088206084,0.017483681181658557,-0.4362811591891978,0.1981935305156215,-0.2189986777405381,0.0365845712709625,0.22104857538424555,-0.48519549416371954,-0.2558035184646421,-0.36944344295041065,-0.3988632513508826,0.6973481088206084,0.0174836811816586,-0.4362811591891979,0.1981935305156215
11,22,P,Tel,0.3602381175127078,0.1595771872316718,0.041489139769890784,0.7774428096806407,-0.6909804255621977,-0.10467331088253437,0.2431777024486383,0.4937436641185503,0.0131668107660739,0.1747240389050715,0.9480277402990348,-0.29429340701864515,-0.723291257002796,0.0414891397698908,0.7774428096806407,-0.6909804255621977,-0.1046733108825345,0.2431777024486383
12,25,PO,Tel,0.3514208021642843,0.2106325527081087,1.339569008294932,0.8281196030707912,1.022544244217798,-1.1085813766192503,1.209965737507888,0.1808625840870662,0.4163391531463146,0.15808697183161205,0.31886849552165725,0.36836852955006844,-0.8503727188719963,1.339569008294932,0.8281196030707912,1.022544244217798,-1.1085813766192505,1.209965737507888
13,24,PT,Di,0.322795893233018,0.2694395067054819,-0.520525800411421,-0.2059224651042194,-0.055949009338433144,-0.1810910615518954,-0.5175654952422886,-0.2492328090016752,0.4430874746345479,0.27105633795579515,-0.545992021677761,0.412332593187743,0.012538522040186654,-0.520525800411421,-0.2059224651042193,-0.0559490093384331,-0.1810910615518955,-0.5175654952422886
14,26,PrT,Di,0.3195078728259496,0.2947563067211317,-1.1357759570399095,0.6800526078918006,-0.45101549034050664,1.122620657681383,-0.6904973619165918,-0.4700581801827988,0.6581326313724588,0.1741351495162508,-0.9900403602542558,0.7657850129950263,-0.7277894611682391,-1.1357759570399095,0.6800526078918006,-0.4510154903405066,1.1226206576813829,-0.6904973619165918
15,10,Ra,Hind,0.325095844242473,0.2495283641886456,-1.561257264951644,0.7720217178133207,2.47758868190878,1.3723395251622756,-1.487075507213354,0.0790509295989129,-0.0790037310529907,0.2449468081697526,0.11413977353931128,-0.44578670979784474,-0.18689790502218132,-1.561257264951644,0.7720217178133207,2.47758868190878,1.3723395251622754,-1.487075507213354
16,28,SP,Tel,0.3680116091256103,0.1670919652267663,1.7716548027220926,0.23315075896205376,-1.1297102858184005,-1.641210309005345,1.6029364839745506,0.5548528954037849,0.1759951180686174,0.23581442657900606,1.070909692127108,-0.02666562082604439,-0.25665517640752294,1.7716548027220926,0.2331507589620538,-1.1297102858184005,-1.6412103090053451,1.6029364839745506
17,11,T,Mes,0.327488469949286,0.2824890035582302,-0.02444433987621822,-3.139438413354785,-0.31308024458494194,0.1416309770272908,0.3623618118079823,-0.413726250963789,0.8334250723275665,0.3124894755943998,-0.8767648817858277,1.0538990927044323,0.3290236138951904,-0.0244443398762182,-3.1394384133547844,-0.3130802445849419,0.1416309770272907,0.3623618118079823
18,32,TS,Mes,0.3187393710390141,0.1204746434623795,0.4570095218298488,-1.4316141218002707,-2.2451488306367624,-1.4880981156361148,0.6463519686110509,0.6454310549030504,-0.7868388762164493,0.4312149360226909,1.2530494572357818,-1.6091983795969538,1.2359025130246046,0.4570095218298488,-1.4316141218002705,-2.2451488306367624,-1.488098115636115,0.6463519686110509
19,29,TeO,Mes,0.3211845665649819,0.1617494199375411,0.07687229221186459,-0.9703319630242806,-0.43674705556577925,0.7249560628915742,-0.1239838497985641,0.5234136475551844,-0.0346746177714854,0.26786959130836496,1.0076898469680338,-0.3729265133863762,-0.01180329378432524,0.0768722922118646,-0.9703319630242804,-0.4367470555657792,0.7249560628915741,-0.1239838497985641
20,30,Th,Di,0.3286946724177474,0.2443982757139748,-0.4258026804777068,0.4221176822950974,-0.07074344762090234,0.3373644583656633,-0.0806452963764496,-0.0519388033175468,0.5945770819865202,0.2569358767557699,-0.14926190427072827,0.6613238706777435,-0.09531996309083476,-0.4258026804777068,0.4221176822950974,-0.0707434476209023,0.3373644583656632,-0.0806452963764496
21,37,rCb,Hind,0.3173516428863684,0.2501454155975753,0.20478733380266187,0.8617520792464942,-0.23071154823488116,0.4710322129268555,0.03330850703682179,-0.108122561060232,0.43974168614757,0.2061417851171806,-0.26223943102493785,0.4068333898816812,-0.48330826603201127,0.2047873338026619,0.8617520792464942,-0.2307115482348811,0.4710322129268554,0.0333085070368218
22,52,rHb,Di,0.3569570426471103,0.1317289325656861,0.09447359672268998,0.9615517530050816,-0.7361499819288613,-0.4711986428726049,-0.4622553427494954,0.4617221256356252,-0.0688839397144224,0.035117085917498625,0.8836369916909707,-0.42915362309726357,-1.7896724643652304,0.09447359672269,0.9615517530050816,-0.7361499819288613,-0.471198642872605,-0.4622553427494954
23,36,rMON,Hind,0.3151442719997252,0.110071738192932,1.4952343890386004,1.0002419081663274,-1.062162285947073,-1.5346203808952124,1.610167413732582,0.4240261987674191,-1.6614121734876386,0.2675653350587052,0.8078358570324056,-3.046664132876301,-0.014127340974787173,1.4952343890386004,1.0002419081663272,-1.062162285947073,-1.5346203808952126,1.610167413732582
24,38,rMOS1,Hind,0.3252162396870897,0.2904523035612557,-0.13311897373778372,-0.8319952995734702,0.9818035683408284,1.0458198415248572,-0.056176214529419406,-0.6903829062206954,0.6032441867823881,0.3555794222951652,-1.4330819728242357,0.6755692934033359,0.658164164595666,-0.1331189737377837,-0.83199529957347,0.9818035683408284,1.045819841524857,-0.0561762145294194
25,39,rMOS2,Hind,0.3109917860824364,0.2943928359931383,-0.6713400005740797,0.8036149777622046,0.6793051689666035,0.9822888002780678,-0.975322781458256,-0.439598945726378,0.6147048534527576,0.2789520147255733,-0.9287911823072529,0.6944062689888114,0.07284928125752334,-0.6713400005740797,0.8036149777622046,0.6793051689666035,0.9822888002780676,-0.975322781458256
26,40,rMOS3,Hind,0.3336398480067393,0.2856773466653547,0.06393665354978259,-2.175973122967031,0.017061944529413658,0.3407467806135319,0.4719210851527431,-0.5242202708499484,0.3659446770251312,0.5077994204734724,-1.0989526027467664,0.2855391843085884,1.8208895301191161,0.0639366535497826,-2.1759731229670307,0.0170619445294137,0.3407467806135318,0.4719210851527431
27,41,rMOS4,Hind,0.3112084944032485,0.3062387423981464,0.492103905041765,-0.6036743869994288,-0.21547580047274237,0.10977399148311592,0.4799979192093148,-0.6446378953899202,0.7618597632668537,0.12102099642170269,-1.3410952778673932,0.9362729529416399,-1.1334994454699465,0.492103905041765,-0.6036743869994285,-0.2154758004727423,0.1097739914831158,0.4799979192093148
28,42,rMOS5,Hind,0.3227070254352224,0.2385874546664438,0.5739626181377064,0.10332333052698703,-0.7471038351890212,-0.4714397827407566,0.6161339384400797,0.1402870184951931,0.2737874806720645,0.14969190670604507,0.23727681793722485,0.13406781639796217,-0.914498032783011,0.5739626181377064,0.1033233305269871,-0.7471038351890212,-0.4714397827407567,0.6161339384400797
29,71,rNX,Hind,0.3057767917003242,0.2719492691915114,-0.5325229868845117,1.1435171041482985,-0.5653588103470172,0.6209974984033735,-0.9078749474190438,-0.1488175891968711,-0.0047000831091007,0.1968526213730006,-0.34407133075523016,-0.3236597827623081,-0.554263110593283,-0.5325229868845117,1.1435171041482983,-0.5653588103470172,0.6209974984033734,-0.9078749474190438
30,58,rP,Tel,0.3615916845407643,0.1716801463572111,1.830715882829782,0.7929500477349019,-0.5992352780594198,-1.2270258181418368,0.4660816095760272,0.8227159214768245,0.1698786775929509,0.15949603883190003,1.609544048576332,-0.03671872185619847,-0.8396096262260633,1.830715882829782,0.7929500477349019,-0.5992352780594198,-1.227025818141837,0.4660816095760272
31,61,rPO,Tel,0.3592067125583424,0.2239723623683047,1.204327594880508,0.6771615500890783,-0.07320398733451254,-1.5714848706640603,1.613499069235407,0.3721760404038982,0.458726783230603,0.13643988697680498,0.7035725807924437,0.4380376662581658,-1.0157229681923226,1.204327594880508,0.6771615500890783,-0.0732039873345125,-1.5714848706640605,1.613499069235407
32,60,rPT,Di,0.3381307525751053,0.2757092623613145,-1.561257264951644,0.3156166556189683,-0.5151191530631396,0.8465526984311912,-1.1512750135312226,0.2380141782120702,0.2590599261297714,0.1869804643196043,0.43379220325717277,0.10986132009838964,-0.6296711223905853,-1.561257264951644,0.3156166556189683,-0.5151191530631396,0.8465526984311911,-1.1512750135312226
33,62,rPrT,Di,0.3316452819795608,0.3051844690224926,-0.0057491660725161155,0.9710855919488852,0.11090018372327486,0.4087383079755641,-0.004590400750684605,-0.3075338000929238,0.5675548473550215,0.3373609459726449,-0.6632270028439329,0.6169095980478144,0.5190031818411571,-0.0057491660725161,0.9710855919488852,0.1109001837232749,0.408738307975564,-0.0045904007506846
34,46,rRa,Hind,0.325646798313019,0.2349411951083358,-1.561257264951644,0.3980053862822999,2.2249783695800907,1.3076805123621011,-1.533436805436538,0.1319288226318029,-0.2191778752882923,0.14218414153531406,0.22046967767619396,-0.6761796710992982,-0.9718457473203409,-1.561257264951644,0.3980053862822999,2.2249783695800907,1.307680512362101,-1.533436805436538
35,64,rSP,Tel,0.3707708274360314,0.1816030724487551,2.149014424573518,0.7854682089037683,-0.7107309160343696,-1.5061477674159245,1.5437079485324887,0.4364874268559123,0.3994898113563391,0.18960459588978848,0.8328936101326125,0.34067462228813883,-0.6096268156264374,2.149014424573518,0.7854682089037683,-0.7107309160343696,-1.5061477674159247,1.5437079485324887
36,47,rT,Mes,0.3282912645901117,0.301591592689416,-0.4128711220837352,-1.9871730355540471,0.6008405960198556,0.4655098244030845,-0.0669208094951259,-0.3980630810661436,0.9295466313567312,0.2146879361667513,-0.8452684802052951,1.2118863645401499,-0.4180288893282293,-0.4128711220837352,-1.987173035554047,0.6008405960198556,0.4655098244030844,-0.0669208094951259
37,68,rTS,Mes,0.2964189996255963,0.1302049278206433,-0.2794996703236148,-0.5488151157991776,-0.8433362008463037,-1.8875348492156614,-1.0143523750308268,-0.0300846970162386,-0.5006920111297432,0.43503211312312134,-0.10531641221850191,-1.1388818032118864,1.2650598424982706,-0.2794996703236148,-0.5488151157991774,-0.8433362008463037,-1.8875348492156616,-1.0143523750308268
38,65,rTeO,Mes,0.332032846214792,0.1842912797411063,-0.07306999783086882,-0.28897178166810433,-0.06395221098240104,0.673723572880298,-0.1581925393857762,0.6473397174426797,0.0498741025900747,0.45941874690701406,1.256887505486725,-0.23396058522169688,1.4513360087024563,-0.0730699978308688,-0.2889717816681042,-0.063952210982401,0.6737235728802979,-0.1581925393857762
39,66,rTh,Di,0.3476003744539429,0.2461515468686517,0.6244483843712704,0.4695807944436643,-0.08416204445332594,-0.11063001637233037,0.1249316444933456,0.308313837703299,0.5319373783481689,0.10657756035254803,0.5751547959366586,0.5583680303191998,-1.243824959094317,0.6244483843712704,0.4695807944436643,-0.0841620444533259,-0.1106300163723305,0.1249316444933456
40,48,raRF,Hind,0.2979164304441501,0.2947607388347321,-1.2551765490696951,-0.3121488512287212,1.4143277190881285,1.3581878401102294,-1.904147039492214,-0.5680644401123071,0.5907490138772196,0.3403201974025553,-1.1871169763107459,0.6550319831647016,0.5416072860436019,-1.2551765490696951,-0.3121488512287211,1.4143277190881285,1.3581878401102292,-1.904147039492214
41,49,rimRF,Hind,0.3029837656647399,0.3093367893447048,-1.561257264951644,-1.3684589138032501,1.8771293372527276,1.1778897414701652,-0.7203566285865566,-0.3626269469224296,0.7245505133752355,0.0860226202512153,-0.7740114665391269,0.8749507411075045,-1.400832911588437,-1.561257264951644,-1.36845891380325,1.8771293372527276,1.177889741470165,-0.7203566285865566
42,50,rpRF,Hind,0.3229966092212404,0.260377422124195,-1.409446585383902,-0.2800263451260332,1.695009788949339,1.482229262236643,-1.5670303090408684,-0.1425164444721939,0.4324325558770249,0.5481852353164332,-0.3314006270622745,0.39481996060943114,2.1293746955849495,-1.409446585383902,-0.2800263451260331,1.695009788949339,1.4822292622366429,-1.5670303090408684
