epsilon,run,layer,fc_state_mean,fc_state_std,fc_state_width_p95_p05,fcv_from_fc_state
0.0,0,Layer 1,0.6580290788927553,0.3215967202726918,0.9136665167903774,0.32064383900703425
0.0,0,Layer 4,0.7824729993333388,0.24023127119352516,0.714047280578667,0.2395194732698669
0.0,1,Layer 1,0.7576448226790057,0.30008554618003974,0.8733480005902321,0.29919640186660534
0.0,1,Layer 4,0.9073813360413152,0.10869019720685905,0.30334202374704666,0.1083681514702258
0.0,2,Layer 1,0.937744188338605,0.07034230104906543,0.20119503753933143,0.07013387895820558
0.0,2,Layer 4,0.9517170434722619,0.06175508738138509,0.18146602486418262,0.06157210894250401
0.0,3,Layer 1,0.7076687237208451,0.3248946855235185,0.9277032384134953,0.3239320324874908
0.0,3,Layer 4,0.8758046810543408,0.13673175783679575,0.4082501493408274,0.13632662581196464
0.0,4,Layer 1,0.4328734297196157,0.4448934195191655,1.2726500825277705,0.4435752138971843
0.0,4,Layer 4,0.47707050711449617,0.4343437639066024,1.1669766261134502,0.43305681659218054
0.0,5,Layer 1,0.9237418528046615,0.1016071529356082,0.29734861053977013,0.10130609404294581
0.0,5,Layer 4,0.9596422482109462,0.05277335867155942,0.14590005776705206,0.05261699282068469
0.0,6,Layer 1,0.775827280409321,0.22585516232658234,0.597219290076852,0.22518596037467628
0.0,6,Layer 4,0.8028919615811902,0.2295865680156372,0.6501021908360761,0.228906310022573
0.0,7,Layer 1,0.8273777524413498,0.180274649761395,0.5087502785184048,0.179740501476907
0.0,7,Layer 4,0.8124526578215961,0.19000230666395962,0.5085607966852074,0.18943933562899917
0.0,8,Layer 1,0.8572506310580928,0.20058038184261184,0.5656952592712697,0.19998606829378518
0.0,8,Layer 4,0.8994255794594055,0.1456503056245719,0.4343354689914103,0.14521874821487796
0.0,9,Layer 1,-0.1548370325986741,0.2971416046330524,0.9067994275314948,0.2962611831285601
0.0,9,Layer 4,0.44637295511907676,0.16375617156675726,0.5205180808901817,0.16327096702894517
0.0,10,Layer 1,0.8257367403820587,0.19622570561134478,0.5386182284599026,0.19564429483526796
0.0,10,Layer 4,0.9328253188985349,0.07131592495000688,0.20730183004794978,0.07110461804124775
0.0,11,Layer 1,0.478029204412586,0.3521995700534595,1.028463474992572,0.35115601347803155
0.0,11,Layer 4,0.5848493428740267,0.2959301716255353,0.8606110518223675,0.2950533395600662
0.0,12,Layer 1,0.8741893910520475,0.1348983321479479,0.36415441127652626,0.13449863250746882
0.0,12,Layer 4,0.9117361371639149,0.10097052227737989,0.28799879932028305,0.10067134970192512
0.0,13,Layer 1,0.845855487902646,0.18855571015928643,0.5345681368309317,0.18799702534561297
0.0,13,Layer 4,0.833289727156448,0.22479814224192887,0.6484262407914401,0.22413207220826886
0.0,14,Layer 1,0.8248065870421621,0.18892551627093387,0.5804824759545331,0.1883657357330396
0.0,14,Layer 4,0.8658916063951084,0.1690962161046766,0.4612685373804878,0.16859518917789976
0.0,15,Layer 1,0.8160011621593785,0.22587933094865545,0.6959213742832262,0.22521005738585995
0.0,15,Layer 4,0.908895772736308,0.10767018466105731,0.32263806540479556,0.10735116119046215
0.0,16,Layer 1,0.33552372991708496,0.44353648166066456,1.2767118604848555,0.44222229660413853
0.0,16,Layer 4,0.5371046333798263,0.26260608928975393,0.8004267909585838,0.2618279954630518
0.0,17,Layer 1,0.9108068905670531,0.12473404930133468,0.36361679678642134,0.12436446612067266
0.0,17,Layer 4,0.9450320875163647,0.08150730224832223,0.24051854840508224,0.08126579859971267
0.0,18,Layer 1,0.557933414745187,0.39236343209189334,1.1718185087495312,0.3912008712192188
0.0,18,Layer 4,0.6044428740314495,0.2947221645372774,0.892212082001981,0.29384891175993705
0.0,19,Layer 1,0.7184033510779346,0.2936544575737902,0.8744398653536447,0.2927843683795919
0.0,19,Layer 4,0.8215634953099049,0.1883337800856337,0.5105830552632302,0.18777575284399417
0.0,20,Layer 1,0.8884901924270848,0.14082930427409127,0.3770386043262465,0.14041203134424113
0.0,20,Layer 4,0.9518131152813919,0.05743772173377898,0.16228712397739786,0.05726753551752725
0.0,21,Layer 1,0.8375926608752595,0.16590913802762225,0.4580310046581135,0.1654175543159045
0.0,21,Layer 4,0.7198063133087705,0.3375593705843358,0.990066726401685,0.3365591924730533
0.0,22,Layer 1,0.4969569072698681,0.44701642546173004,1.2602878101373391,0.4456919294379443
0.0,22,Layer 4,0.6580236195551551,0.3203535862024446,0.8823812893045948,0.31940438830509127
0.0,23,Layer 1,0.09061590867432281,0.25385212188147055,0.7809944220918136,0.25309996579299054
0.0,23,Layer 4,0.23128197449637586,0.25659788625913477,0.8155678377983255,0.2558375945546163
0.0,24,Layer 1,0.9256591300830112,0.10107955420762166,0.29881681643477476,0.10078005857388572
0.0,24,Layer 4,0.9390026830310513,0.09159745041222837,0.26727952806190136,0.09132604996260375
0.0,25,Layer 1,0.8434270727474703,0.18121492453061722,0.5085082179143964,0.1806779902406892
0.0,25,Layer 4,0.7836160071302835,0.2746302037115114,0.7855434459670994,0.27381648280080517
0.0,26,Layer 1,0.8368343234557833,0.20560716296997622,0.5843514354285786,0.20499795522210806
0.0,26,Layer 4,0.8731198608039353,0.17619120339031896,0.5173241136562245,0.17566915423278415
0.0,27,Layer 1,0.7671016625123319,0.24858602472000801,0.682449106058737,0.24784947191667364
0.0,27,Layer 4,0.8239899015471776,0.16353247306316526,0.49001837792622904,0.16304793133719112
0.0,28,Layer 1,0.8494219143477836,0.16102273622632857,0.4440445432638609,0.16054563077399406
0.0,28,Layer 4,0.8679748248264231,0.1595306215180171,0.4094065401831629,0.1590579371560176
0.0,29,Layer 1,0.1350751925985044,0.49776947100654695,1.3859447181835698,0.49629459525801245
0.0,29,Layer 4,0.5705117322929274,0.27077062931372525,0.7778398984821318,0.26996834420414884
0.0,30,Layer 1,0.9151429537919268,0.12137939847541881,0.34574029258230554,0.12101975502275562
0.0,30,Layer 4,0.9661890936614647,0.04407780810629765,0.1269123640523694,0.04394720690632231
0.0,31,Layer 1,0.8610385715058056,0.15444042572164723,0.4143043750154032,0.15398282345441777
0.0,31,Layer 4,0.9267891776234364,0.08631555427023867,0.25568040527238156,0.08605980391765664
0.0,32,Layer 1,0.92725886996577,0.09575350079991617,0.31069240235182116,0.0954697860998533
0.0,32,Layer 4,0.9595408975446054,0.0525969270319181,0.15535629015537833,0.05244108394260618
0.0,33,Layer 1,0.722343369734674,0.3252248309945635,0.9236134603050196,0.3242611997475824
0.0,33,Layer 4,0.8880175428889194,0.12300132340693405,0.35466244378522915,0.1226368742402069
0.0,34,Layer 1,0.8764314798972758,0.13906669983896383,0.401952078421836,0.13865464945225273
0.0,34,Layer 4,0.9330236221972841,0.07626736639475362,0.1982058718802293,0.07604138851613289
0.0,35,Layer 1,0.7716934292839253,0.2975190787228244,0.8339984592385306,0.29663753877412613
0.0,35,Layer 4,0.8946669312052264,0.12966017100428004,0.39026668651795926,0.1292759918753785
0.0,36,Layer 1,0.8427159119391134,0.21212381569503685,0.6159332942213724,0.21149529930406047
0.0,36,Layer 4,0.9315858553836335,0.08916892990307788,0.26587301249912965,0.08890472508559298
0.0,37,Layer 1,0.8926302126130466,0.1327772053616536,0.3890560353757372,0.13238379055509644
0.0,37,Layer 4,0.8438373971014923,0.22570230018651305,0.6986193703066689,0.22503355116046206
0.0,38,Layer 1,0.20430651632504218,0.3145448188754092,1.0195873680965382,0.31361283217833735
0.0,38,Layer 4,0.6620565493427057,0.15691369770249416,0.46726900443189234,0.1564487672058803
0.0,39,Layer 1,0.30461236276366466,0.28448827537203275,0.8935995415703986,0.28364534529590696
0.0,39,Layer 4,-0.04448435169486619,0.3711918995359332,1.155417419810607,0.37009206926797605
0.0,40,Layer 1,0.5730943402638484,0.370791916303283,1.0427429287155934,0.3696932711734351
0.0,40,Layer 4,0.5563996635507359,0.41236753498674705,1.0787570620901237,0.411145702567806
0.0,41,Layer 1,0.9428437946168998,0.0772225828357169,0.2176238808938159,0.07699377467993891
0.0,41,Layer 4,0.9601068941806414,0.056590745660541536,0.16784085429156226,0.056423069008541465
0.0,42,Layer 1,0.7333208107263183,0.3095580183889819,0.8912705277685091,0.3086408074295329
0.0,42,Layer 4,0.741786773640427,0.3142099730300419,0.873191671548538,0.313278978470989
0.0,43,Layer 1,0.22719178751671285,0.31198361164196253,0.9411083889222628,0.31105921372374445
0.0,43,Layer 4,0.3376861994598208,0.3440341856119645,0.9988696119811191,0.34301482282139434
0.0,44,Layer 1,0.8159464836851473,0.2371750026329503,0.6984151703879766,0.23647226033974655
0.0,44,Layer 4,0.8948107474933596,0.1348686913732708,0.38700977380443047,0.1344690795575023
0.0,45,Layer 1,0.6524793750989573,0.3850080937546807,1.1148259553564053,0.38386732652498284
0.0,45,Layer 4,0.8214388638686615,0.19279935467725318,0.546457125866032,0.1922280960744071
0.0,46,Layer 1,0.6509821497374396,0.29533512600694883,0.8660282545151713,0.2944600570434842
0.0,46,Layer 4,0.6327815036185461,0.3480045629152376,0.9820745748484796,0.3469734360179106
0.0,47,Layer 1,0.7611446449401785,0.22637202047504904,0.6166134795238194,0.22570128708822587
0.0,47,Layer 4,0.8735874087437515,0.13041884099684745,0.3798996263889187,0.1300324139519158
0.0,48,Layer 1,0.35311238978063375,0.2962069117286468,0.8827972101233521,0.29532925969069945
0.0,48,Layer 4,0.7340399676699925,0.13566619760258178,0.4135774470790528,0.13526422280019915
0.0,49,Layer 1,0.6592664163648484,0.24982183454465573,0.7591496180490034,0.24908162007453308
0.0,49,Layer 4,0.7717221850417744,0.22638867665657156,0.6788969268078391,0.22571789391799088
0.5,0,Layer 1,0.06538049738646702,0.5249257773979412,1.4064716860358604,0.5233704383424956
0.5,0,Layer 4,0.5126883730587681,0.29087598968342276,0.8479450153579856,0.29001413300477275
0.5,1,Layer 1,-0.36603004625494595,0.2054490454675908,0.7069188767531962,0.20484030621705573
0.5,1,Layer 4,0.08100588960847031,0.19197890180528532,0.583916339641941,0.19141007417925515
0.5,2,Layer 1,0.8560909271817762,0.14084584152246332,0.40166631817156273,0.1404285195932511
0.5,2,Layer 4,0.9036021531286852,0.11049846700585417,0.3519876829198051,0.11017106342100265
0.5,3,Layer 1,0.27433593175981935,0.25897480087560143,0.8022667799880354,0.258207466445628
0.5,3,Layer 4,-0.02952098220490849,0.39838489944515293,1.2393894483674641,0.3972044971485114
0.5,4,Layer 1,0.04640068989392665,0.28804517972326027,0.8226311672655402,0.2871917106481137
0.5,4,Layer 4,-0.09270569210893363,0.33751760806238357,1.0015534670562047,0.3365175536921787
0.5,5,Layer 1,0.9021903553450318,0.1007536483233868,0.30267462927544864,0.10045511833883779
0.5,5,Layer 4,0.9477670208007866,0.056817838901971944,0.16162664501657997,0.056649489379629374
0.5,6,Layer 1,0.6455765666171263,0.38455179762275643,1.079385711559432,0.3834123823845693
0.5,6,Layer 4,0.8524146145004176,0.15790339536623502,0.4424138611431896,0.15743553242565328
0.5,7,Layer 1,0.7587697761684569,0.24107468219738862,0.6883011713745855,0.2403603852726703
0.5,7,Layer 4,0.7950944505521726,0.23519237513471097,0.6495953291912834,0.23449550730626617
0.5,8,Layer 1,0.7246443594261723,0.3187801836847224,0.9654552388379682,0.31783564773100215
0.5,8,Layer 4,0.8979834535156639,0.1118530763069851,0.32284614099845443,0.11152165905612278
0.5,9,Layer 1,0.7814831850780053,0.23698816009592483,0.673569803384561,0.236285971411455
0.5,9,Layer 4,0.8924852993287037,0.12154394982436142,0.33357351093815346,0.12118381881107415
0.5,10,Layer 1,0.1915494601517905,0.2019373462620662,0.6394221343969118,0.20133901206908503
0.5,10,Layer 4,-0.18338317054548192,0.31208070474550753,0.9590370740796657,0.31115601914338725
0.5,11,Layer 1,-0.19778445151995963,0.28227985396684324,0.8877150757637715,0.28144346737593057
0.5,11,Layer 4,0.12503661940199592,0.20147751976112896,0.5860575654766651,0.2008805480200342
0.5,12,Layer 1,0.6092112245430108,0.36680221810880814,1.0221352837467699,0.36571539433292766
0.5,12,Layer 4,0.8162050080333558,0.17827625411560952,0.5007015869818571,0.17774802701642034
0.5,13,Layer 1,0.6938218324367106,0.20819173135338778,0.6034259038481811,0.2075748656082917
0.5,13,Layer 4,0.7490481765495172,0.18995977902912312,0.5611295404682755,0.1893969340022465
0.5,14,Layer 1,-0.2973806640517405,0.3363603864562075,0.995802100723477,0.3353637608982985
0.5,14,Layer 4,0.21121720192958296,0.28235639697890186,0.8686768091472292,0.28151978359338087
0.5,15,Layer 1,0.30936774641773207,0.4829971753104894,1.349023753834193,0.4815660694231884
0.5,15,Layer 4,0.7179754348702029,0.18803815210828329,0.5110645276620782,0.18748100080331673
0.5,16,Layer 1,0.18462573782094796,0.19785209085390032,0.6277337243792382,0.19726586114799402
0.5,16,Layer 4,-0.14258381907073617,0.3346091533028176,1.0543894344832339,0.3336177165952869
0.5,17,Layer 1,0.4855071473073654,0.2232092546803674,0.7111044937051619,0.22254789247205256
0.5,17,Layer 4,0.15259566817682763,0.37161016657836465,1.1697795837436287,0.37050909699792806
0.5,18,Layer 1,-0.05021044199819558,0.3062726450060632,0.9104160554153371,0.3053651685076641
0.5,18,Layer 4,0.2921270759137149,0.23322949888802064,0.7509462197497055,0.2325384470019794
0.5,19,Layer 1,0.2601630963910618,0.5206729795337316,1.3868231179098394,0.5191302413885441
0.5,19,Layer 4,0.5558128816099032,0.33092052980361675,0.960012624967497,0.3299400223749216
0.5,20,Layer 1,-0.18676931177446693,0.2769157845334133,0.846717938019522,0.2760952915164975
0.5,20,Layer 4,0.5107316463454399,0.12650995351668823,0.4251822621414267,0.1261351083860443
0.5,21,Layer 1,-0.022620279767126054,0.4683911526505856,1.3674675802378706,0.4670033239625876
0.5,21,Layer 4,0.48080394249526887,0.2566716978067811,0.7887586169932576,0.25591118740089996
0.5,22,Layer 1,0.5487968109738995,0.4166183862461545,1.1121698722969822,0.41538395868468597
0.5,22,Layer 4,0.6251400594097479,0.37121888577088513,1.00059914707096,0.37011897554353734
0.5,23,Layer 1,0.6073898670186376,0.39547708296892026,1.0942438435271762,0.3943052964437391
0.5,23,Layer 4,0.7211700519567561,0.2981115770499832,0.81566316378871,0.2972282815468272
0.5,24,Layer 1,-0.022639870225467266,0.5097614001595207,1.4443241838095782,0.5082509926909509
0.5,24,Layer 4,0.5292312004384291,0.24204170570737302,0.7656569178774821,0.24132454352151234
0.5,25,Layer 1,0.8952208751863284,0.10493310128239217,0.30049561709805805,0.10462218770630047
0.5,25,Layer 4,0.9378584690164794,0.06852486249643391,0.2051771304173421,0.06832182542052952
0.5,26,Layer 1,0.46814801465657785,0.24924918404339755,0.7673420137566601,0.24851066631923038
0.5,26,Layer 4,0.4928372382181186,0.2916622300956394,0.8907982144699623,0.2907980438106475
0.5,27,Layer 1,0.6071440222770247,0.28194767925533165,0.8542305563694109,0.2811122768879497
0.5,27,Layer 4,0.4985705232604565,0.3374819901458031,1.0322946180199277,0.33648204131039783
0.5,28,Layer 1,0.8692512586900807,0.12879376338168697,0.35938448537661016,0.1284121513921247
0.5,28,Layer 4,0.9069301892575259,0.10922771093745837,0.30635835745976125,0.1089040725640486
0.5,29,Layer 1,0.750724608052256,0.20781362679702162,0.552711756711213,0.20719788136418468
0.5,29,Layer 4,0.6436505683432103,0.35606929232321816,0.9650749958990973,0.3550142698788254
0.5,30,Layer 1,0.6778701436377874,0.3540201885328296,0.9677190381205819,0.3529712375204204
0.5,30,Layer 4,0.8791053829108785,0.12652417149008263,0.3645271701788724,0.12614928423201752
0.5,31,Layer 1,0.5707685168514798,0.41170133186659624,1.1611252936704135,0.4104814733871648
0.5,31,Layer 4,0.8230173664907674,0.15982960329019127,0.4325933788834888,0.15935603305432702
0.5,32,Layer 1,0.7432470219383603,0.2790082007764478,0.8341039338462751,0.27818150799407326
0.5,32,Layer 4,0.8474507641435096,0.17320216785790332,0.5052407810297341,0.17268897512141287
0.5,33,Layer 1,0.776964533640274,0.18085341319977835,0.4681387335367498,0.18031755005688876
0.5,33,Layer 4,0.8435652237870396,0.15560710804233266,0.4200637450386645,0.1551460489309991
0.5,34,Layer 1,-0.10151831990095155,0.42375829483880784,1.2293972200601977,0.4225027119461198
0.5,34,Layer 4,0.3693405200767154,0.207889141491749,0.6735644679633116,0.20727317231117653
0.5,35,Layer 1,0.9165234952247159,0.08676519353965566,0.22559841063434405,0.08650811091964326
0.5,35,Layer 4,0.9493615390969512,0.06639575330979815,0.16710032435093514,0.06619902471942418
0.5,36,Layer 1,0.7120716526378662,0.308166179367801,0.8841291051288621,0.3072530923848868
0.5,36,Layer 4,0.7991119162306108,0.2409558020916874,0.6956400077391874,0.24024185740509352
0.5,37,Layer 1,0.11977606537448046,0.4616625335586502,1.2681578918858065,0.4602946415636354
0.5,37,Layer 4,0.45162698374561133,0.29598296982282873,0.8347994722599293,0.2951059813179126
0.5,38,Layer 1,0.11690034010285054,0.4546840994055409,1.2899414496058914,0.45333688429790975
0.5,38,Layer 4,0.44776870497871435,0.2581778462358219,0.7609959710009321,0.25741287315811956
0.5,39,Layer 1,0.8256718742274624,0.2013998967133277,0.5785849921428863,0.2008031549669542
0.5,39,Layer 4,0.9279083075717058,0.08258578992470335,0.23423117958881123,0.08234109075002873
0.5,40,Layer 1,0.40609006780138884,0.3497163163324168,1.0022775842929974,0.34868011756196476
0.5,40,Layer 4,0.22442737876365226,0.4889800021863265,1.365570638009458,0.4875311693656141
0.5,41,Layer 1,0.06927595664393925,0.21605802980079244,0.6646471557606004,0.2154178564535098
0.5,41,Layer 4,-0.023228034022520598,0.27005929506208126,0.8691820166311868,0.26925911761417953
0.5,42,Layer 1,0.026375442207255313,0.3072145822268741,0.8600563163769147,0.30630431479724174
0.5,42,Layer 4,-0.05672212536589262,0.3438308460648676,1.0898525719541459,0.3428120857631686
0.5,43,Layer 1,0.4917706285768714,0.31366298836319967,0.8930671042435036,0.31273361450301834
0.5,43,Layer 4,0.2700085493456526,0.47462602815247756,1.3435896931326041,0.47321972571868265
0.5,44,Layer 1,-0.20128967640736953,0.3814504538936112,1.1561262511544166,0.38032022784222724
0.5,44,Layer 4,0.2814153112689683,0.29419295964008546,0.900676669295998,0.293321274880702
0.5,45,Layer 1,0.16684997006009744,0.48694451008067297,1.3694592869335738,0.48550170836093764
0.5,45,Layer 4,0.6060480292287231,0.21664729816673983,0.6043093497022647,0.2160053788352759
0.5,46,Layer 1,-0.04133714563656722,0.4610350224649755,1.35515049114347,0.45966898976617665
0.5,46,Layer 4,0.5814719193135773,0.15705394647531346,0.4578856807152602,0.1565886004258667
0.5,47,Layer 1,0.8536533855592404,0.15368243337576948,0.4751619614248894,0.1532270770167236
0.5,47,Layer 4,0.9112813337140974,0.09961226119969177,0.2830471840479273,0.09931711311035026
0.5,48,Layer 1,0.7956462638606346,0.2103242263669927,0.596586379496455,0.20970104210426418
0.5,48,Layer 4,0.744641927872681,0.312260383640774,0.9251212155641024,0.3113351656555717
0.5,49,Layer 1,0.8299339611880102,0.1837632154049421,0.5041908152396517,0.18321873060693822
0.5,49,Layer 4,0.9224469409889817,0.08147994454779485,0.24093440426274715,0.08123852195921688
1.0,0,Layer 1,-0.0616725256999518,0.5376791900502519,1.4650192218905458,0.5360860630224065
1.0,0,Layer 4,0.592915668019467,0.17809599041187152,0.49551613652645154,0.17756829742853417
1.0,1,Layer 1,0.610565492067275,0.2468444306244596,0.711736992782605,0.2461130381112694
1.0,1,Layer 4,0.545273398130122,0.3334598817908668,0.9322163265882369,0.33247185033974536
1.0,2,Layer 1,0.5247568373516162,0.403272944901428,1.0920372956036417,0.4020780594753038
1.0,2,Layer 4,0.7069712116902633,0.25726766970158876,0.6937879864678367,0.2565053934491749
1.0,3,Layer 1,0.4912922272743417,0.4069404655610807,1.1304312754411268,0.4057347133831905
1.0,3,Layer 4,0.6618720021447191,0.29135883932092976,0.8313693235039119,0.2904955519735424
1.0,4,Layer 1,-0.216055788676599,0.41970911282721945,1.231633901723221,0.41846552753723354
1.0,4,Layer 4,0.27226556928278417,0.2977023903595054,0.8931721747092687,0.29682030726402314
1.0,5,Layer 1,-0.21402304231342062,0.44695138079356,1.2814751552814987,0.4456270774951406
1.0,5,Layer 4,0.4778797476860396,0.16531974773397298,0.49792138074755343,0.1648299103677045
1.0,6,Layer 1,-0.14481290723080223,0.16731093446080839,0.5142283668368548,0.16681519726904778
1.0,6,Layer 4,-0.13917241752682416,0.19053585883758548,0.6074865320393684,0.1899713069038208
1.0,7,Layer 1,0.4287448917892052,0.41967433023497297,1.160624062072702,0.41843084800474617
1.0,7,Layer 4,0.7308715783739336,0.20322416261447004,0.5599785269853623,0.20262201562391582
1.0,8,Layer 1,0.506484149994301,0.42423744825498244,1.2203215642182617,0.42298044564534815
1.0,8,Layer 4,0.8119090125510662,0.1539713442185884,0.44145837295719936,0.1535151318255341
1.0,9,Layer 1,0.3788514711890904,0.47470909253909327,1.305240557512922,0.4733025439880561
1.0,9,Layer 4,0.6416217013535869,0.29952139705034025,0.8308158134886053,0.29863392429355695
1.0,10,Layer 1,0.6992185901386475,0.24402372912031134,0.720655208136616,0.24330069425957807
1.0,10,Layer 4,0.8203922055038425,0.16896638105031517,0.4675591327888156,0.1684657388208413
1.0,11,Layer 1,0.2422868575827832,0.5238512413579656,1.4598075305493987,0.5222990861200072
1.0,11,Layer 4,0.6572342559066429,0.21805556171175547,0.5817692216042053,0.2174094697383939
1.0,12,Layer 1,-0.1206653573335686,0.3763949535699379,1.0963142103241919,0.3752797068116975
1.0,12,Layer 4,0.1469573571245239,0.2781105858455552,0.8570885983963232,0.27728655266882196
1.0,13,Layer 1,0.5779858130407144,0.3473484969350977,1.000537742971883,0.34631931394124393
1.0,13,Layer 4,0.7277387641916611,0.24087281312373857,0.6762091563324828,0.24015911433092357
1.0,14,Layer 1,0.34332108038623255,0.49556384487214805,1.3359222891902964,0.4940955043265243
1.0,14,Layer 4,0.7367934341541809,0.18063826359544313,0.48983713226491676,0.1801030379342639
1.0,15,Layer 1,0.04770148024535196,0.4094525999634712,1.1929312514908728,0.40823940440802786
1.0,15,Layer 4,0.18434739178283685,0.41332558571839323,1.2025482989613865,0.4121009146243781
1.0,16,Layer 1,-0.29737804595281814,0.24203733897868268,0.7271709393318531,0.24132018973130587
1.0,16,Layer 4,0.09463475650581428,0.17125991526059375,0.5485688881684561,0.17075247735926327
1.0,17,Layer 1,0.14745460513622355,0.46142146978333326,1.2686618564860375,0.46005429205292636
1.0,17,Layer 4,0.5346791656259565,0.231493406764346,0.681238467810289,0.23080749886627427
1.0,18,Layer 1,0.5537359661220737,0.4022522003518052,1.1823387798189215,0.4010603393606241
1.0,18,Layer 4,0.7991653823340304,0.17445837959596688,0.49039595873832503,0.17394146474244146
1.0,19,Layer 1,0.7493334304940921,0.232132820565894,0.6657996549522696,0.2314450181042459
1.0,19,Layer 4,0.885998809989375,0.11070418612867573,0.3160367922328422,0.11037617300434276
1.0,20,Layer 1,0.6824695935148266,0.26812672899866363,0.7798759874426867,0.2673322776850176
1.0,20,Layer 4,0.8455891727940904,0.13487417385689723,0.3857832673085495,0.13447454579669715
1.0,21,Layer 1,-0.5164689893111911,0.35080908222727636,1.0039363399859342,0.34976964562483376
1.0,21,Layer 4,0.44382120874246783,0.10248426996793536,0.2998955978287893,0.10218061220427954
1.0,22,Layer 1,0.2574070819205908,0.24926337092424156,0.762335609502944,0.24852481116477956
1.0,22,Layer 4,-0.040055924813893536,0.32771177255044587,1.0062376059430154,0.3267407725715467
1.0,23,Layer 1,0.29429378130649964,0.453896958977156,1.2777542750125088,0.4525520761425873
1.0,23,Layer 4,0.6264464982454238,0.23849808810349818,0.671579024000425,0.23779142554843144
1.0,24,Layer 1,-0.20194711732023715,0.5160283295102582,1.45537119285691,0.5144993533213157
1.0,24,Layer 4,0.541660853321594,0.17728108262785378,0.5014068524927451,0.17675580419140594
1.0,25,Layer 1,-0.5341757833471422,0.28217512242873355,0.8313141554331969,0.2813390461541715
1.0,25,Layer 4,0.3038811802769583,0.1353627567778566,0.42585230345279107,0.13496168106137535
1.0,26,Layer 1,-0.18649519966024983,0.26718556338366867,0.8006342520761167,0.2663939007150113
1.0,26,Layer 4,0.08611320822786334,0.1471819462542491,0.4510896800096612,0.1467458506401216
1.0,27,Layer 1,0.3179372074928662,0.45047316052138203,1.3138575665551866,0.449138422297129
1.0,27,Layer 4,0.5199105202454207,0.35387598183249885,1.0690203084801246,0.3528274581001408
1.0,28,Layer 1,0.7335761174884229,0.25072580232533676,0.717958127162008,0.2499829094262729
1.0,28,Layer 4,0.8914156132476004,0.0983916981707582,0.2840039166282209,0.0981001665724146
1.0,29,Layer 1,0.6418877841563946,0.24909072585180275,0.7155877402466,0.24835267763442048
1.0,29,Layer 4,0.7864961438248605,0.16649933541605566,0.47488033730532064,0.16600600296749127
1.0,30,Layer 1,0.20461197025009628,0.4922474476075998,1.3799519060682632,0.49078893344584046
1.0,30,Layer 4,0.49242875245207207,0.33580722827222903,1.0056745211070899,0.3348122417051343
1.0,31,Layer 1,0.6911324895290414,0.2764323276675452,0.8212626599791755,0.2756132671185657
1.0,31,Layer 4,0.8105622269589061,0.19074672800708334,0.505427897083039,0.19018155127440606
1.0,32,Layer 1,0.49631075858144164,0.3991979573042102,1.1153126697430062,0.3980151459419506
1.0,32,Layer 4,0.7668273416603824,0.18203063195075542,0.5297585754032679,0.18149128074464044
1.0,33,Layer 1,0.5611117859387337,0.30460879855000467,0.8699208956275829,0.30370625197786716
1.0,33,Layer 4,0.6356489423705269,0.2906569443157707,0.7979280333306292,0.2897957366618587
1.0,34,Layer 1,0.7585526246806588,0.18870389189532683,0.5523176914168842,0.18814476802369262
1.0,34,Layer 4,0.8313114490056273,0.15221925602269526,0.423166749856587,0.1517682350134842
1.0,35,Layer 1,-0.17844435961247576,0.3736881377257764,1.136119325169795,0.3725809111802586
1.0,35,Layer 4,0.3070466113795948,0.18608102153682637,0.5892162436476135,0.18552966915000316
1.0,36,Layer 1,-0.12180603638421646,0.38045884713703326,1.0858253860461637,0.37933155918620104
1.0,36,Layer 4,0.29078811537324656,0.15565958118190232,0.5012877601751733,0.155198366594258
1.0,37,Layer 1,0.3483161484335579,0.3663924493091758,1.011048521168775,0.3653068396657406
1.0,37,Layer 4,0.30917851245349315,0.4442840726899003,1.204375408669125,0.4429676725439743
1.0,38,Layer 1,-0.12133209572072773,0.32099140934793324,1.0115624151568385,0.32004032160006896
1.0,38,Layer 4,0.22847011188767297,0.20258343437640522,0.6653878120472079,0.20198318584406263
1.0,39,Layer 1,0.3378326753820651,0.40516896194290913,1.1720139238495062,0.4039684586761657
1.0,39,Layer 4,0.647094402052677,0.16299485430092994,0.4840486063172678,0.16251190552293787
1.0,40,Layer 1,0.4317910258683899,0.18236483198861614,0.5718807892235909,0.1818244905579903
1.0,40,Layer 4,0.06237545863181672,0.32628913941886223,1.0818900098407398,0.3253223546585073
1.0,41,Layer 1,0.6320199927289188,0.2747390412376348,0.7997501738585856,0.2739249978446609
1.0,41,Layer 4,0.5850285025101959,0.35886119109513764,0.9737991268694534,0.35779789633990444
1.0,42,Layer 1,-0.29453972811231255,0.42163829291735033,1.2352730216931065,0.42038899152564413
1.0,42,Layer 4,0.28950651275100453,0.24626958922883457,0.8273025288548601,0.24553989995315295
1.0,43,Layer 1,0.49679640902337074,0.3686930502150375,1.0602828579416588,0.3676006239613425
1.0,43,Layer 4,0.576057009003694,0.35180426241225066,0.9851723937715542,0.3507618771212972
1.0,44,Layer 1,-0.5320964381173833,0.30358153937188137,0.8750049319017216,0.3026820365373323
1.0,44,Layer 4,0.36977077752203624,0.10079524235694994,0.36480333045787317,0.10049658913054912
1.0,45,Layer 1,0.07676677776461195,0.5108636976371294,1.4021219303974,0.5093500240947801
1.0,45,Layer 4,0.5807134772976059,0.20545618661954315,0.5753157268332849,0.2048474262099929
1.0,46,Layer 1,0.19283413981903957,0.3321831218820641,1.059308990382418,0.3311988734315803
1.0,46,Layer 4,0.18767230235258264,0.2642104769597536,0.8956384504370676,0.26342762938135805
1.0,47,Layer 1,0.7567497560121972,0.20835164975872944,0.5690276552574229,0.20773431018027963
1.0,47,Layer 4,0.8518891040315508,0.15305002746469784,0.4342179721898999,0.1525965449050628
1.0,48,Layer 1,0.03602330093733947,0.3998238979951887,1.1422603766555288,0.39863923198976814
1.0,48,Layer 4,0.3839907653153811,0.16327283584407945,0.4812577987820441,0.1627890634152602
1.0,49,Layer 1,0.31936172969567506,0.3627702775958923,0.9967356614268088,0.3616954003366794
1.0,49,Layer 4,0.24866322117838002,0.411624685769273,1.1310177901652265,0.4104050543898884
