recording_id,root_area_id,node,NetTE,n_functional_units,legacy_order,anatomy_group
subject_12,0,MON,-0.02211853275489976,1,4,Hind
subject_12,1,Cb,0.004315975721056394,3,2,Hind
subject_12,2,MOS1,0.0057770567478165995,3,5,Hind
subject_12,3,MOS2,0.013504110814313413,1,6,Hind
subject_12,4,MOS3,0.0036086591219633606,2,7,Hind
subject_12,5,MOS4,0.008583649633147042,1,8,Hind
subject_12,6,MOS5,-0.0031130433894458135,2,9,Hind
subject_12,10,Ra,-0.00033486671956353247,1,15,Hind
subject_12,11,T,0.00207553255995975,2,17,Mes
subject_12,16,Hb,-0.004502562497971958,1,3,Di
subject_12,20,OB,0.0024964953952942128,1,1,Tel
subject_12,22,P,0.0011192630451274175,2,11,Tel
subject_12,24,PT,-0.012826966568308003,1,13,Di
subject_12,25,PO,-0.004065736452841475,1,12,Tel
subject_12,26,PrT,-0.004520803538059982,1,14,Di
subject_12,28,SP,0.005342812036217131,1,16,Tel
subject_12,29,TeO,-6.50346486742252e-05,15,19,Mes
subject_12,30,Th,-0.006367699076921544,2,20,Di
subject_12,32,TS,-0.001514340726538796,1,18,Mes
subject_12,35,NX,0.015466687366890015,1,10,Hind
subject_12,36,rMON,-0.014584953186320873,2,23,Hind
subject_12,37,rCb,0.0017755168968816416,3,21,Hind
subject_12,38,rMOS1,0.004430654851763542,3,24,Hind
subject_12,39,rMOS2,0.010540939415864991,1,25,Hind
subject_12,40,rMOS3,0.002297846623364672,3,26,Hind
subject_12,41,rMOS4,0.007911923674447851,2,27,Hind
subject_12,42,rMOS5,0.001882239438544141,3,28,Hind
subject_12,46,rRa,0.001965851799746046,1,34,Hind
subject_12,47,rT,-0.006399534908414342,3,36,Mes
subject_12,48,raRF,-0.024028074827228085,1,40,Hind
subject_12,49,rimRF,0.0009875353756130714,1,41,Hind
subject_12,50,rpRF,0.006663942364666484,1,42,Hind
subject_12,52,rHb,-0.009067218516142676,1,22,Di
subject_12,58,rP,0.0047054411308446835,2,30,Tel
subject_12,60,rPT,-0.005807503156422734,1,32,Di
subject_12,61,rPO,-0.006863646615132947,1,31,Tel
subject_12,62,rPrT,0.0033894630420752176,1,33,Di
subject_12,64,rSP,-0.0003223813338591482,1,35,Tel
subject_12,65,rTeO,0.0008062984538299237,18,38,Mes
subject_12,66,rTh,-0.0018865183591263786,2,39,Di
subject_12,68,rTS,-0.0027712257897131417,1,37,Mes
subject_12,71,rNX,0.015945472352468897,1,29,Hind
subject_13,0,MON,-0.004872679353980157,2,4,Hind
subject_13,1,Cb,0.0003005145901633869,4,2,Hind
subject_13,2,MOS1,0.003096553267984418,2,5,Hind
subject_13,3,MOS2,0.002275762963040961,1,6,Hind
subject_13,4,MOS3,0.0017028945302289755,2,7,Hind
subject_13,5,MOS4,0.002207752840535428,2,8,Hind
subject_13,6,MOS5,0.0006479034876819287,2,9,Hind
subject_13,10,Ra,-0.001888119359677984,1,15,Hind
subject_13,11,T,0.0003483171193926515,3,17,Mes
subject_13,16,Hb,-0.0028672645878049688,1,3,Di
subject_13,20,OB,0.004266634932921188,1,1,Tel
subject_13,22,P,0.0036336446322221562,3,11,Tel
subject_13,24,PT,0.0018629159601558306,1,13,Di
subject_13,25,PO,0.0012085736904663279,1,12,Tel
subject_13,26,PrT,0.004249980148305116,1,14,Di
subject_13,28,SP,0.003446601182982244,2,16,Tel
subject_13,29,TeO,0.00018311644876696972,18,19,Mes
subject_13,30,Th,-0.00031167034555204445,2,20,Di
subject_13,32,TS,-0.0015292891326411382,1,18,Mes
subject_13,35,NX,0.0033685105263918623,1,10,Hind
subject_13,36,rMON,-0.0008596364081629953,2,23,Hind
subject_13,37,rCb,-0.0006539076530597972,4,21,Hind
subject_13,38,rMOS1,0.0023400755638149726,3,24,Hind
subject_13,39,rMOS2,0.004051118851631587,1,25,Hind
subject_13,40,rMOS3,0.0009559913494057204,3,26,Hind
subject_13,41,rMOS4,0.002221707049985637,2,27,Hind
subject_13,42,rMOS5,0.0008789605320127077,3,28,Hind
subject_13,46,rRa,-0.004415239388209566,1,34,Hind
subject_13,47,rT,-0.00037749532861590705,3,36,Mes
subject_13,48,raRF,-0.0070815117492916335,1,40,Hind
subject_13,49,rimRF,-0.002233606576580799,1,41,Hind
subject_13,50,rpRF,0.0012072476145579708,2,42,Hind
subject_13,52,rHb,0.00011537645071933428,1,22,Di
subject_13,58,rP,0.004551514355897106,3,30,Tel
subject_13,60,rPT,0.0002680773160652392,1,32,Di
subject_13,61,rPO,-0.000953634318383548,1,31,Tel
subject_13,62,rPrT,0.0025750070626089664,1,33,Di
subject_13,64,rSP,0.002844211995676409,2,35,Tel
subject_13,65,rTeO,0.0005609616256973671,17,38,Mes
subject_13,66,rTh,0.001519963156579964,3,39,Di
subject_13,68,rTS,-0.0024965832063538296,1,37,Mes
subject_13,71,rNX,0.0012567127641252612,1,29,Hind
subject_14,0,MON,-0.007096780430626354,2,4,Hind
subject_14,1,Cb,0.010843373631506349,4,2,Hind
subject_14,2,MOS1,0.005874072035525054,4,5,Hind
subject_14,3,MOS2,0.007337761261336388,2,6,Hind
subject_14,4,MOS3,0.02313998006405463,3,7,Hind
subject_14,5,MOS4,0.014891521571256085,2,8,Hind
subject_14,6,MOS5,0.00928106634657964,3,9,Hind
subject_14,10,Ra,-9.376463323667645e-05,1,15,Hind
subject_14,11,T,-0.009163713586012756,3,17,Mes
subject_14,16,Hb,0.005955504262655806,1,3,Di
subject_14,20,OB,0.005868561710473617,1,1,Tel
subject_14,22,P,0.0059496694491588484,2,11,Tel
subject_14,24,PT,-0.00916012119761317,1,13,Di
subject_14,25,PO,0.0018753423949340892,1,12,Tel
subject_14,26,PrT,-0.0023012065735941506,1,14,Di
subject_14,28,SP,-0.0019105704659129986,2,16,Tel
subject_14,29,TeO,-0.003037769089388351,17,19,Mes
subject_14,30,Th,0.0062175174036149475,2,20,Di
subject_14,32,TS,0.0008586901747007357,1,18,Mes
subject_14,35,NX,0.00861381347606184,1,10,Hind
subject_14,36,rMON,-0.010490705616754428,2,23,Hind
subject_14,37,rCb,-0.0032655301569600908,4,21,Hind
subject_14,38,rMOS1,0.0006468693939909302,4,24,Hind
subject_14,39,rMOS2,-0.011160114592006698,2,25,Hind
subject_14,40,rMOS3,-0.0016882149605378788,3,26,Hind
subject_14,41,rMOS4,0.009668446292930715,2,27,Hind
subject_14,42,rMOS5,0.005122009126389594,4,28,Hind
subject_14,46,rRa,-0.007911673636523772,1,34,Hind
subject_14,47,rT,-0.002072391131345145,3,36,Mes
subject_14,48,raRF,-0.01348894021817302,1,40,Hind
subject_14,49,rimRF,-0.0014969075331468333,1,41,Hind
subject_14,50,rpRF,-0.005131318324790404,2,42,Hind
subject_14,52,rHb,0.022870388356460342,1,22,Di
subject_14,58,rP,0.0068398519978288535,2,30,Tel
subject_14,60,rPT,0.0138168785833264,1,32,Di
subject_14,61,rPO,-0.0004817101035641023,1,31,Tel
subject_14,62,rPrT,0.021408726114657394,1,33,Di
subject_14,64,rSP,-0.0025948254090318937,1,35,Tel
subject_14,65,rTeO,0.0024984060472929164,16,38,Mes
subject_14,66,rTh,0.01673757096706172,3,39,Di
subject_14,68,rTS,-0.010298092719158344,1,37,Mes
subject_14,71,rNX,-0.0046565673898077906,1,29,Hind
subject_15,0,MON,0.0021519972346622676,1,4,Hind
subject_15,1,Cb,-0.0012184002409331297,3,2,Hind
subject_15,2,MOS1,0.016125975440058855,3,5,Hind
subject_15,3,MOS2,0.02496714191499209,1,6,Hind
subject_15,4,MOS3,0.012091996538801542,2,7,Hind
subject_15,5,MOS4,0.012551519363881703,2,8,Hind
subject_15,6,MOS5,0.017739069660458035,2,9,Hind
subject_15,10,Ra,0.005766992643482723,1,15,Hind
subject_15,11,T,-0.0006988996232217917,1,17,Mes
subject_15,16,Hb,-0.006316452381209388,1,3,Di
subject_15,20,OB,-0.0045006035158417085,1,1,Tel
subject_15,22,P,0.006303219273232467,1,11,Tel
subject_15,24,PT,0.0014175520119689257,1,13,Di
subject_15,25,PO,0.008835844186249036,1,12,Tel
subject_15,26,PrT,-0.001332610829067193,1,14,Di
subject_15,28,SP,0.023751184388413827,1,16,Tel
subject_15,29,TeO,-0.007495187690753841,10,19,Mes
subject_15,30,Th,0.0026084062920279675,2,20,Di
subject_15,32,TS,-0.008702332635798525,1,18,Mes
subject_15,35,NX,0.012204793268041893,1,10,Hind
subject_15,36,rMON,0.001917544055182872,2,23,Hind
subject_15,37,rCb,0.002149108240490151,3,21,Hind
subject_15,38,rMOS1,0.01437668030537348,2,24,Hind
subject_15,39,rMOS2,0.021912917758304805,1,25,Hind
subject_15,40,rMOS3,0.013432213720500444,2,26,Hind
subject_15,41,rMOS4,0.014467734469088299,2,27,Hind
subject_15,42,rMOS5,0.008213609680826713,3,28,Hind
subject_15,46,rRa,0.009047515887313335,1,34,Hind
subject_15,47,rT,0.0050771360476272115,1,36,Mes
subject_15,48,raRF,-0.008421609688822669,1,40,Hind
subject_15,49,rimRF,-0.002843312466681832,1,41,Hind
subject_15,50,rpRF,0.0036755568056431025,1,42,Hind
subject_15,52,rHb,-0.010508146214485424,1,22,Di
subject_15,58,rP,0.0007068677390069802,1,30,Tel
subject_15,60,rPT,-0.012671673895641987,1,32,Di
subject_15,61,rPO,0.013809828559677911,1,31,Tel
subject_15,62,rPrT,-0.0011427011257861355,1,33,Di
subject_15,64,rSP,0.017929840723261127,1,35,Tel
subject_15,65,rTeO,-0.004860812046323816,10,38,Mes
subject_15,66,rTh,-0.004118523578642068,2,39,Di
subject_15,68,rTS,-0.031127366537475953,1,37,Mes
subject_15,71,rNX,0.004839343430513394,1,29,Hind
subject_16,0,MON,0.0007512564068892336,2,4,Hind
subject_16,1,Cb,0.0010617699834153012,4,2,Hind
subject_16,2,MOS1,0.0019909361212328155,3,5,Hind
subject_16,3,MOS2,-5.273019551167724e-05,1,6,Hind
subject_16,4,MOS3,0.0017278603221051042,3,7,Hind
subject_16,5,MOS4,-0.00041760297386906443,2,8,Hind
subject_16,6,MOS5,0.0030786778051154406,2,9,Hind
subject_16,10,Ra,-0.002066493493922985,1,15,Hind
subject_16,11,T,-0.004050692149978288,2,17,Mes
subject_16,16,Hb,-0.00035774177575253655,1,3,Di
subject_16,20,OB,0.006267801738121668,1,1,Tel
subject_16,22,P,0.005930620471400892,1,11,Tel
subject_16,24,PT,-0.004294205910990708,1,13,Di
subject_16,25,PO,0.0004941066472647597,1,12,Tel
subject_16,26,PrT,-0.008520402608692707,1,14,Di
subject_16,28,SP,0.008027472185234062,1,16,Tel
subject_16,29,TeO,-0.002021385583071649,15,19,Mes
subject_16,30,Th,-0.0010408948623450097,2,20,Di
subject_16,32,TS,-0.00203053599253512,1,18,Mes
subject_16,35,NX,0.0013835795227993023,1,10,Hind
subject_16,36,rMON,-0.0008449870422081163,2,23,Hind
subject_16,37,rCb,-0.002147869661579066,4,21,Hind
subject_16,38,rMOS1,0.004186262539280502,3,24,Hind
subject_16,39,rMOS2,-0.0006366341779798284,1,25,Hind
subject_16,40,rMOS3,0.005263365881145021,3,26,Hind
subject_16,41,rMOS4,0.000858274595781465,3,27,Hind
subject_16,42,rMOS5,0.0005760600256270231,4,28,Hind
subject_16,46,rRa,0.0011101722643388592,1,34,Hind
subject_16,47,rT,-0.002039302073546284,2,36,Mes
subject_16,48,raRF,-0.006804545088547681,1,40,Hind
subject_16,49,rimRF,0.004043739518964895,1,41,Hind
subject_16,50,rpRF,0.005387499380721879,1,42,Hind
subject_16,52,rHb,0.001421589325873152,1,22,Di
subject_16,58,rP,0.0005744522518040266,1,30,Tel
subject_16,60,rPT,0.00668021508899439,1,32,Di
subject_16,61,rPO,0.007321519779073883,1,31,Tel
subject_16,62,rPrT,-0.0076657877840162775,1,33,Di
subject_16,64,rSP,0.007531123166692652,1,35,Tel
subject_16,65,rTeO,0.00015263303744669996,15,38,Mes
subject_16,66,rTh,0.002481898037445593,2,39,Di
subject_16,68,rTS,-0.004597794125475671,1,37,Mes
subject_16,71,rNX,0.0008109229627153716,1,29,Hind
subject_17,0,MON,0.003810122288292145,1,4,Hind
subject_17,1,Cb,0.0016453075832700028,4,2,Hind
subject_17,2,MOS1,0.003545724141770344,2,5,Hind
subject_17,3,MOS2,0.003475957886796571,1,6,Hind
subject_17,4,MOS3,0.004608784258008513,2,7,Hind
subject_17,5,MOS4,0.003258503028228952,1,8,Hind
subject_17,6,MOS5,0.0017122660560087064,2,9,Hind
subject_17,10,Ra,-0.0029011132768834423,1,15,Hind
subject_17,11,T,-0.0006086594419160351,2,17,Mes
subject_17,16,Hb,0.0013619355928397845,1,3,Di
subject_17,20,OB,0.0006396735935524239,1,1,Tel
subject_17,22,P,0.007025362056053426,1,11,Tel
subject_17,24,PT,-0.004207310584867841,1,13,Di
subject_17,25,PO,-0.0062682723826671845,1,12,Tel
subject_17,26,PrT,-0.004371190297653818,1,14,Di
subject_17,28,SP,0.006327992402538799,1,16,Tel
subject_17,29,TeO,0.0006346339868169724,19,19,Mes
subject_17,30,Th,-2.595477215969427e-06,1,20,Di
subject_17,32,TS,-0.0021141898765227383,1,18,Mes
subject_17,35,NX,0.00231766304898927,1,10,Hind
subject_17,36,rMON,0.0009641867498069824,2,23,Hind
subject_17,37,rCb,0.00014162310393649657,5,21,Hind
subject_17,38,rMOS1,0.0021997463479573793,3,24,Hind
subject_17,39,rMOS2,-0.0006760686995954631,1,25,Hind
subject_17,40,rMOS3,-0.000897007342498422,3,26,Hind
subject_17,41,rMOS4,0.0009526931565553068,2,27,Hind
subject_17,42,rMOS5,0.001160420604192933,3,28,Hind
subject_17,46,rRa,-0.004258441133604589,1,34,Hind
subject_17,47,rT,0.0012579239274880596,2,36,Mes
subject_17,48,raRF,-0.006208049349602702,1,40,Hind
subject_17,49,rimRF,-0.00029960416928106163,1,41,Hind
subject_17,50,rpRF,-0.0009318127406390337,1,42,Hind
subject_17,52,rHb,0.0046645649137277,1,22,Di
subject_17,58,rP,0.0005128664542628466,2,30,Tel
subject_17,60,rPT,0.0012743029623713733,1,32,Di
subject_17,61,rPO,0.0013889117018371611,1,31,Tel
subject_17,62,rPrT,-0.0007947385376625681,1,33,Di
subject_17,64,rSP,0.01007944221051955,1,35,Tel
subject_17,65,rTeO,0.00012863767171339765,19,38,Mes
subject_17,66,rTh,0.002092527082285962,2,39,Di
subject_17,68,rTS,-0.004218775513176813,1,37,Mes
subject_17,71,rNX,0.0015960722355248002,1,29,Hind
subject_18,0,MON,0.003137234322869076,1,4,Hind
subject_18,1,Cb,-0.0010278386427112977,4,2,Hind
subject_18,2,MOS1,-0.000556886339908305,2,5,Hind
subject_18,3,MOS2,-0.0012079759199971481,1,6,Hind
subject_18,4,MOS3,0.0023414087697615706,2,7,Hind
subject_18,5,MOS4,-0.0026590499522065702,1,8,Hind
subject_18,6,MOS5,0.0006329154221172574,2,9,Hind
subject_18,10,Ra,0.00025906085990900135,1,15,Hind
subject_18,11,T,-0.002930144825830805,2,17,Mes
subject_18,16,Hb,0.002014132254700456,1,3,Di
subject_18,20,OB,0.0007963884075150035,1,1,Tel
subject_18,22,P,0.0020008466875902162,1,11,Tel
subject_18,24,PT,-0.0017587512034207091,1,13,Di
subject_18,25,PO,-0.002674325875248419,1,12,Tel
subject_18,26,PrT,0.0007460641721109268,1,14,Di
subject_18,28,SP,0.00211960387563403,1,16,Tel
subject_18,29,TeO,-0.0010019391627171211,16,19,Mes
subject_18,30,Th,0.0010166973647456232,1,20,Di
subject_18,32,TS,-0.00046117456802008,1,18,Mes
subject_18,35,NX,0.0005911415400615388,1,10,Hind
subject_18,36,rMON,0.0018627471305495925,1,23,Hind
subject_18,37,rCb,0.0009476656773198717,4,21,Hind
subject_18,38,rMOS1,0.00016267610938453395,3,24,Hind
subject_18,39,rMOS2,0.0005751911754241155,1,25,Hind
subject_18,40,rMOS3,0.001766993151416553,2,26,Hind
subject_18,41,rMOS4,-0.0012551748409423806,2,27,Hind
subject_18,42,rMOS5,-0.0012876020602379124,2,28,Hind
subject_18,46,rRa,0.0010632213404709358,1,34,Hind
subject_18,47,rT,0.003084543196749918,2,36,Mes
subject_18,48,raRF,-0.004597368747593686,1,40,Hind
subject_18,49,rimRF,-0.003736606201448511,1,41,Hind
subject_18,50,rpRF,-0.002955229665375761,1,42,Hind
subject_18,52,rHb,-0.0007005987388303545,1,22,Di
subject_18,58,rP,0.0033122896819600543,1,30,Tel
subject_18,60,rPT,0.001923791607123624,1,32,Di
subject_18,61,rPO,0.007227201716627111,1,31,Tel
subject_18,62,rPrT,0.0043619740178091684,1,33,Di
subject_18,64,rSP,-0.00013354716510805608,1,35,Tel
subject_18,65,rTeO,0.0008652863848861294,14,38,Mes
subject_18,66,rTh,0.004206373546292766,2,39,Di
subject_18,68,rTS,-0.0013106643688987592,1,37,Mes
subject_18,71,rNX,-0.00381584693323604,1,29,Hind
