recording_id,surrogate,mean_abs_NetTE,extreme_pair_fraction
subject_12,1,0.011351803317666054,0.05507246376811594
subject_12,2,0.011480063199996948,0.057513348588863464
subject_12,3,0.011283316649496555,0.0540045766590389
subject_12,4,0.01134585402905941,0.058886346300533944
subject_12,5,0.011384924873709679,0.058123569794050346
subject_12,6,0.011425054632127285,0.06041189931350115
subject_12,7,0.011236727237701416,0.058123569794050346
subject_12,8,0.011363977566361427,0.056292906178489706
subject_12,9,0.011383079923689365,0.055835240274599546
subject_12,10,0.011329992674291134,0.056140350877192984
subject_12,11,0.011398269794881344,0.058428680396643784
subject_12,12,0.01145294401794672,0.060259344012204424
subject_12,13,0.011265142820775509,0.05369946605644546
subject_12,14,0.011467804200947285,0.06193745232646834
subject_12,15,0.011387485079467297,0.059038901601830666
subject_12,16,0.011350165121257305,0.05491990846681922
subject_12,17,0.01129637099802494,0.056750572082379866
subject_12,18,0.011382479220628738,0.057665903890160186
subject_12,19,0.011366423219442368,0.05461479786422578
subject_12,20,0.011290255934000015,0.058581235697940506
subject_12,21,0.011304623447358608,0.05644546147978642
subject_12,22,0.011525017209351063,0.06331045003813883
subject_12,23,0.011426322162151337,0.059801678108314264
subject_12,24,0.011359143070876598,0.06132723112128147
subject_12,25,0.011404155753552914,0.060259344012204424
subject_12,26,0.011486688628792763,0.05690312738367658
subject_12,27,0.011733108200132847,0.06331045003813883
subject_12,28,0.011322512291371822,0.05919145690312738
subject_12,29,0.011280804872512817,0.058581235697940506
subject_12,30,0.01133757084608078,0.055835240274599546
subject_12,31,0.01138166431337595,0.0532418001525553
subject_12,32,0.01134356576949358,0.057513348588863464
subject_12,33,0.011417731642723083,0.06102212051868802
subject_12,34,0.01125256810337305,0.05919145690312738
subject_12,35,0.011415146291255951,0.058886346300533944
subject_12,36,0.011301534250378609,0.0578184591914569
subject_12,37,0.011391161940991879,0.05827612509534706
subject_12,38,0.011547439731657505,0.061174675819984745
subject_12,39,0.011622635647654533,0.05827612509534706
subject_12,40,0.011629408225417137,0.06102212051868802
subject_12,41,0.011413494125008583,0.06529366895499619
subject_12,42,0.01158740371465683,0.05995423340961099
subject_12,43,0.011347818188369274,0.05446224256292906
subject_12,44,0.01128352526575327,0.059038901601830666
subject_12,45,0.01137272547930479,0.058581235697940506
subject_12,46,0.011454545892775059,0.05995423340961099
subject_12,47,0.011309055611491203,0.05339435545385202
subject_12,48,0.011354740709066391,0.05964912280701754
subject_12,49,0.011508520692586899,0.06376811594202898
subject_12,50,0.011377900838851929,0.056598016781083144
subject_12,51,0.011308664456009865,0.059496567505720827
subject_12,52,0.011296901851892471,0.0601067887109077
subject_12,53,0.011349949054419994,0.060717009916094584
subject_12,54,0.01137067936360836,0.061174675819984745
subject_12,55,0.011385698802769184,0.05690312738367658
subject_12,56,0.011205674149096012,0.05217391304347826
subject_12,57,0.01128239743411541,0.05964912280701754
subject_12,58,0.011411506682634354,0.06041189931350115
subject_12,59,0.011227047070860863,0.05354691075514874
subject_12,60,0.011251484043896198,0.059344012204424104
subject_12,61,0.011204436421394348,0.05507246376811594
subject_12,62,0.011384526267647743,0.057208237986270026
subject_12,63,0.011561073362827301,0.058123569794050346
subject_12,64,0.011481242254376411,0.060259344012204424
subject_12,65,0.011266971938312054,0.05827612509534706
subject_12,66,0.011297516524791718,0.05537757437070938
subject_12,67,0.011557819321751595,0.06483600305110603
subject_12,68,0.0113998893648386,0.056598016781083144
subject_12,69,0.011582051403820515,0.057208237986270026
subject_12,70,0.011599144898355007,0.06178489702517163
subject_12,71,0.011528152041137218,0.06361556064073226
subject_12,72,0.01126894261687994,0.056750572082379866
subject_12,73,0.011415764689445496,0.058581235697940506
subject_12,74,0.011337573640048504,0.05964912280701754
subject_12,75,0.01134441513568163,0.055835240274599546
subject_12,76,0.01155077200382948,0.0639206712433257
subject_12,77,0.011395582929253578,0.057665903890160186
subject_12,78,0.011122167110443115,0.05354691075514874
subject_12,79,0.01137335691601038,0.058428680396643784
subject_12,80,0.011328711174428463,0.061174675819984745
subject_12,81,0.01150186825543642,0.059038901601830666
subject_12,82,0.011405808851122856,0.06147978642257818
subject_12,83,0.011275802738964558,0.059038901601830666
subject_12,84,0.011373440735042095,0.056598016781083144
subject_12,85,0.0111717963591218,0.057208237986270026
subject_12,86,0.01151412632316351,0.059801678108314264
subject_12,87,0.011347835883498192,0.05736079328756674
subject_12,88,0.011461116373538971,0.060717009916094584
subject_12,89,0.011543749831616879,0.06178489702517163
subject_12,90,0.011341452598571777,0.05964912280701754
subject_12,91,0.011115952394902706,0.05110602593440122
subject_12,92,0.011337595991790295,0.059038901601830666
subject_12,93,0.011513683944940567,0.057513348588863464
subject_12,94,0.011354777961969376,0.05736079328756674
subject_12,95,0.011494668200612068,0.05827612509534706
subject_12,96,0.01168152131140232,0.06483600305110603
subject_12,97,0.011342300102114677,0.06056445461479786
subject_12,98,0.011476150713860989,0.06041189931350115
subject_12,99,0.01165954302996397,0.06636155606407322
subject_12,100,0.011321325786411762,0.05339435545385202
subject_12,101,0.011270204558968544,0.056292906178489706
subject_12,102,0.011545439250767231,0.056140350877192984
subject_12,103,0.01136955339461565,0.059496567505720827
subject_12,104,0.0115593196824193,0.06132723112128147
subject_12,105,0.011511605232954025,0.06086956521739131
subject_12,106,0.01139073260128498,0.059496567505720827
subject_12,107,0.011330826207995415,0.060717009916094584
subject_12,108,0.01149353664368391,0.06102212051868802
subject_12,109,0.011640088632702827,0.06331045003813883
subject_12,110,0.011400007642805576,0.0601067887109077
subject_12,111,0.011308732442557812,0.056292906178489706
subject_12,112,0.011277373880147934,0.057208237986270026
subject_12,113,0.011503336951136589,0.060259344012204424
subject_12,114,0.011243765242397785,0.05964912280701754
subject_12,115,0.01128005888313055,0.05537757437070938
subject_12,116,0.011339942924678326,0.05598779557589626
subject_12,117,0.011249777860939503,0.05995423340961099
subject_12,118,0.011587345041334629,0.06147978642257818
subject_12,119,0.011391110718250275,0.060717009916094584
subject_12,120,0.01140734925866127,0.06224256292906179
subject_12,121,0.01144650112837553,0.061632341723874905
subject_12,122,0.011247871443629265,0.061174675819984745
subject_12,123,0.011356550268828869,0.05522501906941266
subject_12,124,0.011346796527504921,0.058581235697940506
subject_12,125,0.011553284712135792,0.06254767353165523
subject_12,126,0.01131709385663271,0.058428680396643784
subject_12,127,0.011284442618489265,0.05644546147978642
subject_12,128,0.011392132379114628,0.06132723112128147
subject_12,129,0.011488473042845726,0.06147978642257818
subject_12,130,0.01142927072942257,0.06315789473684211
subject_12,131,0.011687150225043297,0.05919145690312738
subject_12,132,0.011285677552223206,0.055835240274599546
subject_12,133,0.011215931735932827,0.0578184591914569
subject_12,134,0.011593464761972427,0.06666666666666667
subject_12,135,0.011476566083729267,0.058123569794050346
subject_12,136,0.01124156080186367,0.05339435545385202
subject_12,137,0.011419021524488926,0.0540045766590389
subject_12,138,0.011428846046328545,0.059038901601830666
subject_12,139,0.01126743946224451,0.05461479786422578
subject_12,140,0.01142521295696497,0.06132723112128147
subject_12,141,0.011371897533535957,0.05339435545385202
subject_12,142,0.011365826241672039,0.059801678108314264
subject_12,143,0.011416411958634853,0.06285278413424866
subject_12,144,0.01122773252427578,0.06056445461479786
subject_12,145,0.011314097791910172,0.059038901601830666
subject_12,146,0.01157472189515829,0.058886346300533944
subject_12,147,0.01141337864100933,0.057971014492753624
subject_12,148,0.011336150579154491,0.05690312738367658
subject_12,149,0.011356036178767681,0.06102212051868802
subject_12,150,0.011511918157339096,0.060717009916094584
subject_12,151,0.011284265667200089,0.05278413424866514
subject_12,152,0.011302675120532513,0.06056445461479786
subject_12,153,0.011299267411231995,0.057971014492753624
subject_12,154,0.011171212419867516,0.05522501906941266
subject_12,155,0.011453467421233654,0.057971014492753624
subject_12,156,0.011140472255647182,0.05278413424866514
subject_12,157,0.011358596384525299,0.057971014492753624
subject_12,158,0.011511734686791897,0.057055682684973304
subject_12,159,0.011242317035794258,0.05964912280701754
subject_12,160,0.011196165345609188,0.057055682684973304
subject_12,161,0.011228017508983612,0.056598016781083144
subject_12,162,0.011643541976809502,0.06132723112128147
subject_12,163,0.01157302875071764,0.06361556064073226
subject_12,164,0.011160292662680149,0.05919145690312738
subject_12,165,0.011217472143471241,0.057055682684973304
subject_12,166,0.011346027255058289,0.059496567505720827
subject_12,167,0.011338322423398495,0.06346300533943555
subject_12,168,0.011400884948670864,0.058428680396643784
subject_12,169,0.01111080963164568,0.056140350877192984
subject_12,170,0.011547887697815895,0.06315789473684211
subject_12,171,0.011458202265202999,0.057055682684973304
subject_12,172,0.01148824580013752,0.059344012204424104
subject_12,173,0.011490517295897007,0.0578184591914569
subject_12,174,0.011416812427341938,0.06254767353165523
subject_12,175,0.011471403762698174,0.05827612509534706
subject_12,176,0.0113975265994668,0.057208237986270026
subject_12,177,0.01128620095551014,0.057971014492753624
subject_12,178,0.011469812132418156,0.058428680396643784
subject_12,179,0.01164209097623825,0.06254767353165523
subject_12,180,0.011378332041203976,0.05827612509534706
subject_12,181,0.011236141435801983,0.05461479786422578
subject_12,182,0.011248798109591007,0.06178489702517163
subject_12,183,0.011535258032381535,0.06132723112128147
subject_12,184,0.0114609245210886,0.06285278413424866
subject_12,185,0.011482144705951214,0.061174675819984745
subject_12,186,0.01147373951971531,0.058123569794050346
subject_12,187,0.011395592242479324,0.056750572082379866
subject_12,188,0.01155439019203186,0.05415713196033562
subject_12,189,0.011485054157674313,0.061632341723874905
subject_12,190,0.011427981778979301,0.06270022883295194
subject_12,191,0.011283507570624352,0.056292906178489706
subject_12,192,0.0113536287099123,0.059496567505720827
subject_12,193,0.011316439136862755,0.05964912280701754
subject_12,194,0.011297731660306454,0.05568268497330282
subject_12,195,0.011249059811234474,0.05598779557589626
subject_12,196,0.011322873644530773,0.06147978642257818
subject_12,197,0.011322691105306149,0.059496567505720827
subject_12,198,0.011309959925711155,0.05964912280701754
subject_12,199,0.011512885801494122,0.06193745232646834
subject_12,200,0.011510413140058517,0.058886346300533944
subject_13,1,0.006077715195715427,0.06128958760537708
subject_13,2,0.006032988429069519,0.05787195260879471
subject_13,3,0.005997414700686932,0.05616313511050353
subject_13,4,0.006005551666021347,0.060719981772613354
subject_13,5,0.006142896134406328,0.060719981772613354
subject_13,6,0.006109725683927536,0.061175666438824335
subject_13,7,0.006043145898729563,0.05718842560947824
subject_13,8,0.006106503773480654,0.061631351105035315
subject_13,9,0.00612605782225728,0.059466848940533154
subject_13,10,0.006028805859386921,0.057302346776030987
subject_13,11,0.006071093492209911,0.05718842560947824
subject_13,12,0.0060060773976147175,0.05775803144224197
subject_13,13,0.006021309643983841,0.05707450444292549
subject_13,14,0.006081732455641031,0.06094782410571884
subject_13,15,0.006166767328977585,0.06049213943950786
subject_13,16,0.006050541065633297,0.057302346776030987
subject_13,17,0.006040706764906645,0.055593529277739806
subject_13,18,0.0060854083858430386,0.05832763727500569
subject_13,19,0.006034545134752989,0.05901116427432217
subject_13,20,0.006027659866958857,0.05491000227842333
subject_13,21,0.006065156310796738,0.05923900660742766
subject_13,22,0.0060944948345422745,0.06311232627022101
subject_13,23,0.006117502227425575,0.06106174527227159
subject_13,24,0.006017901469022036,0.05844155844155844
subject_13,25,0.006067843176424503,0.05718842560947824
subject_13,26,0.006064015440642834,0.05889724310776942
subject_13,27,0.00600625853985548,0.05809979494190021
subject_13,28,0.006129574030637741,0.059922533606744134
subject_13,29,0.006040497217327356,0.056846662109820006
subject_13,30,0.006086375564336777,0.060378218272955114
subject_13,31,0.0061727180145680904,0.05901116427432217
subject_13,32,0.0061300937086343765,0.06151742993848257
subject_13,33,0.006016700062900782,0.05753018910913648
subject_13,34,0.006125422660261393,0.06015037593984962
subject_13,35,0.006111862137913704,0.05616313511050353
subject_13,36,0.006141626741737127,0.06106174527227159
subject_13,37,0.0061043910682201385,0.058213716108452954
subject_13,38,0.006069206167012453,0.05696058327637275
subject_13,39,0.006047168746590614,0.05764411027568922
subject_13,40,0.006049271207302809,0.05798587377534746
subject_13,41,0.006105846259742975,0.06015037593984962
subject_13,42,0.006145334802567959,0.06254272043745727
subject_13,43,0.006120035890489817,0.05707450444292549
subject_13,44,0.006019009742885828,0.05673274094326726
subject_13,45,0.006061411462724209,0.05673274094326726
subject_13,46,0.006021945271641016,0.05593529277739804
subject_13,47,0.006074890028685331,0.05935292777398041
subject_13,48,0.00607855012640357,0.06049213943950786
subject_13,49,0.006078676320612431,0.06185919343814081
subject_13,50,0.006085383240133524,0.057302346776030987
subject_13,51,0.006132877431809902,0.06220095693779904
subject_13,52,0.006138727068901062,0.05764411027568922
subject_13,53,0.006140708923339844,0.05889724310776942
subject_13,54,0.00607634661719203,0.05582137161084529
subject_13,55,0.006197171285748482,0.060833902939166094
subject_13,56,0.006061688996851444,0.056846662109820006
subject_13,57,0.00605925265699625,0.05787195260879471
subject_13,58,0.006073744501918554,0.05422647527910686
subject_13,59,0.00617222860455513,0.05673274094326726
subject_13,60,0.006001987960189581,0.057302346776030987
subject_13,61,0.006003012880682945,0.05456823877876509
subject_13,62,0.006043324247002602,0.05570745044429255
subject_13,63,0.00611657602712512,0.06174527227158806
subject_13,64,0.006081745494157076,0.06322624743677376
subject_13,65,0.006037562154233456,0.054796081111870586
subject_13,66,0.006082457955926657,0.060378218272955114
subject_13,67,0.006069954484701157,0.054796081111870586
subject_13,68,0.006068389862775803,0.05798587377534746
subject_13,69,0.006031631026417017,0.06003645477329688
subject_13,70,0.006032660603523254,0.05923900660742766
subject_13,71,0.00607933709397912,0.061631351105035315
subject_13,72,0.006054277066141367,0.05718842560947824
subject_13,73,0.0061012436635792255,0.05787195260879471
subject_13,74,0.005986690055578947,0.05627705627705628
subject_13,75,0.006085909903049469,0.061973114604693555
subject_13,76,0.006112207658588886,0.058669400774663934
subject_13,77,0.005981153342872858,0.059125085440874914
subject_13,78,0.006113852374255657,0.05878332194121668
subject_13,79,0.006122704595327377,0.06390977443609022
subject_13,80,0.006088574416935444,0.06106174527227159
subject_13,81,0.006081303581595421,0.05969469127363864
subject_13,82,0.00595365185290575,0.05342902711323764
subject_13,83,0.006076629739254713,0.05923900660742766
subject_13,84,0.00602324865758419,0.058669400774663934
subject_13,85,0.006086959037929773,0.059922533606744134
subject_13,86,0.006014346610754728,0.05502392344497608
subject_13,87,0.0060687498189508915,0.060378218272955114
subject_13,88,0.006109891925007105,0.05696058327637275
subject_13,89,0.005935329012572765,0.05764411027568922
subject_13,90,0.006073358003050089,0.05764411027568922
subject_13,91,0.006080693565309048,0.060833902939166094
subject_13,92,0.006063160952180624,0.060833902939166094
subject_13,93,0.006109995301812887,0.06151742993848257
subject_13,94,0.006009964272379875,0.05798587377534746
subject_13,95,0.006113090552389622,0.05775803144224197
subject_13,96,0.006131322123110294,0.06174527227158806
subject_13,97,0.006093333940953016,0.05832763727500569
subject_13,98,0.006120300851762295,0.06277056277056277
subject_13,99,0.006049753166735172,0.058213716108452954
subject_13,100,0.00607918668538332,0.05923900660742766
subject_13,101,0.005991852842271328,0.05673274094326726
subject_13,102,0.006139953620731831,0.061631351105035315
subject_13,103,0.006028005387634039,0.05878332194121668
subject_13,104,0.006070719566196203,0.05935292777398041
subject_13,105,0.006086391396820545,0.05764411027568922
subject_13,106,0.006071367301046848,0.058669400774663934
subject_13,107,0.006054189056158066,0.056846662109820006
subject_13,108,0.006217722315341234,0.06094782410571884
subject_13,109,0.006076148711144924,0.05593529277739804
subject_13,110,0.005982117261737585,0.054340396445659606
subject_13,111,0.0061261700466275215,0.05969469127363864
subject_13,112,0.006015298888087273,0.053998632946001365
subject_13,113,0.006014310289174318,0.056846662109820006
subject_13,114,0.006115455646067858,0.059922533606744134
subject_13,115,0.006140267476439476,0.05787195260879471
subject_13,116,0.006128003820776939,0.056049213943950786
subject_13,117,0.006073628552258015,0.055251765778081566
subject_13,118,0.0061288815923035145,0.060719981772613354
subject_13,119,0.00616537407040596,0.05889724310776942
subject_13,120,0.006013125646859407,0.05661881977671451
subject_13,121,0.006089727394282818,0.06277056277056277
subject_13,122,0.006030003074556589,0.060378218272955114
subject_13,123,0.006038801744580269,0.056504898610161766
subject_13,124,0.005983539391309023,0.05627705627705628
subject_13,125,0.005981266498565674,0.06094782410571884
subject_13,126,0.006021918263286352,0.058669400774663934
subject_13,127,0.006079035811126232,0.056049213943950786
subject_13,128,0.006116345524787903,0.062428799270904535
subject_13,129,0.00605035200715065,0.05969469127363864
subject_13,130,0.0061605884693562984,0.05764411027568922
subject_13,131,0.006105305626988411,0.05923900660742766
subject_13,132,0.006110724061727524,0.06060606060606061
subject_13,133,0.006108134053647518,0.06277056277056277
subject_13,134,0.006204523146152496,0.059580770107085894
subject_13,135,0.006053265184164047,0.056504898610161766
subject_13,136,0.0059944624081254005,0.05593529277739804
subject_13,137,0.006150091998279095,0.060833902939166094
subject_13,138,0.006122509948909283,0.05661881977671451
subject_13,139,0.0061695994809269905,0.06185919343814081
subject_13,140,0.006087576504796743,0.05901116427432217
subject_13,141,0.006050979718565941,0.058669400774663934
subject_13,142,0.0059807454235851765,0.05809979494190021
subject_13,143,0.006082095671445131,0.05787195260879471
subject_13,144,0.006031088065356016,0.05787195260879471
subject_13,145,0.006090582814067602,0.06003645477329688
subject_13,146,0.00616559898480773,0.059922533606744134
subject_13,147,0.006075533572584391,0.05753018910913648
subject_13,148,0.006067823152989149,0.05832763727500569
subject_13,149,0.006086011882871389,0.05798587377534746
subject_13,150,0.006015955936163664,0.06003645477329688
subject_13,151,0.0061183194629848,0.059466848940533154
subject_13,152,0.0060105775482952595,0.05661881977671451
subject_13,153,0.0060617392882704735,0.05935292777398041
subject_13,154,0.00601943489164114,0.05787195260879471
subject_13,155,0.006139034405350685,0.06288448393711552
subject_13,156,0.006030005402863026,0.05661881977671451
subject_13,157,0.0060640680603682995,0.055251765778081566
subject_13,158,0.006171950604766607,0.06106174527227159
subject_13,159,0.005951833911240101,0.05775803144224197
subject_13,160,0.006099415943026543,0.05980861244019139
subject_13,161,0.00604902533814311,0.058669400774663934
subject_13,162,0.006018687970936298,0.05889724310776942
subject_13,163,0.00609436072409153,0.06003645477329688
subject_13,164,0.0062275477685034275,0.059125085440874914
subject_13,165,0.006150536704808474,0.059125085440874914
subject_13,166,0.005941999610513449,0.05513784461152882
subject_13,167,0.0059867436066269875,0.05844155844155844
subject_13,168,0.0061174905858933926,0.05969469127363864
subject_13,169,0.006100413389503956,0.05980861244019139
subject_13,170,0.006091323681175709,0.06049213943950786
subject_13,171,0.006141625810414553,0.061631351105035315
subject_13,172,0.006082089617848396,0.06003645477329688
subject_13,173,0.0060449386946856976,0.054796081111870586
subject_13,174,0.006032613106071949,0.06060606060606061
subject_13,175,0.005992869380861521,0.05217589428115744
subject_13,176,0.006118945777416229,0.060378218272955114
subject_13,177,0.006146250292658806,0.05696058327637275
subject_13,178,0.006094599142670631,0.05753018910913648
subject_13,179,0.006119104102253914,0.059922533606744134
subject_13,180,0.006080508232116699,0.05980861244019139
subject_13,181,0.0060654571279883385,0.06379585326953748
subject_13,182,0.006052110809832811,0.05969469127363864
subject_13,183,0.0061471667140722275,0.059580770107085894
subject_13,184,0.005932174623012543,0.05491000227842333
subject_13,185,0.006082415115088224,0.05889724310776942
subject_13,186,0.006026124581694603,0.056504898610161766
subject_13,187,0.006001082714647055,0.057302346776030987
subject_13,188,0.006190252490341663,0.062428799270904535
subject_13,189,0.0061290208250284195,0.05855547960811119
subject_13,190,0.006072118412703276,0.05832763727500569
subject_13,191,0.006172281224280596,0.05832763727500569
subject_13,192,0.00613253703340888,0.05969469127363864
subject_13,193,0.00605039531365037,0.05673274094326726
subject_13,194,0.006119123660027981,0.05923900660742766
subject_13,195,0.006122981198132038,0.06003645477329688
subject_13,196,0.006070230156183243,0.06003645477329688
subject_13,197,0.006179017946124077,0.059125085440874914
subject_13,198,0.006022541783750057,0.05570745044429255
subject_13,199,0.006103165447711945,0.059125085440874914
subject_13,200,0.0060968585312366486,0.05798587377534746
subject_14,1,0.015327229164540768,0.05753018910913648
subject_14,2,0.015461582690477371,0.05616313511050353
subject_14,3,0.015280080027878284,0.05696058327637275
subject_14,4,0.015652235597372055,0.06254272043745727
subject_14,5,0.015420450828969479,0.05775803144224197
subject_14,6,0.015561986714601517,0.05889724310776942
subject_14,7,0.015442817471921444,0.05285942128047391
subject_14,8,0.015263362787663937,0.05764411027568922
subject_14,9,0.015418246388435364,0.05593529277739804
subject_14,10,0.01565675251185894,0.062087035771246295
subject_14,11,0.015364096499979496,0.05901116427432217
subject_14,12,0.015580353327095509,0.06106174527227159
subject_14,13,0.015435755252838135,0.06060606060606061
subject_14,14,0.015339722856879234,0.056049213943950786
subject_14,15,0.015580699779093266,0.06026429710640237
subject_14,16,0.01532218512147665,0.056049213943950786
subject_14,17,0.015352903865277767,0.061973114604693555
subject_14,18,0.015414213761687279,0.056049213943950786
subject_14,19,0.015154936350882053,0.05377079061289588
subject_14,20,0.015427944250404835,0.053087263613579405
subject_14,21,0.015151096507906914,0.05696058327637275
subject_14,22,0.015516836196184158,0.05753018910913648
subject_14,23,0.015451875515282154,0.06231487810435179
subject_14,24,0.015190990641713142,0.052745500113921165
subject_14,25,0.015470738522708416,0.05855547960811119
subject_14,26,0.015699444338679314,0.06140350877192982
subject_14,27,0.015449833124876022,0.05798587377534746
subject_14,28,0.015437887981534004,0.061175666438824335
subject_14,29,0.015248334966599941,0.05570745044429255
subject_14,30,0.01548671443015337,0.05855547960811119
subject_14,31,0.01535766664892435,0.054796081111870586
subject_14,32,0.015564559027552605,0.060833902939166094
subject_14,33,0.015200931578874588,0.056049213943950786
subject_14,34,0.015372106805443764,0.05696058327637275
subject_14,35,0.015334922820329666,0.058213716108452954
subject_14,36,0.01575283147394657,0.06288448393711552
subject_14,37,0.015490012243390083,0.05889724310776942
subject_14,38,0.015460282564163208,0.05707450444292549
subject_14,39,0.015480304136872292,0.054340396445659606
subject_14,40,0.015307899564504623,0.05661881977671451
subject_14,41,0.015288323163986206,0.055593529277739806
subject_14,42,0.015621191821992397,0.062087035771246295
subject_14,43,0.015424391254782677,0.05787195260879471
subject_14,44,0.015393969602882862,0.059580770107085894
subject_14,45,0.015521442517638206,0.05832763727500569
subject_14,46,0.015330974943935871,0.05923900660742766
subject_14,47,0.015536358579993248,0.06049213943950786
subject_14,48,0.01546433288604021,0.06174527227158806
subject_14,49,0.015543115325272083,0.060719981772613354
subject_14,50,0.015322526916861534,0.05468215994531784
subject_14,51,0.015563389286398888,0.05935292777398041
subject_14,52,0.015485869720578194,0.061175666438824335
subject_14,53,0.015522459521889687,0.06049213943950786
subject_14,54,0.015362250618636608,0.05491000227842333
subject_14,55,0.01566518284380436,0.05547960811118706
subject_14,56,0.015548230148851871,0.0633401686033265
subject_14,57,0.015367847867310047,0.05923900660742766
subject_14,58,0.0155195202678442,0.06140350877192982
subject_14,59,0.015503260307013988,0.05764411027568922
subject_14,60,0.015379260294139385,0.05342902711323764
subject_14,61,0.015390416607260704,0.060833902939166094
subject_14,62,0.015412143431603909,0.05889724310776942
subject_14,63,0.015401179902255535,0.06140350877192982
subject_14,64,0.015372012741863728,0.05707450444292549
subject_14,65,0.015101312659680843,0.054796081111870586
subject_14,66,0.015611919574439526,0.06003645477329688
subject_14,67,0.015575715340673923,0.05923900660742766
subject_14,68,0.015477162785828114,0.05661881977671451
subject_14,69,0.015267463400959969,0.05661881977671451
subject_14,70,0.015451602637767792,0.05639097744360902
subject_14,71,0.015452491119503975,0.058213716108452954
subject_14,72,0.015541907399892807,0.060719981772613354
subject_14,73,0.015454085543751717,0.05923900660742766
subject_14,74,0.015515263192355633,0.05844155844155844
subject_14,75,0.01540341041982174,0.059922533606744134
subject_14,76,0.01531846821308136,0.05513784461152882
subject_14,77,0.015461976639926434,0.06265664160401002
subject_14,78,0.015553807839751244,0.05787195260879471
subject_14,79,0.015379284508526325,0.059580770107085894
subject_14,80,0.015461747534573078,0.05889724310776942
subject_14,81,0.015604423359036446,0.062428799270904535
subject_14,82,0.015282238833606243,0.05616313511050353
subject_14,83,0.015395116992294788,0.05445431761221235
subject_14,84,0.015404860489070415,0.056846662109820006
subject_14,85,0.015548589639365673,0.05775803144224197
subject_14,86,0.015481770969927311,0.05764411027568922
subject_14,87,0.01531954761594534,0.059466848940533154
subject_14,88,0.015310682356357574,0.05889724310776942
subject_14,89,0.015342018567025661,0.05980861244019139
subject_14,90,0.015459592454135418,0.058213716108452954
subject_14,91,0.015511468052864075,0.06015037593984962
subject_14,92,0.015491001307964325,0.05980861244019139
subject_14,93,0.015649212524294853,0.06185919343814081
subject_14,94,0.015562457963824272,0.06151742993848257
subject_14,95,0.01542446669191122,0.05582137161084529
subject_14,96,0.015573699027299881,0.05718842560947824
subject_14,97,0.015391327440738678,0.05889724310776942
subject_14,98,0.015295122750103474,0.05718842560947824
subject_14,99,0.015571349300444126,0.06140350877192982
subject_14,100,0.015351926907896996,0.06151742993848257
subject_14,101,0.015495124273002148,0.05809979494190021
subject_14,102,0.015363580547273159,0.05764411027568922
subject_14,103,0.015368621796369553,0.05491000227842333
subject_14,104,0.01564687117934227,0.06368193210298473
subject_14,105,0.015479525551199913,0.05809979494190021
subject_14,106,0.015148130245506763,0.05707450444292549
subject_14,107,0.015447050333023071,0.05980861244019139
subject_14,108,0.015479973517358303,0.05889724310776942
subject_14,109,0.01554756611585617,0.05878332194121668
subject_14,110,0.015421939082443714,0.05764411027568922
subject_14,111,0.015490415506064892,0.061631351105035315
subject_14,112,0.015609835274517536,0.06220095693779904
subject_14,113,0.01548794936388731,0.05855547960811119
subject_14,114,0.015181710943579674,0.05696058327637275
subject_14,115,0.015582122839987278,0.060378218272955114
subject_14,116,0.015420911833643913,0.059125085440874914
subject_14,117,0.015393574722111225,0.05775803144224197
subject_14,118,0.015348500572144985,0.053998632946001365
subject_14,119,0.015473214909434319,0.063568010936432
subject_14,120,0.015502309426665306,0.05844155844155844
subject_14,121,0.015682421624660492,0.06060606060606061
subject_14,122,0.01534340437501669,0.05661881977671451
subject_14,123,0.01557917706668377,0.06277056277056277
subject_14,124,0.015549570322036743,0.06151742993848257
subject_14,125,0.015377208590507507,0.060378218272955114
subject_14,126,0.015258041210472584,0.05753018910913648
subject_14,127,0.01577126234769821,0.06425153793574846
subject_14,128,0.015288343653082848,0.058669400774663934
subject_14,129,0.015439583919942379,0.05798587377534746
subject_14,130,0.015098976902663708,0.05832763727500569
subject_14,131,0.015276451595127583,0.05889724310776942
subject_14,132,0.015239748172461987,0.05753018910913648
subject_14,133,0.015428806655108929,0.05741626794258373
subject_14,134,0.015462302602827549,0.05616313511050353
subject_14,135,0.015329726971685886,0.057302346776030987
subject_14,136,0.015631506219506264,0.06003645477329688
subject_14,137,0.015579044818878174,0.061631351105035315
subject_14,138,0.015492417849600315,0.05878332194121668
subject_14,139,0.015472718514502048,0.06060606060606061
subject_14,140,0.015464476309716702,0.059580770107085894
subject_14,141,0.015466670505702496,0.059466848940533154
subject_14,142,0.015507427044212818,0.06015037593984962
subject_14,143,0.015546025708317757,0.063568010936432
subject_14,144,0.015329772606492043,0.05627705627705628
subject_14,145,0.015310144051909447,0.05707450444292549
subject_14,146,0.015586684457957745,0.05593529277739804
subject_14,147,0.015349669381976128,0.05707450444292549
subject_14,148,0.01541964989155531,0.06060606060606061
subject_14,149,0.015381216071546078,0.05627705627705628
subject_14,150,0.01559732761234045,0.06470722260195945
subject_14,151,0.015280840918421745,0.05764411027568922
subject_14,152,0.015336647629737854,0.05844155844155844
subject_14,153,0.01538432203233242,0.05707450444292549
subject_14,154,0.015586365945637226,0.06265664160401002
subject_14,155,0.015461931936442852,0.05513784461152882
subject_14,156,0.015367703512310982,0.05764411027568922
subject_14,157,0.015569943003356457,0.06128958760537708
subject_14,158,0.015317856334149837,0.05673274094326726
subject_14,159,0.015237804502248764,0.06094782410571884
subject_14,160,0.015600777231156826,0.05969469127363864
subject_14,161,0.01562810130417347,0.05889724310776942
subject_14,162,0.015575164929032326,0.06049213943950786
subject_14,163,0.01526674721390009,0.06447938026885396
subject_14,164,0.015312748961150646,0.059922533606744134
subject_14,165,0.015531710349023342,0.06128958760537708
subject_14,166,0.015388998202979565,0.05923900660742766
subject_14,167,0.015334947034716606,0.05570745044429255
subject_14,168,0.015413838438689709,0.05832763727500569
subject_14,169,0.01515689492225647,0.05673274094326726
subject_14,170,0.015326803550124168,0.05844155844155844
subject_14,171,0.01566069759428501,0.06379585326953748
subject_14,172,0.015313724987208843,0.05935292777398041
subject_14,173,0.015486087650060654,0.06151742993848257
subject_14,174,0.015206605195999146,0.056504898610161766
subject_14,175,0.015735868364572525,0.063568010936432
subject_14,176,0.015426922589540482,0.059125085440874914
subject_14,177,0.01503997016698122,0.054796081111870586
subject_14,178,0.015413993038237095,0.05832763727500569
subject_14,179,0.015679683536291122,0.059580770107085894
subject_14,180,0.015386234037578106,0.058213716108452954
subject_14,181,0.015531813725829124,0.05798587377534746
subject_14,182,0.0157159436494112,0.06436545910230121
subject_14,183,0.015371139161288738,0.060833902939166094
subject_14,184,0.015478014945983887,0.06254272043745727
subject_14,185,0.015403577126562595,0.05707450444292549
subject_14,186,0.015358484350144863,0.056504898610161766
subject_14,187,0.015159113332629204,0.058669400774663934
subject_14,188,0.015452882274985313,0.05764411027568922
subject_14,189,0.01540160272270441,0.05775803144224197
subject_14,190,0.015412610955536366,0.05570745044429255
subject_14,191,0.015466461889445782,0.058213716108452954
subject_14,192,0.01543015893548727,0.057302346776030987
subject_14,193,0.01550920121371746,0.060378218272955114
subject_14,194,0.01555570401251316,0.05809979494190021
subject_14,195,0.015409300103783607,0.060719981772613354
subject_14,196,0.015358511358499527,0.058669400774663934
subject_14,197,0.015355977229773998,0.05844155844155844
subject_14,198,0.01580100879073143,0.0648211437685122
subject_14,199,0.015659356489777565,0.059580770107085894
subject_14,200,0.015187567099928856,0.05456823877876509
subject_15,1,0.01362843532115221,0.06307977736549165
subject_15,2,0.013766982592642307,0.0626674912389198
subject_15,3,0.013390309177339077,0.05772005772005772
subject_15,4,0.013706283643841743,0.06163677592249021
subject_15,5,0.013472047634422779,0.0554524840239126
subject_15,6,0.01349905226379633,0.056070913213770356
subject_15,7,0.013607455417513847,0.05627705627705628
subject_15,8,0.013528207316994667,0.05916305916305916
subject_15,9,0.013444388285279274,0.05792620078334364
subject_15,10,0.013627934269607067,0.05875077303648732
subject_15,11,0.013627937063574791,0.05627705627705628
subject_15,12,0.01333224680274725,0.05586477015048444
subject_15,13,0.014105348847806454,0.06699649556792414
subject_15,14,0.013643688522279263,0.059781488352916926
subject_15,15,0.013396238908171654,0.055658627087198514
subject_15,16,0.013613088987767696,0.0564831993403422
subject_15,17,0.013497847132384777,0.05380333951762523
subject_15,18,0.0137558002024889,0.06060606060606061
subject_15,19,0.013547500595450401,0.0575139146567718
subject_15,20,0.013399852439761162,0.05710162853019996
subject_15,21,0.01361970417201519,0.05998763141620284
subject_15,22,0.013704031705856323,0.055658627087198514
subject_15,23,0.01354533527046442,0.05998763141620284
subject_15,24,0.014090973883867264,0.0655534941249227
subject_15,25,0.013296529650688171,0.05297876726448155
subject_15,26,0.013352465815842152,0.05359719645433931
subject_15,27,0.013654779642820358,0.06287363430220573
subject_15,28,0.013650246895849705,0.06184291898577613
subject_15,29,0.0135800801217556,0.05627705627705628
subject_15,30,0.013665218837559223,0.06225520511234797
subject_15,31,0.013624145649373531,0.05400948258091115
subject_15,32,0.013616042211651802,0.06019377447948877
subject_15,33,0.013403519988059998,0.060812203669346525
subject_15,34,0.013559302315115929,0.05029890744176459
subject_15,35,0.01353353913873434,0.061224489795918366
subject_15,36,0.013723067939281464,0.06596578025149454
subject_15,37,0.013457774184644222,0.06204906204906205
subject_15,38,0.013502267189323902,0.05627705627705628
subject_15,39,0.013422603718936443,0.05813234384662956
subject_15,40,0.013587014749646187,0.055658627087198514
subject_15,41,0.013635588809847832,0.059575345289631
subject_15,42,0.013737276196479797,0.06246134817563389
subject_15,43,0.013255471363663673,0.059781488352916926
subject_15,44,0.013694843277335167,0.05792620078334364
subject_15,45,0.013559253886342049,0.05400948258091115
subject_15,46,0.013549002818763256,0.05833848690991548
subject_15,47,0.01336640678346157,0.05813234384662956
subject_15,48,0.01363819744437933,0.06019377447948877
subject_15,49,0.013443712145090103,0.056070913213770356
subject_15,50,0.013588919304311275,0.05813234384662956
subject_15,51,0.013499154709279537,0.05895691609977324
subject_15,52,0.013594411313533783,0.05916305916305916
subject_15,53,0.013327700085937977,0.059369202226345084
subject_15,54,0.01363405492156744,0.05710162853019996
subject_15,55,0.013532930985093117,0.05627705627705628
subject_15,56,0.013612068258225918,0.05730777159348588
subject_15,57,0.013394588604569435,0.05380333951762523
subject_15,58,0.01337135024368763,0.055658627087198514
subject_15,59,0.013574367389082909,0.060812203669346525
subject_15,60,0.013516574166715145,0.0585446299732014
subject_15,61,0.013481557369232178,0.05524634096062667
subject_15,62,0.013459359295666218,0.05524634096062667
subject_15,63,0.01371749397367239,0.0655534941249227
subject_15,64,0.013450988568365574,0.0585446299732014
subject_15,65,0.013572080992162228,0.05689548546691404
subject_15,66,0.013388351537287235,0.05380333951762523
subject_15,67,0.013495542109012604,0.05875077303648732
subject_15,68,0.013404930010437965,0.05586477015048444
subject_15,69,0.013587821274995804,0.055040197897340756
subject_15,70,0.0133748110383749,0.05339105339105339
subject_15,71,0.01349866483360529,0.06246134817563389
subject_15,72,0.013426910154521465,0.05772005772005772
subject_15,73,0.01329337153583765,0.05442176870748299
subject_15,74,0.013899973593652248,0.0626674912389198
subject_15,75,0.013515432365238667,0.05998763141620284
subject_15,76,0.013279748149216175,0.059369202226345084
subject_15,77,0.01346066128462553,0.056070913213770356
subject_15,78,0.013679150491952896,0.06060606060606061
subject_15,79,0.013637425377964973,0.06019377447948877
subject_15,80,0.013666239567101002,0.05875077303648732
subject_15,81,0.013631084002554417,0.06143063285920429
subject_15,82,0.01367112621665001,0.059781488352916926
subject_15,83,0.013753283768892288,0.06060606060606061
subject_15,84,0.0139824990183115,0.06431663574520717
subject_15,85,0.01355210691690445,0.05710162853019996
subject_15,86,0.013617156073451042,0.06163677592249021
subject_15,87,0.013855083845555782,0.06390434961863534
subject_15,88,0.013573181815445423,0.060399917542774684
subject_15,89,0.013485120609402657,0.05730777159348588
subject_15,90,0.013498470187187195,0.05875077303648732
subject_15,91,0.01376817561686039,0.06225520511234797
subject_15,92,0.013683811761438847,0.05916305916305916
subject_15,93,0.013657363131642342,0.060399917542774684
subject_15,94,0.01377199962735176,0.06596578025149454
subject_15,95,0.013514852151274681,0.06369820655534941
subject_15,96,0.013651731424033642,0.05792620078334364
subject_15,97,0.013547626323997974,0.0554524840239126
subject_15,98,0.013676373288035393,0.059369202226345084
subject_15,99,0.013581445440649986,0.06307977736549165
subject_15,100,0.013636570423841476,0.05689548546691404
subject_15,101,0.013536005280911922,0.05689548546691404
subject_15,102,0.013404863886535168,0.05772005772005772
subject_15,103,0.013242297805845737,0.054627911770768915
subject_15,104,0.01372665073722601,0.0626674912389198
subject_15,105,0.013287229463458061,0.05215419501133787
subject_15,106,0.01353791169822216,0.06307977736549165
subject_15,107,0.013417455367743969,0.0564831993403422
subject_15,108,0.013535615056753159,0.05710162853019996
subject_15,109,0.013317909091711044,0.05483405483405483
subject_15,110,0.013511326164007187,0.05916305916305916
subject_15,111,0.013746720738708973,0.060399917542774684
subject_15,112,0.013436281122267246,0.060399917542774684
subject_15,113,0.013912505470216274,0.06184291898577613
subject_15,114,0.01344782579690218,0.05524634096062667
subject_15,115,0.013523310422897339,0.06060606060606061
subject_15,116,0.013462510891258717,0.06060606060606061
subject_15,117,0.013279441744089127,0.055040197897340756
subject_15,118,0.013688398525118828,0.05895691609977324
subject_15,119,0.013555597513914108,0.05668934240362812
subject_15,120,0.013743339106440544,0.059575345289631
subject_15,121,0.013544287532567978,0.05586477015048444
subject_15,122,0.01391015574336052,0.06307977736549165
subject_15,123,0.013660496100783348,0.05710162853019996
subject_15,124,0.013303528539836407,0.06060606060606061
subject_15,125,0.013701694086194038,0.06349206349206349
subject_15,126,0.013631666079163551,0.0575139146567718
subject_15,127,0.013580582104623318,0.059781488352916926
subject_15,128,0.013500089757144451,0.0585446299732014
subject_15,129,0.013612947426736355,0.06143063285920429
subject_15,130,0.013720101676881313,0.06143063285920429
subject_15,131,0.013429654762148857,0.055658627087198514
subject_15,132,0.013683470897376537,0.0575139146567718
subject_15,133,0.013514960184693336,0.059781488352916926
subject_15,134,0.01374693401157856,0.06369820655534941
subject_15,135,0.013734771870076656,0.05668934240362812
subject_15,136,0.013665731996297836,0.05772005772005772
subject_15,137,0.013598972000181675,0.060399917542774684
subject_15,138,0.013482049107551575,0.05772005772005772
subject_15,139,0.01360336598008871,0.060399917542774684
subject_15,140,0.013699812814593315,0.06307977736549165
subject_15,141,0.01338882651180029,0.0554524840239126
subject_15,142,0.013443767093122005,0.05524634096062667
subject_15,143,0.013632680289447308,0.059369202226345084
subject_15,144,0.013576015830039978,0.05895691609977324
subject_15,145,0.013519364409148693,0.05524634096062667
subject_15,146,0.013610770925879478,0.061224489795918366
subject_15,147,0.013820908032357693,0.06204906204906205
subject_15,148,0.013747036457061768,0.06246134817563389
subject_15,149,0.01331345085054636,0.054215625644197074
subject_15,150,0.013339614495635033,0.05359719645433931
subject_15,151,0.013569982722401619,0.05875077303648732
subject_15,152,0.01358882337808609,0.056070913213770356
subject_15,153,0.01335903350263834,0.055658627087198514
subject_15,154,0.013676894828677177,0.05833848690991548
subject_15,155,0.0136613380163908,0.06204906204906205
subject_15,156,0.013501299545168877,0.06349206349206349
subject_15,157,0.013435943983495235,0.05627705627705628
subject_15,158,0.013397022150456905,0.05194805194805195
subject_15,159,0.013357779942452908,0.05297876726448155
subject_15,160,0.013495284132659435,0.05730777159348588
subject_15,161,0.013835974037647247,0.0665842094413523
subject_15,162,0.013703710399568081,0.06349206349206349
subject_15,163,0.013520602136850357,0.05772005772005772
subject_15,164,0.013474787585437298,0.05998763141620284
subject_15,165,0.013692432083189487,0.05895691609977324
subject_15,166,0.013350574299693108,0.054627911770768915
subject_15,167,0.01355928648263216,0.059369202226345084
subject_15,168,0.013688591308891773,0.059575345289631
subject_15,169,0.01346063893288374,0.049474335188620905
subject_15,170,0.013229741714894772,0.0564831993403422
subject_15,171,0.013590844348073006,0.0554524840239126
subject_15,172,0.013455694541335106,0.05668934240362812
subject_15,173,0.013672689907252789,0.05772005772005772
subject_15,174,0.01356173399835825,0.05895691609977324
subject_15,175,0.013629245571792126,0.05998763141620284
subject_15,176,0.013935272581875324,0.06637806637806638
subject_15,177,0.01373564638197422,0.06246134817563389
subject_15,178,0.013731919229030609,0.06101834673263245
subject_15,179,0.013572190888226032,0.05833848690991548
subject_15,180,0.013542463071644306,0.05772005772005772
subject_15,181,0.013833149336278439,0.05813234384662956
subject_15,182,0.013504412025213242,0.05710162853019996
subject_15,183,0.013845086097717285,0.06349206349206349
subject_15,184,0.013485951349139214,0.05277262420119563
subject_15,185,0.013402411714196205,0.0564831993403422
subject_15,186,0.013719073496758938,0.06493506493506493
subject_15,187,0.01371211837977171,0.05730777159348588
subject_15,188,0.013518227264285088,0.059781488352916926
subject_15,189,0.013534105382859707,0.0575139146567718
subject_15,190,0.01366795226931572,0.06060606060606061
subject_15,191,0.01350812055170536,0.05792620078334364
subject_15,192,0.013351533561944962,0.05483405483405483
subject_15,193,0.013626692816615105,0.05895691609977324
subject_15,194,0.01373294461518526,0.06431663574520717
subject_15,195,0.013359096832573414,0.060812203669346525
subject_15,196,0.013455241918563843,0.05297876726448155
subject_15,197,0.013517855666577816,0.05916305916305916
subject_15,198,0.013628306798636913,0.05586477015048444
subject_15,199,0.013555911369621754,0.05998763141620284
subject_15,200,0.013572823256254196,0.05875077303648732
subject_16,1,0.014183864928781986,0.05868347338935574
subject_16,2,0.014315505512058735,0.06414565826330532
subject_16,3,0.01427170168608427,0.06190476190476191
subject_16,4,0.014034416526556015,0.058823529411764705
subject_16,5,0.014297470450401306,0.06092436974789916
subject_16,6,0.014136135578155518,0.0561624649859944
subject_16,7,0.014175073243677616,0.060364145658263306
subject_16,8,0.014170431531965733,0.06050420168067227
subject_16,9,0.014117707498371601,0.05966386554621849
subject_16,10,0.014276520349085331,0.06022408963585434
subject_16,11,0.014202692545950413,0.05868347338935574
subject_16,12,0.014064658433198929,0.062324929971988796
subject_16,13,0.014137684367597103,0.061204481792717084
subject_16,14,0.014313355088233948,0.06050420168067227
subject_16,15,0.014069508761167526,0.053361344537815124
subject_16,16,0.014123326167464256,0.05854341736694678
subject_16,17,0.014006979763507843,0.05700280112044818
subject_16,18,0.01423750352114439,0.06092436974789916
subject_16,19,0.014305155724287033,0.059803921568627454
subject_16,20,0.014247828163206577,0.05994397759103642
subject_16,21,0.01437776256352663,0.06246498599439776
subject_16,22,0.0143397506326437,0.06624649859943978
subject_16,23,0.014110819436609745,0.05476190476190476
subject_16,24,0.01405781228095293,0.05476190476190476
subject_16,25,0.013994811102747917,0.057282913165266104
subject_16,26,0.014308533631265163,0.05756302521008403
subject_16,27,0.014190573245286942,0.06022408963585434
subject_16,28,0.014138069935142994,0.05784313725490196
subject_16,29,0.014073862694203854,0.05574229691876751
subject_16,30,0.014083505608141422,0.054061624649859946
subject_16,31,0.014162562787532806,0.05910364145658263
subject_16,32,0.014278405345976353,0.05938375350140056
subject_16,33,0.014098668470978737,0.06288515406162465
subject_16,34,0.013965926133096218,0.05546218487394958
subject_16,35,0.014063381589949131,0.05630252100840336
subject_16,36,0.014009185135364532,0.05812324929971989
subject_16,37,0.014044266194105148,0.056442577030812326
subject_16,38,0.014010334387421608,0.05518207282913165
subject_16,39,0.01410079188644886,0.05560224089635854
subject_16,40,0.014196953736245632,0.05952380952380952
subject_16,41,0.014159235171973705,0.05742296918767507
subject_16,42,0.014260289259254932,0.061204481792717084
subject_16,43,0.014246910810470581,0.05868347338935574
subject_16,44,0.014202444814145565,0.06092436974789916
subject_16,45,0.014192961156368256,0.05742296918767507
subject_16,46,0.014186015352606773,0.05700280112044818
subject_16,47,0.014050058089196682,0.05868347338935574
subject_16,48,0.014129132963716984,0.058403361344537816
subject_16,49,0.014190031215548515,0.05812324929971989
subject_16,50,0.014303186908364296,0.05952380952380952
subject_16,51,0.01425084751099348,0.059803921568627454
subject_16,52,0.014083528891205788,0.05672268907563025
subject_16,53,0.01400485634803772,0.05966386554621849
subject_16,54,0.014362235553562641,0.061204481792717084
subject_16,55,0.014066767878830433,0.057282913165266104
subject_16,56,0.014289159327745438,0.06302521008403361
subject_16,57,0.014183713123202324,0.06162464985994398
subject_16,58,0.014041205868124962,0.057282913165266104
subject_16,59,0.014265096746385098,0.05420168067226891
subject_16,60,0.01421373337507248,0.05798319327731093
subject_16,61,0.013862543739378452,0.05266106442577031
subject_16,62,0.014009930193424225,0.05952380952380952
subject_16,63,0.014246403239667416,0.057703081232493
subject_16,64,0.014231955632567406,0.060364145658263306
subject_16,65,0.013959905132651329,0.05826330532212885
subject_16,66,0.014117801561951637,0.054481792717086835
subject_16,67,0.014111691154539585,0.05994397759103642
subject_16,68,0.014278635382652283,0.05910364145658263
subject_16,69,0.014017019420862198,0.054061624649859946
subject_16,70,0.013925459235906601,0.056442577030812326
subject_16,71,0.014333200640976429,0.06274509803921569
subject_16,72,0.01413759682327509,0.05896358543417367
subject_16,73,0.014214756898581982,0.06092436974789916
subject_16,74,0.014156964607536793,0.05812324929971989
subject_16,75,0.014037326909601688,0.05364145658263305
subject_16,76,0.0141923688352108,0.05672268907563025
subject_16,77,0.014049777761101723,0.05910364145658263
subject_16,78,0.014203307218849659,0.059243697478991594
subject_16,79,0.014049128629267216,0.05560224089635854
subject_16,80,0.014151366427540779,0.05812324929971989
subject_16,81,0.014129320159554482,0.05560224089635854
subject_16,82,0.01415365282446146,0.06050420168067227
subject_16,83,0.014246930368244648,0.06008403361344538
subject_16,84,0.01409444585442543,0.05714285714285714
subject_16,85,0.013901716098189354,0.05560224089635854
subject_16,86,0.014056152664124966,0.05756302521008403
subject_16,87,0.014219805598258972,0.06148459383753501
subject_16,88,0.014049322344362736,0.05812324929971989
subject_16,89,0.014260397292673588,0.057703081232493
subject_16,90,0.014055660925805569,0.054901960784313725
subject_16,91,0.013963554985821247,0.05938375350140056
subject_16,92,0.014155593700706959,0.05798319327731093
subject_16,93,0.014040209352970123,0.056442577030812326
subject_16,94,0.014236386865377426,0.06414565826330532
subject_16,95,0.013932377099990845,0.05364145658263305
subject_16,96,0.01407663431018591,0.0561624649859944
subject_16,97,0.014249620027840137,0.05798319327731093
subject_16,98,0.014187107793986797,0.05994397759103642
subject_16,99,0.014112157747149467,0.061204481792717084
subject_16,100,0.013933200389146805,0.05560224089635854
subject_16,101,0.014307471923530102,0.06050420168067227
subject_16,102,0.014037863351404667,0.05630252100840336
subject_16,103,0.014057984575629234,0.05560224089635854
subject_16,104,0.014318950474262238,0.05938375350140056
subject_16,105,0.014019649475812912,0.05322128851540616
subject_16,106,0.014135874807834625,0.06064425770308123
subject_16,107,0.014230300672352314,0.05966386554621849
subject_16,108,0.014399857260286808,0.05896358543417367
subject_16,109,0.014219336211681366,0.06148459383753501
subject_16,110,0.014144275337457657,0.057703081232493
subject_16,111,0.014301310293376446,0.06554621848739496
subject_16,112,0.014231049455702305,0.058823529411764705
subject_16,113,0.014356430619955063,0.06148459383753501
subject_16,114,0.014201444573700428,0.06148459383753501
subject_16,115,0.014189784415066242,0.059803921568627454
subject_16,116,0.014172769151628017,0.06008403361344538
subject_16,117,0.014237770810723305,0.06260504201680672
subject_16,118,0.01403675228357315,0.06148459383753501
subject_16,119,0.014143215492367744,0.060364145658263306
subject_16,120,0.014220458455383778,0.05714285714285714
subject_16,121,0.01438259519636631,0.06246498599439776
subject_16,122,0.014186532236635685,0.06022408963585434
subject_16,123,0.014123017899692059,0.059243697478991594
subject_16,124,0.013925796374678612,0.05196078431372549
subject_16,125,0.014008885249495506,0.058823529411764705
subject_16,126,0.014345287345349789,0.06162464985994398
subject_16,127,0.014158275909721851,0.06246498599439776
subject_16,128,0.014081772416830063,0.058403361344537816
subject_16,129,0.014134366996586323,0.05868347338935574
subject_16,130,0.014184591360390186,0.058403361344537816
subject_16,131,0.014084430411458015,0.05756302521008403
subject_16,132,0.014137881807982922,0.05798319327731093
subject_16,133,0.0141977583989501,0.060364145658263306
subject_16,134,0.014091274701058865,0.060784313725490195
subject_16,135,0.014223978854715824,0.05938375350140056
subject_16,136,0.014274030923843384,0.061204481792717084
subject_16,137,0.014347025193274021,0.056862745098039215
subject_16,138,0.014037039130926132,0.05966386554621849
subject_16,139,0.014061741530895233,0.05742296918767507
subject_16,140,0.013957430608570576,0.05350140056022409
subject_16,141,0.014050946570932865,0.0634453781512605
subject_16,142,0.014126361347734928,0.06134453781512605
subject_16,143,0.014219347387552261,0.059803921568627454
subject_16,144,0.01433316059410572,0.061764705882352944
subject_16,145,0.014035889878869057,0.059243697478991594
subject_16,146,0.014044685289263725,0.05910364145658263
subject_16,147,0.014040849171578884,0.06148459383753501
subject_16,148,0.014140988700091839,0.05826330532212885
subject_16,149,0.014197533018887043,0.057703081232493
subject_16,150,0.013815696351230145,0.05182072829131653
subject_16,151,0.01413529273122549,0.061764705882352944
subject_16,152,0.014255095273256302,0.062324929971988796
subject_16,153,0.014114315621554852,0.05910364145658263
subject_16,154,0.013984487392008305,0.059243697478991594
subject_16,155,0.013899451121687889,0.05504201680672269
subject_16,156,0.01429839339107275,0.060364145658263306
subject_16,157,0.014148274436593056,0.05896358543417367
subject_16,158,0.01421129796653986,0.05798319327731093
subject_16,159,0.014346901327371597,0.05784313725490196
subject_16,160,0.014105234295129776,0.059803921568627454
subject_16,161,0.014003121294081211,0.05630252100840336
subject_16,162,0.014342566952109337,0.06428571428571428
subject_16,163,0.014321430586278439,0.05700280112044818
subject_16,164,0.014206971041858196,0.06022408963585434
subject_16,165,0.014272226952016354,0.05854341736694678
subject_16,166,0.014406093396246433,0.06148459383753501
subject_16,167,0.014387988485395908,0.06204481792717087
subject_16,168,0.014146175235509872,0.06022408963585434
subject_16,169,0.014366034418344498,0.05952380952380952
subject_16,170,0.0141886156052351,0.05756302521008403
subject_16,171,0.014150040224194527,0.05966386554621849
subject_16,172,0.01415702048689127,0.05812324929971989
subject_16,173,0.014153964817523956,0.06204481792717087
subject_16,174,0.014175526797771454,0.05812324929971989
subject_16,175,0.014190668240189552,0.062324929971988796
subject_16,176,0.014136107638478279,0.055322128851540614
subject_16,177,0.013975403271615505,0.05868347338935574
subject_16,178,0.014225238002836704,0.06022408963585434
subject_16,179,0.01407887227833271,0.05854341736694678
subject_16,180,0.014177554287016392,0.05966386554621849
subject_16,181,0.013928237371146679,0.05504201680672269
subject_16,182,0.014083899557590485,0.05938375350140056
subject_16,183,0.014188858680427074,0.06008403361344538
subject_16,184,0.014127935282886028,0.059243697478991594
subject_16,185,0.01436777226626873,0.061764705882352944
subject_16,186,0.014218270778656006,0.060364145658263306
subject_16,187,0.014046015217900276,0.057282913165266104
subject_16,188,0.014282305724918842,0.060784313725490195
subject_16,189,0.014143002219498158,0.056022408963585436
subject_16,190,0.014202055521309376,0.060784313725490195
subject_16,191,0.013982418924570084,0.059243697478991594
subject_16,192,0.014218457043170929,0.05476190476190476
subject_16,193,0.01434286404401064,0.058823529411764705
subject_16,194,0.01422879472374916,0.058403361344537816
subject_16,195,0.014161897823214531,0.06106442577030812
subject_16,196,0.01412332896143198,0.05798319327731093
subject_16,197,0.014221849851310253,0.059243697478991594
subject_16,198,0.01424125861376524,0.05812324929971989
subject_16,199,0.014144356362521648,0.06162464985994398
subject_16,200,0.014179539866745472,0.05714285714285714
subject_17,1,0.009033559821546078,0.057043849127015864
subject_17,2,0.009100695140659809,0.06064240970278555
subject_17,3,0.009215839207172394,0.06130880980940957
subject_17,4,0.009138214401900768,0.061442089830734375
subject_17,5,0.009127609431743622,0.057043849127015864
subject_17,6,0.00903211161494255,0.05531120884979342
subject_17,7,0.00913957878947258,0.055711048913767824
subject_17,8,0.009119837544858456,0.058776489404238304
subject_17,9,0.009226384572684765,0.06157536985205918
subject_17,10,0.009167078882455826,0.06117552978808476
subject_17,11,0.009215973317623138,0.0626416100226576
subject_17,12,0.009142241440713406,0.05917632946821272
subject_17,13,0.008910697884857655,0.05304544848727176
subject_17,14,0.009041010402143002,0.05731040916966547
subject_17,15,0.009137952700257301,0.058776489404238304
subject_17,16,0.009130867198109627,0.060775689724110356
subject_17,17,0.009177102707326412,0.056910569105691054
subject_17,18,0.009054773487150669,0.05664400906304145
subject_17,19,0.009201637469232082,0.06050912968146075
subject_17,20,0.008964075706899166,0.0586432093829135
subject_17,21,0.00930760707706213,0.06290817006530722
subject_17,22,0.00904376432299614,0.05797680927628948
subject_17,23,0.009020309895277023,0.05904304944688791
subject_17,24,0.009181199595332146,0.061442089830734375
subject_17,25,0.009164266288280487,0.05917632946821272
subject_17,26,0.009118462912738323,0.05970944955351193
subject_17,27,0.009138847701251507,0.06170864987338398
subject_17,28,0.009254003874957561,0.0625083300013328
subject_17,29,0.008998197503387928,0.057043849127015864
subject_17,30,0.009139595553278923,0.06184192989470878
subject_17,31,0.008992346003651619,0.057710249233639876
subject_17,32,0.009064896032214165,0.0586432093829135
subject_17,33,0.009114657528698444,0.06117552978808476
subject_17,34,0.00900950375944376,0.06050912968146075
subject_17,35,0.00909773912280798,0.055977608956417436
subject_17,36,0.009123123250901699,0.056910569105691054
subject_17,37,0.009156113490462303,0.059576169532187126
subject_17,38,0.009202363900840282,0.05930960948953752
subject_17,39,0.009176352992653847,0.05904304944688791
subject_17,40,0.009164500050246716,0.05811008929761429
subject_17,41,0.009081820957362652,0.057177129148340666
subject_17,42,0.009104262106120586,0.05664400906304145
subject_17,43,0.009122000075876713,0.05917632946821272
subject_17,44,0.009016898460686207,0.06090896974543516
subject_17,45,0.009131035767495632,0.05437824870051979
subject_17,46,0.00909862294793129,0.05651072904171665
subject_17,47,0.009073167107999325,0.0585099293615887
subject_17,48,0.009124448522925377,0.06184192989470878
subject_17,49,0.009006836451590061,0.060775689724110356
subject_17,50,0.009107277728617191,0.0626416100226576
subject_17,51,0.008908086456358433,0.05291216846594696
subject_17,52,0.009057275019586086,0.060775689724110356
subject_17,53,0.009201590903103352,0.06117552978808476
subject_17,54,0.009031538851559162,0.0585099293615887
subject_17,55,0.009142603725194931,0.05744368919099027
subject_17,56,0.00914060976356268,0.06397441023590564
subject_17,57,0.009065217338502407,0.06090896974543516
subject_17,58,0.008922336623072624,0.05371184859389577
subject_17,59,0.009146792814135551,0.0585099293615887
subject_17,60,0.008976808749139309,0.05531120884979342
subject_17,61,0.009239821694791317,0.05811008929761429
subject_17,62,0.009146923199295998,0.058376649340263896
subject_17,63,0.009094661101698875,0.06290817006530722
subject_17,64,0.009058607742190361,0.05651072904171665
subject_17,65,0.008933445438742638,0.052778888444622155
subject_17,66,0.009016892872750759,0.056910569105691054
subject_17,67,0.008951405994594097,0.053312008529921365
subject_17,68,0.009073273278772831,0.058776489404238304
subject_17,69,0.009009171277284622,0.057043849127015864
subject_17,70,0.009099220857024193,0.05424496867919499
subject_17,71,0.00901619903743267,0.060775689724110356
subject_17,72,0.0091782845556736,0.060109289617486336
subject_17,73,0.00904041901230812,0.05970944955351193
subject_17,74,0.009150742553174496,0.05811008929761429
subject_17,75,0.009174808859825134,0.06224176995868319
subject_17,76,0.009150722064077854,0.060242569638811146
subject_17,77,0.009090614505112171,0.057710249233639876
subject_17,78,0.009231511503458023,0.06184192989470878
subject_17,79,0.009121477603912354,0.06210848993735839
subject_17,80,0.009158553555607796,0.06050912968146075
subject_17,81,0.009180627763271332,0.05904304944688791
subject_17,82,0.009102831594645977,0.05930960948953752
subject_17,83,0.008982720784842968,0.057043849127015864
subject_17,84,0.00916948914527893,0.060775689724110356
subject_17,85,0.00908623356372118,0.05544448887111822
subject_17,86,0.009109323844313622,0.060109289617486336
subject_17,87,0.009138930588960648,0.05557776889244302
subject_17,88,0.00922903511673212,0.06317473010795682
subject_17,89,0.009074511006474495,0.05677728908436625
subject_17,90,0.008988241665065289,0.05557776889244302
subject_17,91,0.009141518734395504,0.05424496867919499
subject_17,92,0.00909994076937437,0.05784352925496468
subject_17,93,0.009167292155325413,0.0626416100226576
subject_17,94,0.009151335805654526,0.05797680927628948
subject_17,95,0.00914080161601305,0.060109289617486336
subject_17,96,0.00895543023943901,0.058376649340263896
subject_17,97,0.0090798856690526,0.057177129148340666
subject_17,98,0.009114331565797329,0.05797680927628948
subject_17,99,0.009129391983151436,0.06090896974543516
subject_17,100,0.009135366417467594,0.05784352925496468
subject_17,101,0.009185581468045712,0.06037584966013595
subject_17,102,0.009050840511918068,0.05744368919099027
subject_17,103,0.009025213308632374,0.056910569105691054
subject_17,104,0.009005536325275898,0.05557776889244302
subject_17,105,0.008962446823716164,0.058909769425563106
subject_17,106,0.009022880345582962,0.058376649340263896
subject_17,107,0.009185810573399067,0.06304145008663202
subject_17,108,0.009072627872228622,0.05664400906304145
subject_17,109,0.009230940602719784,0.06410769025723044
subject_17,110,0.009018033742904663,0.05584432893509263
subject_17,111,0.009178191423416138,0.061975209916033586
subject_17,112,0.009165262803435326,0.057710249233639876
subject_17,113,0.009118563495576382,0.060109289617486336
subject_17,114,0.009060329757630825,0.06037584966013595
subject_17,115,0.009040643461048603,0.056377449020391844
subject_17,116,0.009059194475412369,0.054511528721844595
subject_17,117,0.009177499450743198,0.06117552978808476
subject_17,118,0.009069587104022503,0.058776489404238304
subject_17,119,0.009130451828241348,0.059976009596161534
subject_17,120,0.009147793054580688,0.05904304944688791
subject_17,121,0.00903057586401701,0.058376649340263896
subject_17,122,0.009012102149426937,0.058909769425563106
subject_17,123,0.009027845226228237,0.055177928828468614
subject_17,124,0.009070939384400845,0.060109289617486336
subject_17,125,0.009036892093718052,0.06104224976675996
subject_17,126,0.009069888852536678,0.057710249233639876
subject_17,127,0.008927009999752045,0.055177928828468614
subject_17,128,0.009084293618798256,0.05917632946821272
subject_17,129,0.009189974516630173,0.0627748900439824
subject_17,130,0.009016793221235275,0.057576969212315074
subject_17,131,0.00910196453332901,0.059576169532187126
subject_17,132,0.009167468175292015,0.061975209916033586
subject_17,133,0.00905244704335928,0.05237904838064774
subject_17,134,0.009148265235126019,0.05970944955351193
subject_17,135,0.009133949875831604,0.0585099293615887
subject_17,136,0.009111335501074791,0.05944288951086232
subject_17,137,0.009051915258169174,0.058376649340263896
subject_17,138,0.009177085012197495,0.05917632946821272
subject_17,139,0.009168228134512901,0.0625083300013328
subject_17,140,0.009035100229084492,0.05171264827402373
subject_17,141,0.009029535576701164,0.05357856857257097
subject_17,142,0.009039136581122875,0.05171264827402373
subject_17,143,0.00909029133617878,0.05557776889244302
subject_17,144,0.00913714338093996,0.0625083300013328
subject_17,145,0.009025519713759422,0.05811008929761429
subject_17,146,0.00911853089928627,0.06344129015060643
subject_17,147,0.009132087230682373,0.062375049980008
subject_17,148,0.009037586860358715,0.05317872850859656
subject_17,149,0.009180585853755474,0.058243369318939094
subject_17,150,0.009216556325554848,0.06317473010795682
subject_17,151,0.009121512062847614,0.053978408636545384
subject_17,152,0.009190879762172699,0.059976009596161534
subject_17,153,0.00902967993170023,0.058376649340263896
subject_17,154,0.0091284504160285,0.060775689724110356
subject_17,155,0.008944975212216377,0.05317872850859656
subject_17,156,0.009159029461443424,0.05944288951086232
subject_17,157,0.009066440165042877,0.058376649340263896
subject_17,158,0.009052781388163567,0.05677728908436625
subject_17,159,0.008997748605906963,0.05357856857257097
subject_17,160,0.009236399084329605,0.06317473010795682
subject_17,161,0.009095747955143452,0.05784352925496468
subject_17,162,0.009114951826632023,0.06157536985205918
subject_17,163,0.00905103050172329,0.059976009596161534
subject_17,164,0.00900549441576004,0.05797680927628948
subject_17,165,0.009073826484382153,0.05797680927628948
subject_17,166,0.009041881188750267,0.05544448887111822
subject_17,167,0.009071129374206066,0.058776489404238304
subject_17,168,0.00912025012075901,0.06104224976675996
subject_17,169,0.00914180837571621,0.060242569638811146
subject_17,170,0.008981830440461636,0.05357856857257097
subject_17,171,0.009094569832086563,0.061975209916033586
subject_17,172,0.008983533829450607,0.05557776889244302
subject_17,173,0.00913433451205492,0.06317473010795682
subject_17,174,0.00912916474044323,0.061975209916033586
subject_17,175,0.0090381670743227,0.057043849127015864
subject_17,176,0.009248272515833378,0.062375049980008
subject_17,177,0.009176602587103844,0.058909769425563106
subject_17,178,0.009010612964630127,0.05664400906304145
subject_17,179,0.009113539941608906,0.061442089830734375
subject_17,180,0.009145509451627731,0.05624416899906704
subject_17,181,0.009078804403543472,0.06130880980940957
subject_17,182,0.009087053127586842,0.05384512861522058
subject_17,183,0.00916304625570774,0.06157536985205918
subject_17,184,0.009123551659286022,0.05944288951086232
subject_17,185,0.009137878194451332,0.058376649340263896
subject_17,186,0.009154713712632656,0.0585099293615887
subject_17,187,0.009089131839573383,0.054511528721844595
subject_17,188,0.009183425456285477,0.06037584966013595
subject_17,189,0.009002123959362507,0.057043849127015864
subject_17,190,0.00900742132216692,0.05917632946821272
subject_17,191,0.009128319099545479,0.06090896974543516
subject_17,192,0.009381383657455444,0.0625083300013328
subject_17,193,0.009033028967678547,0.057710249233639876
subject_17,194,0.009076851420104504,0.058376649340263896
subject_17,195,0.008971392177045345,0.059976009596161534
subject_17,196,0.00902846734970808,0.05984272957483673
subject_17,197,0.009026311337947845,0.05504464880714381
subject_17,198,0.009129331447184086,0.06104224976675996
subject_17,199,0.009092718362808228,0.05784352925496468
subject_17,200,0.00907581951469183,0.060109289617486336
subject_18,1,0.007279949262738228,0.05921601334445371
subject_18,2,0.007234739605337381,0.05921601334445371
subject_18,3,0.007222992833703756,0.05738115095913261
subject_18,4,0.007144611794501543,0.05688073394495413
subject_18,5,0.0073801493272185326,0.062385321100917435
subject_18,6,0.007157252635806799,0.060550458715596334
subject_18,7,0.007201092317700386,0.05521267723102585
subject_18,8,0.007165305782109499,0.059549624687239365
subject_18,9,0.007156189996749163,0.059883236030025024
subject_18,10,0.007298075128346682,0.056380316930775644
subject_18,11,0.007144526578485966,0.05654712260216847
subject_18,12,0.007363240234553814,0.06488740617180984
subject_18,13,0.007130467798560858,0.05537948290241868
subject_18,14,0.007280449382960796,0.06255212677231026
subject_18,15,0.007303943391889334,0.06688907422852378
subject_18,16,0.007244216278195381,0.059549624687239365
subject_18,17,0.007392215076833963,0.06371976647206005
subject_18,18,0.007248560432344675,0.057547956630525435
subject_18,19,0.007258639670908451,0.05521267723102585
subject_18,20,0.007299384567886591,0.060717264386989156
subject_18,21,0.007120151072740555,0.05587989991659716
subject_18,22,0.007224192842841148,0.0567139282735613
subject_18,23,0.007267063017934561,0.062218515429524605
subject_18,24,0.007167172618210316,0.058882402001668055
subject_18,25,0.007199167739599943,0.05554628857381151
subject_18,26,0.007235327269881964,0.06121768140116764
subject_18,27,0.007112808991223574,0.057547956630525435
subject_18,28,0.00734024727717042,0.05871559633027523
subject_18,29,0.007298099342733622,0.060216847372810675
subject_18,30,0.0070622689090669155,0.05871559633027523
subject_18,31,0.007250073831528425,0.06188490408673895
subject_18,32,0.007301591336727142,0.06388657214345288
subject_18,33,0.007285314612090588,0.060383653044203504
subject_18,34,0.00716475211083889,0.05471226021684737
subject_18,35,0.00724396575242281,0.062051709758131776
subject_18,36,0.007185749243944883,0.06121768140116764
subject_18,37,0.007155349012464285,0.05804837364470392
subject_18,38,0.007320025470107794,0.059716430358632194
subject_18,39,0.007222949992865324,0.06422018348623854
subject_18,40,0.007176696322858334,0.05437864887406172
subject_18,41,0.0072173913940787315,0.062051709758131776
subject_18,42,0.007145007606595755,0.057047539616346954
subject_18,43,0.00720826955512166,0.062051709758131776
subject_18,44,0.007135535590350628,0.05788156797331109
subject_18,45,0.007206840440630913,0.05871559633027523
subject_18,46,0.0072288354858756065,0.059549624687239365
subject_18,47,0.007224040571600199,0.059549624687239365
subject_18,48,0.007150654681026936,0.05871559633027523
subject_18,49,0.007171418983489275,0.05654712260216847
subject_18,50,0.0072620101273059845,0.05688073394495413
subject_18,51,0.007255736272782087,0.062385321100917435
subject_18,52,0.007319725584238768,0.060383653044203504
subject_18,53,0.007215637713670731,0.06255212677231026
subject_18,54,0.007128299213945866,0.05454545454545454
subject_18,55,0.007378234528005123,0.06305254378648874
subject_18,56,0.007191096898168325,0.060884070058381985
subject_18,57,0.0071576363407075405,0.05554628857381151
subject_18,58,0.007294362876564264,0.05921601334445371
subject_18,59,0.00720609026029706,0.05554628857381151
subject_18,60,0.007239337544888258,0.061050875729774814
subject_18,61,0.007252371404320002,0.059382819015846536
subject_18,62,0.007221170235425234,0.05421184320266889
subject_18,63,0.007212290074676275,0.061551292743953295
subject_18,64,0.0070876628160476685,0.05454545454545454
subject_18,65,0.007171585690230131,0.05404503753127606
subject_18,66,0.007135849911719561,0.056380316930775644
subject_18,67,0.007229951675981283,0.05921601334445371
subject_18,68,0.007221050560474396,0.0567139282735613
subject_18,69,0.007274205796420574,0.06288573811509592
subject_18,70,0.007316696457564831,0.060216847372810675
subject_18,71,0.007115396670997143,0.05287739783152627
subject_18,72,0.007292021531611681,0.060550458715596334
subject_18,73,0.007269059307873249,0.059883236030025024
subject_18,74,0.007206756621599197,0.060717264386989156
subject_18,75,0.007314871996641159,0.0640533778148457
subject_18,76,0.007268301676958799,0.061050875729774814
subject_18,77,0.007229341194033623,0.061384487072560466
subject_18,78,0.007197442930191755,0.060383653044203504
subject_18,79,0.007175900042057037,0.05788156797331109
subject_18,80,0.007206263020634651,0.060717264386989156
subject_18,81,0.007269795518368483,0.06255212677231026
subject_18,82,0.007344991900026798,0.059883236030025024
subject_18,83,0.007106547709554434,0.058381984987489574
subject_18,84,0.007215356919914484,0.05587989991659716
subject_18,85,0.007288818247616291,0.058215179316096745
subject_18,86,0.007265315856784582,0.058381984987489574
subject_18,87,0.007183373440057039,0.060383653044203504
subject_18,88,0.007178522180765867,0.05621351125938282
subject_18,89,0.0072035291232168674,0.05804837364470392
subject_18,90,0.007240304723381996,0.058882402001668055
subject_18,91,0.007145642768591642,0.057047539616346954
subject_18,92,0.007255340926349163,0.062051709758131776
subject_18,93,0.007136340253055096,0.055713094245204334
subject_18,94,0.007221175357699394,0.0585487906588824
subject_18,95,0.007173849269747734,0.058215179316096745
subject_18,96,0.007192249875515699,0.059049207673060884
subject_18,97,0.007195890415459871,0.05788156797331109
subject_18,98,0.007012700196355581,0.05221017514595496
subject_18,99,0.007260454352945089,0.060050041701417846
subject_18,100,0.007187369279563427,0.059049207673060884
subject_18,101,0.0071909683756530285,0.058381984987489574
subject_18,102,0.00723580876365304,0.057547956630525435
subject_18,103,0.007241509389132261,0.06121768140116764
subject_18,104,0.007183892652392387,0.05337781484570475
subject_18,105,0.007319362368434668,0.062051709758131776
subject_18,106,0.007161433342844248,0.05471226021684737
subject_18,107,0.007275977171957493,0.061551292743953295
subject_18,108,0.007200842723250389,0.061718098415346125
subject_18,109,0.007294994778931141,0.059883236030025024
subject_18,110,0.007221137173473835,0.059716430358632194
subject_18,111,0.007245315704494715,0.06255212677231026
subject_18,112,0.007260672282427549,0.060383653044203504
subject_18,113,0.007272168528288603,0.06255212677231026
subject_18,114,0.0071551683358848095,0.05587989991659716
subject_18,115,0.0072255441918969154,0.0585487906588824
subject_18,116,0.007259940728545189,0.06438698915763136
subject_18,117,0.00725296325981617,0.0567139282735613
subject_18,118,0.007364360615611076,0.06688907422852378
subject_18,119,0.00715961679816246,0.055713094245204334
subject_18,120,0.007226885762065649,0.058882402001668055
subject_18,121,0.00716091925278306,0.05604670558798999
subject_18,122,0.0071930671110749245,0.05721434528773978
subject_18,123,0.00732106389477849,0.060884070058381985
subject_18,124,0.007380958180874586,0.06255212677231026
subject_18,125,0.00717115355655551,0.0567139282735613
subject_18,126,0.007293291389942169,0.061384487072560466
subject_18,127,0.007212793920189142,0.05437864887406172
subject_18,128,0.007202791981399059,0.057547956630525435
subject_18,129,0.0071467626839876175,0.05587989991659716
subject_18,130,0.007211354095488787,0.062385321100917435
subject_18,131,0.007296390365809202,0.059049207673060884
subject_18,132,0.007253078743815422,0.05738115095913261
subject_18,133,0.007290815934538841,0.05871559633027523
subject_18,134,0.007208250463008881,0.056380316930775644
subject_18,135,0.007198741659522057,0.058215179316096745
subject_18,136,0.0072307405062019825,0.05537948290241868
subject_18,137,0.007230514194816351,0.060884070058381985
subject_18,138,0.007282257545739412,0.06188490408673895
subject_18,139,0.007116355467587709,0.05871559633027523
subject_18,140,0.007254465017467737,0.060884070058381985
subject_18,141,0.0071634938940405846,0.05604670558798999
subject_18,142,0.007181771099567413,0.057547956630525435
subject_18,143,0.007246219553053379,0.06321934945788157
subject_18,144,0.007257167249917984,0.05371142618849041
subject_18,145,0.007081443443894386,0.05137614678899083
subject_18,146,0.007344391196966171,0.06555462885738116
subject_18,147,0.007191202137619257,0.05788156797331109
subject_18,148,0.007060592994093895,0.05254378648874062
subject_18,149,0.007233397103846073,0.059549624687239365
subject_18,150,0.007236706092953682,0.05804837364470392
subject_18,151,0.007228936534374952,0.05788156797331109
subject_18,152,0.0073411716148257256,0.06455379482902418
subject_18,153,0.0071287816390395164,0.0548790658882402
subject_18,154,0.007276059594005346,0.06505421184320268
subject_18,155,0.007193196564912796,0.05788156797331109
subject_18,156,0.007116089574992657,0.057047539616346954
subject_18,157,0.007205655798316002,0.059549624687239365
subject_18,158,0.007132591679692268,0.05587989991659716
subject_18,159,0.007349475286900997,0.059382819015846536
subject_18,160,0.007151609752327204,0.060216847372810675
subject_18,161,0.00720037380233407,0.05788156797331109
subject_18,162,0.0071988217532634735,0.05654712260216847
subject_18,163,0.00716253649443388,0.05587989991659716
subject_18,164,0.007182755041867495,0.05871559633027523
subject_18,165,0.0072957235388457775,0.0585487906588824
subject_18,166,0.007315509486943483,0.062051709758131776
subject_18,167,0.007291315123438835,0.061384487072560466
subject_18,168,0.007309943903237581,0.060884070058381985
subject_18,169,0.007196583319455385,0.05804837364470392
subject_18,170,0.007243167608976364,0.06355296080066722
subject_18,171,0.007248831447213888,0.05788156797331109
subject_18,172,0.007191285490989685,0.05421184320266889
subject_18,173,0.007256716955453157,0.06321934945788157
subject_18,174,0.007160248700529337,0.057714762301918264
subject_18,175,0.007132609374821186,0.05587989991659716
subject_18,176,0.007293666247278452,0.06121768140116764
subject_18,177,0.007083238568156958,0.05387823185988323
subject_18,178,0.007288382854312658,0.05921601334445371
subject_18,179,0.00717612961307168,0.05804837364470392
subject_18,180,0.007077408023178577,0.05721434528773978
subject_18,181,0.00720761064440012,0.059382819015846536
subject_18,182,0.007289768662303686,0.05738115095913261
subject_18,183,0.007277458440512419,0.057714762301918264
subject_18,184,0.007183551322668791,0.057047539616346954
subject_18,185,0.007121611386537552,0.05871559633027523
subject_18,186,0.007227330002933741,0.05604670558798999
subject_18,187,0.00726952962577343,0.05471226021684737
subject_18,188,0.007190876640379429,0.061384487072560466
subject_18,189,0.0072214193642139435,0.0585487906588824
subject_18,190,0.007115944754332304,0.056380316930775644
subject_18,191,0.007304040715098381,0.060050041701417846
subject_18,192,0.0072203101590275764,0.05738115095913261
subject_18,193,0.007194673176854849,0.059049207673060884
subject_18,194,0.007144015282392502,0.058882402001668055
subject_18,195,0.0072509003803133965,0.05587989991659716
subject_18,196,0.007073450367897749,0.05087572977481234
subject_18,197,0.007231318857520819,0.059716430358632194
subject_18,198,0.007139916997402906,0.05387823185988323
subject_18,199,0.0072065070271492004,0.05871559633027523
subject_18,200,0.0070459842681884766,0.05521267723102585
