condition,root_area_id,replicate,FCV,source_file
Base,28,0,0.4766073296225369,tfigure5_compare_xy_scatter_data.pkl
Base,28,1,0.011779200667658104,tfigure5_compare_xy_scatter_data.pkl
Base,28,2,0.8697833033591321,tfigure5_compare_xy_scatter_data.pkl
Base,28,3,1.8605560578863336,tfigure5_compare_xy_scatter_data.pkl
Base,28,4,-0.6061758721238164,tfigure5_compare_xy_scatter_data.pkl
Base,28,5,2.091642446057781,tfigure5_compare_xy_scatter_data.pkl
Base,28,6,1.3188961833367259,tfigure5_compare_xy_scatter_data.pkl
Base,28,7,1.5487326839562163,tfigure5_compare_xy_scatter_data.pkl
Base,28,8,1.9165869253658103,tfigure5_compare_xy_scatter_data.pkl
Base,28,9,0.9092929773964216,tfigure5_compare_xy_scatter_data.pkl
Base,28,10,1.2726200045628184,tfigure5_compare_xy_scatter_data.pkl
Base,28,11,0.41027997909990527,tfigure5_compare_xy_scatter_data.pkl
Base,28,12,1.7519235580964891,tfigure5_compare_xy_scatter_data.pkl
Base,28,13,1.5394403189826829,tfigure5_compare_xy_scatter_data.pkl
Base,28,14,2.1276148965500785,tfigure5_compare_xy_scatter_data.pkl
Base,28,15,1.2651980859693992,tfigure5_compare_xy_scatter_data.pkl
Base,28,16,0.7987764576341609,tfigure5_compare_xy_scatter_data.pkl
Base,28,17,1.2002840352286415,tfigure5_compare_xy_scatter_data.pkl
Base,28,18,0.9058730040396609,tfigure5_compare_xy_scatter_data.pkl
Base,28,19,1.3169456390945757,tfigure5_compare_xy_scatter_data.pkl
Base,28,20,1.6446367515582005,tfigure5_compare_xy_scatter_data.pkl
Base,28,21,2.0634398267326164,tfigure5_compare_xy_scatter_data.pkl
Base,28,22,1.0122159443333847,tfigure5_compare_xy_scatter_data.pkl
Base,28,23,0.5217359714451495,tfigure5_compare_xy_scatter_data.pkl
Base,28,24,1.925690191111078,tfigure5_compare_xy_scatter_data.pkl
Base,28,25,0.7262170909758124,tfigure5_compare_xy_scatter_data.pkl
Base,28,26,-0.017782784296212047,tfigure5_compare_xy_scatter_data.pkl
Base,28,27,0.8197720101880062,tfigure5_compare_xy_scatter_data.pkl
Base,28,28,0.21222298515417137,tfigure5_compare_xy_scatter_data.pkl
Base,28,29,-0.4453636533525479,tfigure5_compare_xy_scatter_data.pkl
NULL-Out,28,0,-0.4100643348791815,wsim_fc_null_p_sp_in_fc_mean_std_data.pkl
NULL-Out,28,1,0.04841776676189948,wsim_fc_null_p_sp_in_fc_mean_std_data.pkl
NULL-Out,28,2,1.1735819569767298,wsim_fc_null_p_sp_in_fc_mean_std_data.pkl
NULL-Out,28,3,1.5164912076943227,wsim_fc_null_p_sp_in_fc_mean_std_data.pkl
NULL-Out,28,4,-0.5631405908230923,wsim_fc_null_p_sp_in_fc_mean_std_data.pkl
NULL-Out,28,5,-0.12816822545855902,wsim_fc_null_p_sp_in_fc_mean_std_data.pkl
NULL-Out,28,6,0.06163714843317887,wsim_fc_null_p_sp_in_fc_mean_std_data.pkl
NULL-Out,28,7,0.5880382897465783,wsim_fc_null_p_sp_in_fc_mean_std_data.pkl
NULL-Out,28,8,0.06283563663430301,wsim_fc_null_p_sp_in_fc_mean_std_data.pkl
NULL-Out,28,9,-0.9079335770155772,wsim_fc_null_p_sp_in_fc_mean_std_data.pkl
NULL-Out,28,10,-0.05156209653679819,wsim_fc_null_p_sp_in_fc_mean_std_data.pkl
NULL-Out,28,11,0.8742570678242342,wsim_fc_null_p_sp_in_fc_mean_std_data.pkl
NULL-Out,28,12,1.114863945930146,wsim_fc_null_p_sp_in_fc_mean_std_data.pkl
NULL-Out,28,13,-0.6631332193507273,wsim_fc_null_p_sp_in_fc_mean_std_data.pkl
NULL-Out,28,14,-0.8017535043309161,wsim_fc_null_p_sp_in_fc_mean_std_data.pkl
NULL-Out,28,15,-0.8589516135734967,wsim_fc_null_p_sp_in_fc_mean_std_data.pkl
NULL-Out,28,16,0.1929970140215189,wsim_fc_null_p_sp_in_fc_mean_std_data.pkl
NULL-Out,28,17,-1.300325428880815,wsim_fc_null_p_sp_in_fc_mean_std_data.pkl
NULL-Out,28,18,-0.8619062356666051,wsim_fc_null_p_sp_in_fc_mean_std_data.pkl
NULL-Out,28,19,-1.136329757250771,wsim_fc_null_p_sp_in_fc_mean_std_data.pkl
NULL-Out,28,20,1.2018704641013143,wsim_fc_null_p_sp_in_fc_mean_std_data.pkl
NULL-Out,28,21,1.9699831774660368,wsim_fc_null_p_sp_in_fc_mean_std_data.pkl
NULL-Out,28,22,1.6528386143813978,wsim_fc_null_p_sp_in_fc_mean_std_data.pkl
NULL-Out,28,23,0.5314510293221217,wsim_fc_null_p_sp_in_fc_mean_std_data.pkl
NULL-Out,28,24,0.1524186500603911,wsim_fc_null_p_sp_in_fc_mean_std_data.pkl
NULL-In,28,0,1.2050053615163654,wsim_fc_null_p_sp_out_fc_mean_std_data.pkl
NULL-In,28,1,2.116059774193425,wsim_fc_null_p_sp_out_fc_mean_std_data.pkl
NULL-In,28,2,0.7535008189000875,wsim_fc_null_p_sp_out_fc_mean_std_data.pkl
NULL-In,28,3,1.5434261678543701,wsim_fc_null_p_sp_out_fc_mean_std_data.pkl
NULL-In,28,4,1.544195250468124,wsim_fc_null_p_sp_out_fc_mean_std_data.pkl
NULL-In,28,5,0.06014429852773895,wsim_fc_null_p_sp_out_fc_mean_std_data.pkl
NULL-In,28,6,-0.05972270221175669,wsim_fc_null_p_sp_out_fc_mean_std_data.pkl
NULL-In,28,7,0.2919688177376754,wsim_fc_null_p_sp_out_fc_mean_std_data.pkl
NULL-In,28,8,0.042730645837727836,wsim_fc_null_p_sp_out_fc_mean_std_data.pkl
NULL-In,28,9,0.416586695953777,wsim_fc_null_p_sp_out_fc_mean_std_data.pkl
NULL-In,28,10,0.259593576364914,wsim_fc_null_p_sp_out_fc_mean_std_data.pkl
NULL-In,28,11,0.3870632007553816,wsim_fc_null_p_sp_out_fc_mean_std_data.pkl
NULL-In,28,12,0.8869544237377414,wsim_fc_null_p_sp_out_fc_mean_std_data.pkl
NULL-In,28,13,0.4460498338410349,wsim_fc_null_p_sp_out_fc_mean_std_data.pkl
NULL-In,28,14,0.2773375429959724,wsim_fc_null_p_sp_out_fc_mean_std_data.pkl
NULL-In,28,15,-0.08671122344114213,wsim_fc_null_p_sp_out_fc_mean_std_data.pkl
NULL-In,28,16,-0.2779262136001607,wsim_fc_null_p_sp_out_fc_mean_std_data.pkl
NULL-In,28,17,-0.39114888392736413,wsim_fc_null_p_sp_out_fc_mean_std_data.pkl
NULL-In,28,18,-0.5347300118304649,wsim_fc_null_p_sp_out_fc_mean_std_data.pkl
NULL-In,28,19,0.1830432496767769,wsim_fc_null_p_sp_out_fc_mean_std_data.pkl
NULL-In,28,20,0.4239765285940352,wsim_fc_null_p_sp_out_fc_mean_std_data.pkl
NULL-In,28,21,0.8979572899285166,wsim_fc_null_p_sp_out_fc_mean_std_data.pkl
NULL-In,28,22,-0.4330930682096749,wsim_fc_null_p_sp_out_fc_mean_std_data.pkl
NULL-In,28,23,-0.8191855984153631,wsim_fc_null_p_sp_out_fc_mean_std_data.pkl
NULL-In,28,24,-0.44474716443512213,wsim_fc_null_p_sp_out_fc_mean_std_data.pkl
Base,22,0,0.5821719056122611,tfigure5_compare_xy_scatter_data.pkl
Base,22,1,0.49197290214728495,tfigure5_compare_xy_scatter_data.pkl
Base,22,2,0.6118749141161112,tfigure5_compare_xy_scatter_data.pkl
Base,22,3,0.025095955560234248,tfigure5_compare_xy_scatter_data.pkl
Base,22,4,1.347701788317798,tfigure5_compare_xy_scatter_data.pkl
Base,22,5,0.2832286580408384,tfigure5_compare_xy_scatter_data.pkl
Base,22,6,0.7692938419989965,tfigure5_compare_xy_scatter_data.pkl
Base,22,7,-0.19418533360406848,tfigure5_compare_xy_scatter_data.pkl
Base,22,8,0.7989190135688812,tfigure5_compare_xy_scatter_data.pkl
Base,22,9,0.9217388826968782,tfigure5_compare_xy_scatter_data.pkl
Base,22,10,1.2510472543161186,tfigure5_compare_xy_scatter_data.pkl
Base,22,11,0.7955712835147785,tfigure5_compare_xy_scatter_data.pkl
Base,22,12,-0.15793422240469468,tfigure5_compare_xy_scatter_data.pkl
Base,22,13,-0.10139338081058842,tfigure5_compare_xy_scatter_data.pkl
Base,22,14,1.6599058873493715,tfigure5_compare_xy_scatter_data.pkl
Base,22,15,0.3263626448614227,tfigure5_compare_xy_scatter_data.pkl
Base,22,16,1.4888154778983895,tfigure5_compare_xy_scatter_data.pkl
Base,22,17,1.100042079990812,tfigure5_compare_xy_scatter_data.pkl
Base,22,18,1.2424276617085315,tfigure5_compare_xy_scatter_data.pkl
Base,22,19,1.138343832292532,tfigure5_compare_xy_scatter_data.pkl
Base,22,20,0.8709049392119169,tfigure5_compare_xy_scatter_data.pkl
Base,22,21,1.4397958481595636,tfigure5_compare_xy_scatter_data.pkl
Base,22,22,1.3461077935005046,tfigure5_compare_xy_scatter_data.pkl
Base,22,23,-0.4751523932889441,tfigure5_compare_xy_scatter_data.pkl
Base,22,24,-0.5305744800247288,tfigure5_compare_xy_scatter_data.pkl
Base,22,25,3.0597614727380265,tfigure5_compare_xy_scatter_data.pkl
Base,22,26,0.8514667970286478,tfigure5_compare_xy_scatter_data.pkl
Base,22,27,1.098083951893829,tfigure5_compare_xy_scatter_data.pkl
Base,22,28,1.056913538717791,tfigure5_compare_xy_scatter_data.pkl
Base,22,29,1.8968086941143274,tfigure5_compare_xy_scatter_data.pkl
Base,22,30,1.256745021815396,tfigure5_compare_xy_scatter_data.pkl
Base,22,31,1.748515505331758,tfigure5_compare_xy_scatter_data.pkl
Base,22,32,1.9003150294735787,tfigure5_compare_xy_scatter_data.pkl
Base,22,33,0.5797695060808897,tfigure5_compare_xy_scatter_data.pkl
Base,22,34,0.711957906830125,tfigure5_compare_xy_scatter_data.pkl
Base,22,35,1.8285263887111207,tfigure5_compare_xy_scatter_data.pkl
Base,22,36,-0.17154866114184728,tfigure5_compare_xy_scatter_data.pkl
Base,22,37,-0.8349861002446874,tfigure5_compare_xy_scatter_data.pkl
Base,22,38,0.2505246517060771,tfigure5_compare_xy_scatter_data.pkl
Base,22,39,1.3395929215598779,tfigure5_compare_xy_scatter_data.pkl
NULL-Out,22,0,-0.2781596372330465,wsim_fc_null_p_sp_in_fc_mean_std_data.pkl
NULL-Out,22,1,0.683434154531366,wsim_fc_null_p_sp_in_fc_mean_std_data.pkl
NULL-Out,22,2,0.5940513816928173,wsim_fc_null_p_sp_in_fc_mean_std_data.pkl
NULL-Out,22,3,0.2690921584732662,wsim_fc_null_p_sp_in_fc_mean_std_data.pkl
NULL-Out,22,4,0.8165722946687201,wsim_fc_null_p_sp_in_fc_mean_std_data.pkl
NULL-Out,22,5,0.9374766765219451,wsim_fc_null_p_sp_in_fc_mean_std_data.pkl
NULL-Out,22,6,0.4629179529516712,wsim_fc_null_p_sp_in_fc_mean_std_data.pkl
NULL-Out,22,7,0.9883653539489166,wsim_fc_null_p_sp_in_fc_mean_std_data.pkl
NULL-Out,22,8,0.06289958868514162,wsim_fc_null_p_sp_in_fc_mean_std_data.pkl
NULL-Out,22,9,-0.1254892652212489,wsim_fc_null_p_sp_in_fc_mean_std_data.pkl
NULL-Out,22,10,0.6057260778750854,wsim_fc_null_p_sp_in_fc_mean_std_data.pkl
NULL-Out,22,11,1.2225402308184576,wsim_fc_null_p_sp_in_fc_mean_std_data.pkl
NULL-Out,22,12,0.411150382941093,wsim_fc_null_p_sp_in_fc_mean_std_data.pkl
NULL-Out,22,13,-0.12057072779065987,wsim_fc_null_p_sp_in_fc_mean_std_data.pkl
NULL-Out,22,14,-0.3840951558946359,wsim_fc_null_p_sp_in_fc_mean_std_data.pkl
NULL-Out,22,15,0.2185359368190984,wsim_fc_null_p_sp_in_fc_mean_std_data.pkl
NULL-Out,22,16,-0.15977203329257234,wsim_fc_null_p_sp_in_fc_mean_std_data.pkl
NULL-Out,22,17,-0.007799282094269072,wsim_fc_null_p_sp_in_fc_mean_std_data.pkl
NULL-Out,22,18,1.4481635890428783,wsim_fc_null_p_sp_in_fc_mean_std_data.pkl
NULL-Out,22,19,-0.03754208862358464,wsim_fc_null_p_sp_in_fc_mean_std_data.pkl
NULL-Out,22,20,0.5696683771475559,wsim_fc_null_p_sp_in_fc_mean_std_data.pkl
NULL-Out,22,21,0.3825671393342185,wsim_fc_null_p_sp_in_fc_mean_std_data.pkl
NULL-Out,22,22,0.5647235230053985,wsim_fc_null_p_sp_in_fc_mean_std_data.pkl
NULL-Out,22,23,1.0833696025956923,wsim_fc_null_p_sp_in_fc_mean_std_data.pkl
NULL-Out,22,24,-0.36063399063481555,wsim_fc_null_p_sp_in_fc_mean_std_data.pkl
NULL-Out,22,25,-0.4473791188088575,wsim_fc_null_p_sp_in_fc_mean_std_data.pkl
NULL-Out,22,26,-1.9055195277252934,wsim_fc_null_p_sp_in_fc_mean_std_data.pkl
NULL-Out,22,27,-0.28408277503592044,wsim_fc_null_p_sp_in_fc_mean_std_data.pkl
NULL-Out,22,28,-0.6590964696764053,wsim_fc_null_p_sp_in_fc_mean_std_data.pkl
NULL-Out,22,29,-0.6052638320068078,wsim_fc_null_p_sp_in_fc_mean_std_data.pkl
NULL-Out,22,30,-1.1750840596314833,wsim_fc_null_p_sp_in_fc_mean_std_data.pkl
NULL-Out,22,31,0.1746480133222806,wsim_fc_null_p_sp_in_fc_mean_std_data.pkl
NULL-Out,22,32,0.6153412643087995,wsim_fc_null_p_sp_in_fc_mean_std_data.pkl
NULL-Out,22,33,-0.174437200543731,wsim_fc_null_p_sp_in_fc_mean_std_data.pkl
NULL-Out,22,34,-0.032748393752531926,wsim_fc_null_p_sp_in_fc_mean_std_data.pkl
NULL-In,22,0,0.9898558727924652,wsim_fc_null_p_sp_out_fc_mean_std_data.pkl
NULL-In,22,1,-0.08462806794504558,wsim_fc_null_p_sp_out_fc_mean_std_data.pkl
NULL-In,22,2,0.07411630186639928,wsim_fc_null_p_sp_out_fc_mean_std_data.pkl
NULL-In,22,3,-0.16441700238907356,wsim_fc_null_p_sp_out_fc_mean_std_data.pkl
NULL-In,22,4,-0.11334235164273716,wsim_fc_null_p_sp_out_fc_mean_std_data.pkl
NULL-In,22,5,-0.0819368363493359,wsim_fc_null_p_sp_out_fc_mean_std_data.pkl
NULL-In,22,6,0.38747612588784275,wsim_fc_null_p_sp_out_fc_mean_std_data.pkl
NULL-In,22,7,0.4976964348319051,wsim_fc_null_p_sp_out_fc_mean_std_data.pkl
NULL-In,22,8,0.7298374765152525,wsim_fc_null_p_sp_out_fc_mean_std_data.pkl
NULL-In,22,9,-0.12717946925939635,wsim_fc_null_p_sp_out_fc_mean_std_data.pkl
NULL-In,22,10,0.714321378199799,wsim_fc_null_p_sp_out_fc_mean_std_data.pkl
NULL-In,22,11,0.858380254289873,wsim_fc_null_p_sp_out_fc_mean_std_data.pkl
NULL-In,22,12,0.5807042821335657,wsim_fc_null_p_sp_out_fc_mean_std_data.pkl
NULL-In,22,13,0.800556170409352,wsim_fc_null_p_sp_out_fc_mean_std_data.pkl
NULL-In,22,14,0.15815116103915114,wsim_fc_null_p_sp_out_fc_mean_std_data.pkl
NULL-In,22,15,1.1039905110949295,wsim_fc_null_p_sp_out_fc_mean_std_data.pkl
NULL-In,22,16,0.5555994864282925,wsim_fc_null_p_sp_out_fc_mean_std_data.pkl
NULL-In,22,17,0.0972962668021233,wsim_fc_null_p_sp_out_fc_mean_std_data.pkl
NULL-In,22,18,0.8283446422222027,wsim_fc_null_p_sp_out_fc_mean_std_data.pkl
NULL-In,22,19,0.4998374892702862,wsim_fc_null_p_sp_out_fc_mean_std_data.pkl
NULL-In,22,20,0.1551249945674339,wsim_fc_null_p_sp_out_fc_mean_std_data.pkl
NULL-In,22,21,0.9061996432515252,wsim_fc_null_p_sp_out_fc_mean_std_data.pkl
NULL-In,22,22,0.4386517482762141,wsim_fc_null_p_sp_out_fc_mean_std_data.pkl
NULL-In,22,23,0.8682348439923174,wsim_fc_null_p_sp_out_fc_mean_std_data.pkl
NULL-In,22,24,1.256549899610009,wsim_fc_null_p_sp_out_fc_mean_std_data.pkl
NULL-In,22,25,-1.3881895826019492,wsim_fc_null_p_sp_out_fc_mean_std_data.pkl
NULL-In,22,26,-1.412124310052903,wsim_fc_null_p_sp_out_fc_mean_std_data.pkl
NULL-In,22,27,-1.1577278712977521,wsim_fc_null_p_sp_out_fc_mean_std_data.pkl
NULL-In,22,28,-1.6497889018231688,wsim_fc_null_p_sp_out_fc_mean_std_data.pkl
NULL-In,22,29,-1.1670501687909636,wsim_fc_null_p_sp_out_fc_mean_std_data.pkl
NULL-In,22,30,1.5802590404025152,wsim_fc_null_p_sp_out_fc_mean_std_data.pkl
NULL-In,22,31,1.8164335211914096,wsim_fc_null_p_sp_out_fc_mean_std_data.pkl
NULL-In,22,32,1.8704278061419108,wsim_fc_null_p_sp_out_fc_mean_std_data.pkl
NULL-In,22,33,1.3101675496514227,wsim_fc_null_p_sp_out_fc_mean_std_data.pkl
NULL-In,22,34,1.8522336439896205,wsim_fc_null_p_sp_out_fc_mean_std_data.pkl
Base,64,0,0.7169311314497474,tfigure5_compare_xy_scatter_data.pkl
Base,64,1,0.2799442961027121,tfigure5_compare_xy_scatter_data.pkl
Base,64,2,0.28561679177550586,tfigure5_compare_xy_scatter_data.pkl
Base,64,3,1.743210381135998,tfigure5_compare_xy_scatter_data.pkl
Base,64,4,-0.6298394836286938,tfigure5_compare_xy_scatter_data.pkl
Base,64,5,2.31461321805171,tfigure5_compare_xy_scatter_data.pkl
Base,64,6,1.0117988358474588,tfigure5_compare_xy_scatter_data.pkl
Base,64,7,0.6194434654803066,tfigure5_compare_xy_scatter_data.pkl
Base,64,8,1.1836321526717106,tfigure5_compare_xy_scatter_data.pkl
Base,64,9,1.3445102415733268,tfigure5_compare_xy_scatter_data.pkl
Base,64,10,1.9471784505020422,tfigure5_compare_xy_scatter_data.pkl
Base,64,11,-0.10335940194247523,tfigure5_compare_xy_scatter_data.pkl
Base,64,12,0.0363158465063906,tfigure5_compare_xy_scatter_data.pkl
Base,64,13,1.6788814355263986,tfigure5_compare_xy_scatter_data.pkl
Base,64,14,0.8099066289117524,tfigure5_compare_xy_scatter_data.pkl
Base,64,15,1.690274171101679,tfigure5_compare_xy_scatter_data.pkl
Base,64,16,0.5371540364103153,tfigure5_compare_xy_scatter_data.pkl
Base,64,17,1.1187546659983343,tfigure5_compare_xy_scatter_data.pkl
Base,64,18,0.7729620065437999,tfigure5_compare_xy_scatter_data.pkl
Base,64,19,0.8582993374982097,tfigure5_compare_xy_scatter_data.pkl
Base,64,20,2.1091011797357453,tfigure5_compare_xy_scatter_data.pkl
Base,64,21,0.9729206861725558,tfigure5_compare_xy_scatter_data.pkl
Base,64,22,0.13533697436077669,tfigure5_compare_xy_scatter_data.pkl
Base,64,23,0.4736828191962703,tfigure5_compare_xy_scatter_data.pkl
Base,64,24,1.9428218848650771,tfigure5_compare_xy_scatter_data.pkl
Base,64,25,0.20150203021306345,tfigure5_compare_xy_scatter_data.pkl
Base,64,26,0.5715987943379272,tfigure5_compare_xy_scatter_data.pkl
Base,64,27,1.3363245244249362,tfigure5_compare_xy_scatter_data.pkl
Base,64,28,0.6020551225319648,tfigure5_compare_xy_scatter_data.pkl
Base,64,29,-0.21058284330559854,tfigure5_compare_xy_scatter_data.pkl
NULL-Out,64,0,-0.22867065877445186,wsim_fc_null_p_sp_in_fc_mean_std_data.pkl
NULL-Out,64,1,1.1267413534078288,wsim_fc_null_p_sp_in_fc_mean_std_data.pkl
NULL-Out,64,2,0.49268676543282097,wsim_fc_null_p_sp_in_fc_mean_std_data.pkl
NULL-Out,64,3,0.20871797713493073,wsim_fc_null_p_sp_in_fc_mean_std_data.pkl
NULL-Out,64,4,1.7987135088511625,wsim_fc_null_p_sp_in_fc_mean_std_data.pkl
NULL-Out,64,5,0.5028274717067976,wsim_fc_null_p_sp_in_fc_mean_std_data.pkl
NULL-Out,64,6,1.343751491782324,wsim_fc_null_p_sp_in_fc_mean_std_data.pkl
NULL-Out,64,7,0.1940507994196419,wsim_fc_null_p_sp_in_fc_mean_std_data.pkl
NULL-Out,64,8,0.1980574810205432,wsim_fc_null_p_sp_in_fc_mean_std_data.pkl
NULL-Out,64,9,0.15333506794737445,wsim_fc_null_p_sp_in_fc_mean_std_data.pkl
NULL-Out,64,10,0.10056432215053242,wsim_fc_null_p_sp_in_fc_mean_std_data.pkl
NULL-Out,64,11,0.2252463806189108,wsim_fc_null_p_sp_in_fc_mean_std_data.pkl
NULL-Out,64,12,0.1403138144427738,wsim_fc_null_p_sp_in_fc_mean_std_data.pkl
NULL-Out,64,13,0.18522298936166362,wsim_fc_null_p_sp_in_fc_mean_std_data.pkl
NULL-Out,64,14,0.41830065780239883,wsim_fc_null_p_sp_in_fc_mean_std_data.pkl
NULL-Out,64,15,-0.3935071112223964,wsim_fc_null_p_sp_in_fc_mean_std_data.pkl
NULL-Out,64,16,-0.21858410420203755,wsim_fc_null_p_sp_in_fc_mean_std_data.pkl
NULL-Out,64,17,-0.37131677690778203,wsim_fc_null_p_sp_in_fc_mean_std_data.pkl
NULL-Out,64,18,0.40837378330547897,wsim_fc_null_p_sp_in_fc_mean_std_data.pkl
NULL-Out,64,19,0.8095449028338869,wsim_fc_null_p_sp_in_fc_mean_std_data.pkl
NULL-Out,64,20,3.81266659147895,wsim_fc_null_p_sp_in_fc_mean_std_data.pkl
NULL-Out,64,21,1.2681243234347166,wsim_fc_null_p_sp_in_fc_mean_std_data.pkl
NULL-Out,64,22,0.9974420381290092,wsim_fc_null_p_sp_in_fc_mean_std_data.pkl
NULL-Out,64,23,1.5222395654872654,wsim_fc_null_p_sp_in_fc_mean_std_data.pkl
NULL-Out,64,24,0.39811315031618855,wsim_fc_null_p_sp_in_fc_mean_std_data.pkl
NULL-In,64,0,1.1572537005838641,wsim_fc_null_p_sp_out_fc_mean_std_data.pkl
NULL-In,64,1,1.0061431734758437,wsim_fc_null_p_sp_out_fc_mean_std_data.pkl
NULL-In,64,2,0.20095608976069163,wsim_fc_null_p_sp_out_fc_mean_std_data.pkl
NULL-In,64,3,1.7978348422141104,wsim_fc_null_p_sp_out_fc_mean_std_data.pkl
NULL-In,64,4,0.09022939921592989,wsim_fc_null_p_sp_out_fc_mean_std_data.pkl
NULL-In,64,5,0.07463316705210969,wsim_fc_null_p_sp_out_fc_mean_std_data.pkl
NULL-In,64,6,1.302206204000252,wsim_fc_null_p_sp_out_fc_mean_std_data.pkl
NULL-In,64,7,0.20701409840648607,wsim_fc_null_p_sp_out_fc_mean_std_data.pkl
NULL-In,64,8,0.08245660717947408,wsim_fc_null_p_sp_out_fc_mean_std_data.pkl
NULL-In,64,9,0.3943965288438748,wsim_fc_null_p_sp_out_fc_mean_std_data.pkl
NULL-In,64,10,1.1361460965196133,wsim_fc_null_p_sp_out_fc_mean_std_data.pkl
NULL-In,64,11,0.8826746591106606,wsim_fc_null_p_sp_out_fc_mean_std_data.pkl
NULL-In,64,12,0.23815542865810338,wsim_fc_null_p_sp_out_fc_mean_std_data.pkl
NULL-In,64,13,0.39166270989255075,wsim_fc_null_p_sp_out_fc_mean_std_data.pkl
NULL-In,64,14,1.0473512911177474,wsim_fc_null_p_sp_out_fc_mean_std_data.pkl
NULL-In,64,15,0.901452413589665,wsim_fc_null_p_sp_out_fc_mean_std_data.pkl
NULL-In,64,16,0.6919957040124504,wsim_fc_null_p_sp_out_fc_mean_std_data.pkl
NULL-In,64,17,0.6434655189733802,wsim_fc_null_p_sp_out_fc_mean_std_data.pkl
NULL-In,64,18,0.3787173861579033,wsim_fc_null_p_sp_out_fc_mean_std_data.pkl
NULL-In,64,19,1.228524459590477,wsim_fc_null_p_sp_out_fc_mean_std_data.pkl
NULL-In,64,20,1.8879066767907708,wsim_fc_null_p_sp_out_fc_mean_std_data.pkl
NULL-In,64,21,0.8668409641285919,wsim_fc_null_p_sp_out_fc_mean_std_data.pkl
NULL-In,64,22,1.7527433010814482,wsim_fc_null_p_sp_out_fc_mean_std_data.pkl
NULL-In,64,23,0.9279177279687219,wsim_fc_null_p_sp_out_fc_mean_std_data.pkl
NULL-In,64,24,1.6305144371915399,wsim_fc_null_p_sp_out_fc_mean_std_data.pkl
Base,58,0,1.3448185293829718,tfigure5_compare_xy_scatter_data.pkl
Base,58,1,1.7696768679362977,tfigure5_compare_xy_scatter_data.pkl
Base,58,2,1.214204549317323,tfigure5_compare_xy_scatter_data.pkl
Base,58,3,1.004810239966218,tfigure5_compare_xy_scatter_data.pkl
Base,58,4,1.4286123306558132,tfigure5_compare_xy_scatter_data.pkl
Base,58,5,0.7406432247684106,tfigure5_compare_xy_scatter_data.pkl
Base,58,6,0.17601227167248804,tfigure5_compare_xy_scatter_data.pkl
Base,58,7,0.5591011666872413,tfigure5_compare_xy_scatter_data.pkl
Base,58,8,1.0716916779548056,tfigure5_compare_xy_scatter_data.pkl
Base,58,9,1.830748480401849,tfigure5_compare_xy_scatter_data.pkl
Base,58,10,0.37904781888126515,tfigure5_compare_xy_scatter_data.pkl
Base,58,11,0.7955250468322684,tfigure5_compare_xy_scatter_data.pkl
Base,58,12,0.7569366542133421,tfigure5_compare_xy_scatter_data.pkl
Base,58,13,0.8956060037985265,tfigure5_compare_xy_scatter_data.pkl
Base,58,14,1.3865156969151535,tfigure5_compare_xy_scatter_data.pkl
Base,58,15,1.3776350823890102,tfigure5_compare_xy_scatter_data.pkl
Base,58,16,0.41717500527977114,tfigure5_compare_xy_scatter_data.pkl
Base,58,17,1.263470807866696,tfigure5_compare_xy_scatter_data.pkl
Base,58,18,0.9017530645597842,tfigure5_compare_xy_scatter_data.pkl
Base,58,19,1.00512467034484,tfigure5_compare_xy_scatter_data.pkl
Base,58,20,0.41174147786791376,tfigure5_compare_xy_scatter_data.pkl
Base,58,21,-0.4254250700703963,tfigure5_compare_xy_scatter_data.pkl
Base,58,22,1.8379605145436617,tfigure5_compare_xy_scatter_data.pkl
Base,58,23,0.8703965233849555,tfigure5_compare_xy_scatter_data.pkl
Base,58,24,0.9898147929077757,tfigure5_compare_xy_scatter_data.pkl
Base,58,25,1.1744822934664247,tfigure5_compare_xy_scatter_data.pkl
Base,58,26,-0.26050478275374533,tfigure5_compare_xy_scatter_data.pkl
Base,58,27,0.04836625031229104,tfigure5_compare_xy_scatter_data.pkl
Base,58,28,0.49359064086690435,tfigure5_compare_xy_scatter_data.pkl
Base,58,29,0.5659988806704794,tfigure5_compare_xy_scatter_data.pkl
Base,58,30,1.6572954852758095,tfigure5_compare_xy_scatter_data.pkl
Base,58,31,-0.5732257501685963,tfigure5_compare_xy_scatter_data.pkl
Base,58,32,1.604887265855631,tfigure5_compare_xy_scatter_data.pkl
Base,58,33,1.064808920684491,tfigure5_compare_xy_scatter_data.pkl
Base,58,34,2.720117308788861,tfigure5_compare_xy_scatter_data.pkl
Base,58,35,0.02835641839559205,tfigure5_compare_xy_scatter_data.pkl
Base,58,36,1.4922490276733396,tfigure5_compare_xy_scatter_data.pkl
Base,58,37,1.6275910187854563,tfigure5_compare_xy_scatter_data.pkl
Base,58,38,0.8846442677069658,tfigure5_compare_xy_scatter_data.pkl
Base,58,39,-0.7099188595606754,tfigure5_compare_xy_scatter_data.pkl
Base,58,40,1.7057762406053343,tfigure5_compare_xy_scatter_data.pkl
Base,58,41,0.5508137293426232,tfigure5_compare_xy_scatter_data.pkl
Base,58,42,1.407316109374486,tfigure5_compare_xy_scatter_data.pkl
Base,58,43,0.691703520389601,tfigure5_compare_xy_scatter_data.pkl
Base,58,44,-0.04839603756317932,tfigure5_compare_xy_scatter_data.pkl
NULL-Out,58,0,2.033075498287772,wsim_fc_null_p_sp_in_fc_mean_std_data.pkl
NULL-Out,58,1,-0.02001575795447963,wsim_fc_null_p_sp_in_fc_mean_std_data.pkl
NULL-Out,58,2,1.3886292032458263,wsim_fc_null_p_sp_in_fc_mean_std_data.pkl
NULL-Out,58,3,1.264463447919382,wsim_fc_null_p_sp_in_fc_mean_std_data.pkl
NULL-Out,58,4,0.5412015542454393,wsim_fc_null_p_sp_in_fc_mean_std_data.pkl
NULL-Out,58,5,1.5127951280727439,wsim_fc_null_p_sp_in_fc_mean_std_data.pkl
NULL-Out,58,6,0.4602511325012905,wsim_fc_null_p_sp_in_fc_mean_std_data.pkl
NULL-Out,58,7,0.4734052751342029,wsim_fc_null_p_sp_in_fc_mean_std_data.pkl
NULL-Out,58,8,0.9005561106336177,wsim_fc_null_p_sp_in_fc_mean_std_data.pkl
NULL-Out,58,9,-0.559788068623876,wsim_fc_null_p_sp_in_fc_mean_std_data.pkl
NULL-Out,58,10,1.4662856987215207,wsim_fc_null_p_sp_in_fc_mean_std_data.pkl
NULL-Out,58,11,1.3183385536559513,wsim_fc_null_p_sp_in_fc_mean_std_data.pkl
NULL-Out,58,12,0.05545302171913981,wsim_fc_null_p_sp_in_fc_mean_std_data.pkl
NULL-Out,58,13,0.6720786893395639,wsim_fc_null_p_sp_in_fc_mean_std_data.pkl
NULL-Out,58,14,-0.2862081847712714,wsim_fc_null_p_sp_in_fc_mean_std_data.pkl
NULL-Out,58,15,-0.9358947136118358,wsim_fc_null_p_sp_in_fc_mean_std_data.pkl
NULL-Out,58,16,0.09882984412308606,wsim_fc_null_p_sp_in_fc_mean_std_data.pkl
NULL-Out,58,17,0.43425169506336325,wsim_fc_null_p_sp_in_fc_mean_std_data.pkl
NULL-Out,58,18,0.39786171745572224,wsim_fc_null_p_sp_in_fc_mean_std_data.pkl
NULL-Out,58,19,2.499876296740608,wsim_fc_null_p_sp_in_fc_mean_std_data.pkl
NULL-Out,58,20,0.12375910124320137,wsim_fc_null_p_sp_in_fc_mean_std_data.pkl
NULL-Out,58,21,1.0785010102469743,wsim_fc_null_p_sp_in_fc_mean_std_data.pkl
NULL-Out,58,22,0.7235712738844893,wsim_fc_null_p_sp_in_fc_mean_std_data.pkl
NULL-Out,58,23,-0.43372351451988267,wsim_fc_null_p_sp_in_fc_mean_std_data.pkl
NULL-Out,58,24,0.8883592319674228,wsim_fc_null_p_sp_in_fc_mean_std_data.pkl
NULL-Out,58,25,-0.5720396818151005,wsim_fc_null_p_sp_in_fc_mean_std_data.pkl
NULL-Out,58,26,-0.5849035434008809,wsim_fc_null_p_sp_in_fc_mean_std_data.pkl
NULL-Out,58,27,-0.18968378976419123,wsim_fc_null_p_sp_in_fc_mean_std_data.pkl
NULL-Out,58,28,-1.1329742827741196,wsim_fc_null_p_sp_in_fc_mean_std_data.pkl
NULL-Out,58,29,-0.7623341145147335,wsim_fc_null_p_sp_in_fc_mean_std_data.pkl
NULL-Out,58,30,-0.0830060767973283,wsim_fc_null_p_sp_in_fc_mean_std_data.pkl
NULL-Out,58,31,1.108206214393426,wsim_fc_null_p_sp_in_fc_mean_std_data.pkl
NULL-Out,58,32,1.329172286520784,wsim_fc_null_p_sp_in_fc_mean_std_data.pkl
NULL-Out,58,33,0.6325073057954818,wsim_fc_null_p_sp_in_fc_mean_std_data.pkl
NULL-Out,58,34,0.4519398567783313,wsim_fc_null_p_sp_in_fc_mean_std_data.pkl
NULL-Out,58,35,0.5902222019590048,wsim_fc_null_p_sp_in_fc_mean_std_data.pkl
NULL-Out,58,36,1.2134752983838413,wsim_fc_null_p_sp_in_fc_mean_std_data.pkl
NULL-Out,58,37,0.8869994057269877,wsim_fc_null_p_sp_in_fc_mean_std_data.pkl
NULL-Out,58,38,0.28968379305246517,wsim_fc_null_p_sp_in_fc_mean_std_data.pkl
NULL-Out,58,39,0.46163239290330316,wsim_fc_null_p_sp_in_fc_mean_std_data.pkl
NULL-In,58,0,0.4403951839487445,wsim_fc_null_p_sp_out_fc_mean_std_data.pkl
NULL-In,58,1,1.4776650851987438,wsim_fc_null_p_sp_out_fc_mean_std_data.pkl
NULL-In,58,2,0.7387591735806199,wsim_fc_null_p_sp_out_fc_mean_std_data.pkl
NULL-In,58,3,0.08399922139884479,wsim_fc_null_p_sp_out_fc_mean_std_data.pkl
NULL-In,58,4,0.7932768671455744,wsim_fc_null_p_sp_out_fc_mean_std_data.pkl
NULL-In,58,5,0.6598651072969078,wsim_fc_null_p_sp_out_fc_mean_std_data.pkl
NULL-In,58,6,0.1849485716195673,wsim_fc_null_p_sp_out_fc_mean_std_data.pkl
NULL-In,58,7,0.4947866657391686,wsim_fc_null_p_sp_out_fc_mean_std_data.pkl
NULL-In,58,8,-1.1574782706366076,wsim_fc_null_p_sp_out_fc_mean_std_data.pkl
NULL-In,58,9,-0.0302545607638602,wsim_fc_null_p_sp_out_fc_mean_std_data.pkl
NULL-In,58,10,1.0359845525032318,wsim_fc_null_p_sp_out_fc_mean_std_data.pkl
NULL-In,58,11,0.5260159260385754,wsim_fc_null_p_sp_out_fc_mean_std_data.pkl
NULL-In,58,12,0.21985416892801496,wsim_fc_null_p_sp_out_fc_mean_std_data.pkl
NULL-In,58,13,1.1182216704661745,wsim_fc_null_p_sp_out_fc_mean_std_data.pkl
NULL-In,58,14,-0.6268073807847856,wsim_fc_null_p_sp_out_fc_mean_std_data.pkl
NULL-In,58,15,0.9517591464414727,wsim_fc_null_p_sp_out_fc_mean_std_data.pkl
NULL-In,58,16,1.75057660087856,wsim_fc_null_p_sp_out_fc_mean_std_data.pkl
NULL-In,58,17,1.2282127635706916,wsim_fc_null_p_sp_out_fc_mean_std_data.pkl
NULL-In,58,18,0.9354400261374752,wsim_fc_null_p_sp_out_fc_mean_std_data.pkl
NULL-In,58,19,0.46962521713203387,wsim_fc_null_p_sp_out_fc_mean_std_data.pkl
NULL-In,58,20,0.4456264018498356,wsim_fc_null_p_sp_out_fc_mean_std_data.pkl
NULL-In,58,21,0.2555649398412813,wsim_fc_null_p_sp_out_fc_mean_std_data.pkl
NULL-In,58,22,1.1338910182639177,wsim_fc_null_p_sp_out_fc_mean_std_data.pkl
NULL-In,58,23,0.06789553166016125,wsim_fc_null_p_sp_out_fc_mean_std_data.pkl
NULL-In,58,24,0.38081073985634933,wsim_fc_null_p_sp_out_fc_mean_std_data.pkl
NULL-In,58,25,-0.6453097731039991,wsim_fc_null_p_sp_out_fc_mean_std_data.pkl
NULL-In,58,26,-0.7263780154612307,wsim_fc_null_p_sp_out_fc_mean_std_data.pkl
NULL-In,58,27,-0.2058452872846413,wsim_fc_null_p_sp_out_fc_mean_std_data.pkl
NULL-In,58,28,-0.8518620215486291,wsim_fc_null_p_sp_out_fc_mean_std_data.pkl
NULL-In,58,29,-0.17804790332953,wsim_fc_null_p_sp_out_fc_mean_std_data.pkl
NULL-In,58,30,0.9054830375245156,wsim_fc_null_p_sp_out_fc_mean_std_data.pkl
NULL-In,58,31,1.512987867571287,wsim_fc_null_p_sp_out_fc_mean_std_data.pkl
NULL-In,58,32,1.716601786615505,wsim_fc_null_p_sp_out_fc_mean_std_data.pkl
NULL-In,58,33,2.0516690452504682,wsim_fc_null_p_sp_out_fc_mean_std_data.pkl
NULL-In,58,34,1.4973666919228175,wsim_fc_null_p_sp_out_fc_mean_std_data.pkl
NULL-In,58,35,2.2407724227014687,wsim_fc_null_p_sp_out_fc_mean_std_data.pkl
NULL-In,58,36,1.9858474070704641,wsim_fc_null_p_sp_out_fc_mean_std_data.pkl
NULL-In,58,37,2.0161345959505814,wsim_fc_null_p_sp_out_fc_mean_std_data.pkl
NULL-In,58,38,2.435927717429508,wsim_fc_null_p_sp_out_fc_mean_std_data.pkl
NULL-In,58,39,3.413743582320154,wsim_fc_null_p_sp_out_fc_mean_std_data.pkl
