species,recording_id,root_area_id,node,n_clusters,EdgeStdFCV,FCS,ProfileCorrDistFCV,NetTE,NeighborNetTE,te_source,anatomy_group,complete_five_measures
Zebrafish,subject_12,0,MON,1,0.2986618161273212,0.0654994508129081,0.5549112109152077,-0.0221185327548997,-0.0007275014695989,computed_from_spatial_unit_calcium,Hind,True
Zebrafish,subject_12,1,Cb,3,0.28747077474849,0.2356356736901673,0.5312653991114424,0.0043159757210563,0.0006007902934233,computed_from_spatial_unit_calcium,Hind,True
Zebrafish,subject_12,2,MOS1,3,0.2936473669814159,0.2948547368380223,0.3355977443980305,0.0057770567478165,0.0005162718529636,computed_from_spatial_unit_calcium,Hind,True
Zebrafish,subject_12,3,MOS2,1,0.252397532981229,0.3237373265928152,0.2104900699031823,0.0135041108143134,0.0001501432583492,computed_from_spatial_unit_calcium,Hind,True
Zebrafish,subject_12,4,MOS3,2,0.3047427431062824,0.2960685608414876,0.3463448863999894,0.0036086591219633,0.000595867746665,computed_from_spatial_unit_calcium,Hind,True
Zebrafish,subject_12,5,MOS4,1,0.2668073249879713,0.3233694695890315,0.2533997581843591,0.008583649633147,0.0006367586347808,computed_from_spatial_unit_calcium,Hind,True
Zebrafish,subject_12,6,MOS5,2,0.2921313922895192,0.2439741099858112,0.3604635591703491,-0.0031130433894458,0.0009639361476507,computed_from_spatial_unit_calcium,Hind,True
Zebrafish,subject_12,7,IPN,1,0.3167035148464949,0.1009649860479585,0.7528673426132102,-0.0021244422289796,-0.001639302213286,computed_from_spatial_unit_calcium,Hind,True
Zebrafish,subject_12,8,IO,1,0.3128743298031727,0.1210003815008808,0.65191370156348,0.001286605945456,0.0007226823726691,computed_from_spatial_unit_calcium,Hind,True
Zebrafish,subject_12,10,Ra,1,0.3292076849883602,0.2017195703589149,0.4845806775189105,-0.0003348667195635,0.0006565047992925,computed_from_spatial_unit_calcium,Hind,True
Zebrafish,subject_12,11,T,2,0.3040399624181056,0.3311500762944364,0.4122546985408235,0.0020755325599597,0.0002122112103071,computed_from_spatial_unit_calcium,Mes,True
Zebrafish,subject_12,12,aRF,1,0.2786619411834523,0.2975007910636428,0.3151414618356873,0.0015402691665001,0.0007434468669801,computed_from_spatial_unit_calcium,Hind,True
Zebrafish,subject_12,13,imRF,1,0.2560221204981127,0.3219466004562278,0.2208369220054164,-0.0008217511878821,0.0006091156030381,computed_from_spatial_unit_calcium,Hind,True
Zebrafish,subject_12,14,pRF,1,0.2558138181495344,0.3104508356362369,0.2195380751283498,0.0067988428505098,0.0005344458901477,computed_from_spatial_unit_calcium,Hind,True
Zebrafish,subject_12,16,Hb,1,0.3421079612873121,0.0427029418003617,0.7831619445077689,-0.0045025624979719,-0.0013604594424476,computed_from_spatial_unit_calcium,Di,True
Zebrafish,subject_12,17,Hi,1,0.2696989518628653,0.159153269055108,0.5796874357304584,-0.0095553125453493,0.0007599458644766,computed_from_spatial_unit_calcium,Di,True
Zebrafish,subject_12,19,OG,1,0.2224041553778506,0.0402646448274344,0.79959615827742,-0.002597415637039,-0.0089060192938089,computed_from_spatial_unit_calcium,Tel,True
Zebrafish,subject_12,20,OB,1,0.3668197845546361,0.0456084592399244,0.7082583500847283,0.0024964953952942,6.54086530877718e-06,computed_from_spatial_unit_calcium,Tel,True
Zebrafish,subject_12,21,OE,1,0.359472995946888,0.0458508495869222,0.7770303006207985,0.0042998655314947,-0.0005824884368543,computed_from_spatial_unit_calcium,Tel,True
Zebrafish,subject_12,22,P,2,0.3514891943468322,0.0730452559034799,0.6598457630825144,0.0011192630451274,-0.0013030950515731,computed_from_spatial_unit_calcium,Tel,True
Zebrafish,subject_12,24,PT,1,0.317124287638903,0.2314092612690027,0.53309657031896,-0.012826966568308,0.0006720339182087,computed_from_spatial_unit_calcium,Di,True
Zebrafish,subject_12,25,PO,1,0.3517069016775574,0.1859126374586656,0.5603927013432464,-0.0040657364528414,0.0005351775179577,computed_from_spatial_unit_calcium,Tel,True
Zebrafish,subject_12,26,PrT,1,0.2957007567184253,0.3192781543048459,0.4144352455679265,-0.0045208035380599,0.0006714589828311,computed_from_spatial_unit_calcium,Di,True
Zebrafish,subject_12,28,SP,1,0.3622033202424852,0.142972789108485,0.5793351995860274,0.0053428120362171,-0.0007094384591484,computed_from_spatial_unit_calcium,Tel,True
Zebrafish,subject_12,29,TeO,15,0.3294634718993575,0.1220332567039363,0.6516132299104325,-6.50346486742252e-05,-0.000414347083123,computed_from_spatial_unit_calcium,Mes,True
Zebrafish,subject_12,30,Th,2,0.3324795375423253,0.2228423091813362,0.6376892545221622,-0.0063676990769215,0.0001388663766263,computed_from_spatial_unit_calcium,Di,True
Zebrafish,subject_12,31,TL,1,0.2638141806072848,0.0983904743711775,0.7730326543140095,-0.0029576158654772,0.0046342750821951,computed_from_spatial_unit_calcium,Mes,True
Zebrafish,subject_12,32,TS,1,0.3305151104274439,0.1024056262556711,0.7891356686056537,-0.0015143407265387,-0.0031535870173823,computed_from_spatial_unit_calcium,Mes,True
Zebrafish,subject_12,33,TG,1,0.2424139142518239,0.006995037067111,0.8287479537771526,0.0005698188098797,,computed_from_spatial_unit_calcium,Hind,False
Zebrafish,subject_12,34,VR,1,0.2842959057375099,0.231152255448502,0.3447944167163651,-0.0029887858600937,0.0012788336863044,computed_from_spatial_unit_calcium,Hind,True
Zebrafish,subject_12,35,NX,1,0.2435259552568842,0.286725819565572,0.2070487917767352,0.01546668736689,0.0002424022631366,computed_from_spatial_unit_calcium,Hind,True
Zebrafish,subject_12,36,rMON,2,0.3138826487688042,0.0740085333350492,0.5732679152442939,-0.0145849531863208,2.178640962430603e-05,computed_from_spatial_unit_calcium,Hind,True
Zebrafish,subject_12,37,rCb,3,0.2889064433949679,0.2680301441298907,0.453540683689493,0.0017755168968816,0.000442250493893,computed_from_spatial_unit_calcium,Hind,True
Zebrafish,subject_12,38,rMOS1,3,0.2761476669900498,0.3086412938674912,0.3202690758926103,0.0044306548517635,0.0005230349686245,computed_from_spatial_unit_calcium,Hind,True
Zebrafish,subject_12,39,rMOS2,1,0.2470420652102564,0.3239116699164869,0.2036615191668797,0.0105409394158649,0.0004954100992457,computed_from_spatial_unit_calcium,Hind,True
Zebrafish,subject_12,40,rMOS3,3,0.2975294300338618,0.261182817832271,0.3668530000520455,0.0022978466233646,0.000924798918291,computed_from_spatial_unit_calcium,Hind,True
Zebrafish,subject_12,41,rMOS4,2,0.2583631849600435,0.3248053179063156,0.2537533479047782,0.0079119236744478,0.0003825410811788,computed_from_spatial_unit_calcium,Hind,True
Zebrafish,subject_12,42,rMOS5,3,0.2992009235200499,0.23957378225245,0.452332259890805,0.0018822394385441,0.0004925585365983,computed_from_spatial_unit_calcium,Hind,True
Zebrafish,subject_12,43,rIPN,1,0.3419029819978765,0.0755771612817782,0.7298473738026847,-0.0015375214372446,-0.0015742116974145,computed_from_spatial_unit_calcium,Hind,True
Zebrafish,subject_12,44,rIO,1,0.3133707361989761,0.1350275922181061,0.6917723118381333,-0.0175958678353643,-4.114009495198999e-05,computed_from_spatial_unit_calcium,Hind,True
Zebrafish,subject_12,46,rRa,1,0.3425982214231488,0.1827270881905318,0.5867775259138469,0.001965851799746,0.0007796469502857,computed_from_spatial_unit_calcium,Hind,True
Zebrafish,subject_12,47,rT,3,0.2953113826697685,0.2964451410586881,0.4455244919257689,-0.0063995349084143,0.0003980144398346,computed_from_spatial_unit_calcium,Mes,True
Zebrafish,subject_12,48,raRF,1,0.2638111505037104,0.2840661740177198,0.3346833222012122,-0.024028074827228,0.0005912703410871,computed_from_spatial_unit_calcium,Hind,True
Zebrafish,subject_12,49,rimRF,1,0.2385082902652942,0.3368322667901933,0.2100704939349715,0.000987535375613,0.0006268659821954,computed_from_spatial_unit_calcium,Hind,True
Zebrafish,subject_12,50,rpRF,1,0.2424924523021285,0.313510558958017,0.2050131102648699,0.0066639423646664,0.0002995797151736,computed_from_spatial_unit_calcium,Hind,True
Zebrafish,subject_12,52,rHb,1,0.3428024437915766,0.1206504218822931,0.7610974746296666,-0.0090672185161426,0.0026719551108766,computed_from_spatial_unit_calcium,Di,True
Zebrafish,subject_12,53,rHi,1,0.2672453135892106,0.1492583770038184,0.6169045619759455,-0.0137217342795152,0.0010924501334015,computed_from_spatial_unit_calcium,Di,True
Zebrafish,subject_12,56,rOB,1,0.3660908314822905,0.0925325028281477,0.7631657980607941,0.0019056706297713,-0.0003097425943196,computed_from_spatial_unit_calcium,Tel,True
Zebrafish,subject_12,57,rOE,1,0.3315356821721991,0.013315013996973,0.7121496102376754,0.0042748719555912,-0.0008739454424529,computed_from_spatial_unit_calcium,Tel,True
Zebrafish,subject_12,58,rP,2,0.3654928121668009,0.1035604527788359,0.6365018467050987,0.0047054411308446,-0.001743108376505,computed_from_spatial_unit_calcium,Tel,True
Zebrafish,subject_12,60,rPT,1,0.3251398399483228,0.2342024475977104,0.5441817185953899,-0.0058075031564227,0.0004612427227275,computed_from_spatial_unit_calcium,Di,True
Zebrafish,subject_12,61,rPO,1,0.354648979103209,0.1891155134728229,0.5668319812071646,-0.0068636466151329,0.0002639028999284,computed_from_spatial_unit_calcium,Tel,True
Zebrafish,subject_12,62,rPrT,1,0.300802374754631,0.3359911984152258,0.4137083818770283,0.0033894630420752,0.0004886006541658,computed_from_spatial_unit_calcium,Di,True
Zebrafish,subject_12,64,rSP,1,0.3662134960529059,0.1496172600041703,0.5830557736189133,-0.0003223813338591,-0.0002166284491198,computed_from_spatial_unit_calcium,Tel,True
Zebrafish,subject_12,65,rTeO,18,0.3282752547217701,0.1381057657789434,0.6641906480438217,0.0008062984538299,0.00018225227747,computed_from_spatial_unit_calcium,Mes,True
Zebrafish,subject_12,66,rTh,2,0.3339582884385303,0.2325140049889958,0.6110183863188126,-0.0018865183591263,-0.0001888774559759,computed_from_spatial_unit_calcium,Di,True
Zebrafish,subject_12,67,rTL,1,0.2787174944669423,0.1243105739065594,0.7828951186603723,-0.0001639943261175,0.0027733705956857,computed_from_spatial_unit_calcium,Mes,True
Zebrafish,subject_12,68,rTS,1,0.2996974789101925,0.0881550015580751,0.7425286190896203,-0.0027712257897131,-0.0026116101723691,computed_from_spatial_unit_calcium,Mes,True
Zebrafish,subject_12,69,rTG,1,0.242008839941355,0.0090736480538754,0.8561312178057257,0.0011847627624151,,computed_from_spatial_unit_calcium,Hind,False
Zebrafish,subject_12,70,rVR,1,0.2642586530708999,0.2353846345367082,0.2971571041559399,0.0033463038589106,0.001258056135258,computed_from_spatial_unit_calcium,Hind,True
Zebrafish,subject_12,71,rNX,1,0.2437087494062082,0.2902111874876414,0.209337520047913,0.0159454723524688,0.0003918785693701,computed_from_spatial_unit_calcium,Hind,True
Zebrafish,subject_13,0,MON,2,0.3191251186459303,0.0730600820485346,0.5958468584840817,-0.0048726793539801,-0.0004172504978766,computed_from_spatial_unit_calcium,Hind,True
Zebrafish,subject_13,1,Cb,4,0.3111927081577565,0.2135285080246124,0.603881640888344,0.0003005145901633,-5.592834295013299e-05,computed_from_spatial_unit_calcium,Hind,True
Zebrafish,subject_13,2,MOS1,2,0.2901162910423224,0.298599778796327,0.3973325949849274,0.0030965532679844,2.0375268890595283e-05,computed_from_spatial_unit_calcium,Hind,True
Zebrafish,subject_13,3,MOS2,1,0.2693561570193485,0.3082831404892373,0.2705597885499816,0.0022757629630409,-2.3743815959025884e-05,computed_from_spatial_unit_calcium,Hind,True
Zebrafish,subject_13,4,MOS3,2,0.3136491994434565,0.2884062560943791,0.4668625480232688,0.0017028945302289,0.0001284252433838,computed_from_spatial_unit_calcium,Hind,True
Zebrafish,subject_13,5,MOS4,2,0.2939300549638853,0.3027909467729655,0.3957317586739229,0.0022077528405354,-0.0001287088011208,computed_from_spatial_unit_calcium,Hind,True
Zebrafish,subject_13,6,MOS5,2,0.3124747848890322,0.222260103063966,0.5345511079649379,0.0006479034876819,-0.000110638987145,computed_from_spatial_unit_calcium,Hind,True
Zebrafish,subject_13,7,IPN,1,0.3086415579473655,0.1679591006933755,0.6640568610631286,-0.0010641996069584,-7.082066255508937e-05,computed_from_spatial_unit_calcium,Hind,True
Zebrafish,subject_13,8,IO,1,0.2980002379606257,0.0707971214437832,0.7955096010730321,-0.0012997822672864,-0.0004621534940892,computed_from_spatial_unit_calcium,Hind,True
Zebrafish,subject_13,9,Hc,1,0.3148703855290602,0.1530337313569011,0.6561692793948055,-0.0023142303596249,0.0001671277476412,computed_from_spatial_unit_calcium,Di,True
Zebrafish,subject_13,10,Ra,1,0.3036985940641766,0.2666193224544295,0.4738382831475316,-0.0018881193596779,0.0001033006181655,computed_from_spatial_unit_calcium,Hind,True
Zebrafish,subject_13,11,T,3,0.3167966567937104,0.2446113710950551,0.5274503428078714,0.0003483171193926,-0.0002012503638895,computed_from_spatial_unit_calcium,Mes,True
Zebrafish,subject_13,12,aRF,1,0.2984223879246006,0.2685164558862916,0.4483772700478101,-0.0007665960777589,1.3041416726010202e-05,computed_from_spatial_unit_calcium,Hind,True
Zebrafish,subject_13,13,imRF,1,0.2742003575000176,0.3080008714242424,0.3106798537044152,0.0004442262584668,0.0001058265451125,computed_from_spatial_unit_calcium,Hind,True
Zebrafish,subject_13,14,pRF,2,0.2767210383106044,0.2757369831879038,0.3603248407511146,-0.001644377721857,0.0001604876240315,computed_from_spatial_unit_calcium,Hind,True
Zebrafish,subject_13,16,Hb,1,0.3551854001666263,0.116402952407003,0.7492557115222037,-0.0028672645878049,0.0007744262037486,computed_from_spatial_unit_calcium,Di,True
Zebrafish,subject_13,17,Hi,1,0.3020338784390841,0.2541608918047321,0.5101790100858852,-0.012307784209555,0.0001659412267541,computed_from_spatial_unit_calcium,Di,True
Zebrafish,subject_13,18,HR,1,0.2961415137842602,0.2451537861808008,0.5039267325661717,-0.0111180429145491,0.0001640594237397,computed_from_spatial_unit_calcium,Di,True
Zebrafish,subject_13,19,OG,1,0.2438364607136016,0.085810406332595,0.8488010772210901,-0.0023249602727531,-0.0006896975989107,computed_from_spatial_unit_calcium,Tel,True
Zebrafish,subject_13,20,OB,1,0.3661139590853793,0.0969871378874659,0.7390574346554927,0.0042666349329211,-0.0003820679113436,computed_from_spatial_unit_calcium,Tel,True
Zebrafish,subject_13,21,OE,1,0.3614906097858267,0.0623456534521859,0.8068683140935227,-0.0011387568134421,0.0014257534947579,computed_from_spatial_unit_calcium,Tel,True
Zebrafish,subject_13,22,P,3,0.3677386914177424,0.1128125893681732,0.6929452826299296,0.0036336446322221,-2.299001598060528e-06,computed_from_spatial_unit_calcium,Tel,True
Zebrafish,subject_13,24,PT,1,0.3052915716024793,0.2425110840222222,0.5290750689177883,0.0018629159601558,0.0001120847916215,computed_from_spatial_unit_calcium,Di,True
Zebrafish,subject_13,25,PO,1,0.3453703470214458,0.1951343619518779,0.5652763092333929,0.0012085736904663,0.000275004207399,computed_from_spatial_unit_calcium,Tel,True
Zebrafish,subject_13,26,PrT,1,0.3165103550778609,0.2832838529270348,0.5451446117005438,0.0042499801483051,-2.8507393097209518e-05,computed_from_spatial_unit_calcium,Di,True
Zebrafish,subject_13,28,SP,2,0.3627231050599804,0.1491486220708028,0.5547819808121174,0.0034466011829822,2.129808614542816e-05,computed_from_spatial_unit_calcium,Tel,True
Zebrafish,subject_13,29,TeO,18,0.3229975737368755,0.1375244692394088,0.6840459210609927,0.0001831164487669,0.0003802691541554,computed_from_spatial_unit_calcium,Mes,True
Zebrafish,subject_13,30,Th,2,0.3123939018238326,0.2115632874686229,0.6599620734741711,-0.000311670345552,9.53430230201066e-05,computed_from_spatial_unit_calcium,Di,True
Zebrafish,subject_13,31,TL,1,0.3234687877767013,0.1021804977473305,0.7664463485292174,-0.0005081422389019,0.0002837626795814,computed_from_spatial_unit_calcium,Mes,True
Zebrafish,subject_13,32,TS,1,0.3185673696734081,0.0965828228969964,0.7371093205644378,-0.0015292891326411,-0.0008512245825184,computed_from_spatial_unit_calcium,Mes,True
Zebrafish,subject_13,33,TG,1,0.244380980104204,0.0229296305385441,0.870780636399406,-0.0005076350124012,,computed_from_spatial_unit_calcium,Hind,False
Zebrafish,subject_13,34,VR,1,0.2726281662520695,0.2280899652209395,0.4535170168526128,0.0001343031751733,-1.819144617323417e-05,computed_from_spatial_unit_calcium,Hind,True
Zebrafish,subject_13,35,NX,1,0.267538192680422,0.2897104756783634,0.2935293709861764,0.0033685105263918,8.32381979307326e-06,computed_from_spatial_unit_calcium,Hind,True
Zebrafish,subject_13,36,rMON,2,0.307914512410394,0.0956123140089003,0.5932468053340293,-0.0008596364081629,-0.000649456924414,computed_from_spatial_unit_calcium,Hind,True
Zebrafish,subject_13,37,rCb,4,0.302546438683479,0.183734048020731,0.6157697322073105,-0.0006539076530597,0.0001818270830191,computed_from_spatial_unit_calcium,Hind,True
Zebrafish,subject_13,38,rMOS1,3,0.292909662362423,0.2975544428115743,0.3514286028274744,0.0023400755638149,-7.091050454972082e-05,computed_from_spatial_unit_calcium,Hind,True
Zebrafish,subject_13,39,rMOS2,1,0.2687704997819712,0.3132297715023621,0.2620630478803976,0.0040511188516315,-7.47015577739504e-05,computed_from_spatial_unit_calcium,Hind,True
Zebrafish,subject_13,40,rMOS3,3,0.3212277840366067,0.2733751936848539,0.4169198293285392,0.0009559913494057,3.869782321457328e-05,computed_from_spatial_unit_calcium,Hind,True
Zebrafish,subject_13,41,rMOS4,2,0.2899548963778321,0.3071993492957965,0.368251300268584,0.0022217070499856,-0.0001243838775857,computed_from_spatial_unit_calcium,Hind,True
Zebrafish,subject_13,42,rMOS5,3,0.3174330698568007,0.2058350212706499,0.5503415216388781,0.0008789605320127,-5.195501270508043e-05,computed_from_spatial_unit_calcium,Hind,True
Zebrafish,subject_13,43,rIPN,1,0.3272743278158254,0.1613499887933632,0.6711375054579458,0.0002996385516121,-2.9335634188118144e-05,computed_from_spatial_unit_calcium,Hind,True
Zebrafish,subject_13,44,rIO,1,0.3074880272877382,0.104195347174631,0.716205335969697,-0.0058576426482787,-0.0001633477418856,computed_from_spatial_unit_calcium,Hind,True
Zebrafish,subject_13,45,rHc,1,0.2918148153343604,0.1718530361489567,0.6235355836558862,-0.0097097738030974,0.0001185791315887,computed_from_spatial_unit_calcium,Di,True
Zebrafish,subject_13,46,rRa,1,0.3190336233326439,0.2184342873771673,0.5198685823865041,-0.0044152393882095,-7.836595729113345e-05,computed_from_spatial_unit_calcium,Hind,True
Zebrafish,subject_13,47,rT,3,0.3142458310918676,0.2655770967946708,0.5039104941413749,-0.0003774953286159,-0.0001578218939279,computed_from_spatial_unit_calcium,Mes,True
Zebrafish,subject_13,48,raRF,1,0.2768516110457426,0.2980538952339715,0.3683724485796592,-0.0070815117492916,6.059911192154183e-06,computed_from_spatial_unit_calcium,Hind,True
Zebrafish,subject_13,49,rimRF,1,0.2761558123372129,0.3060598609205374,0.2940056060157781,-0.0022336065765807,-0.0001512490720787,computed_from_spatial_unit_calcium,Hind,True
Zebrafish,subject_13,50,rpRF,2,0.3027270268044837,0.2679155235050707,0.3786143012348364,0.0012072476145579,-6.34242096832373e-05,computed_from_spatial_unit_calcium,Hind,True
Zebrafish,subject_13,52,rHb,1,0.3539718069218756,0.1211411022856161,0.7582649973320426,0.0001153764507193,0.0011289377940308,computed_from_spatial_unit_calcium,Di,True
Zebrafish,subject_13,53,rHi,1,0.3083879407417986,0.2530875993088473,0.5031199129668843,-0.0112809546079781,0.0002402720947205,computed_from_spatial_unit_calcium,Di,True
Zebrafish,subject_13,54,rHR,1,0.3011801498249487,0.2255983307766465,0.5137537210588403,-0.0094752853486587,0.0002851422395384,computed_from_spatial_unit_calcium,Di,True
Zebrafish,subject_13,55,rOG,1,0.223353634984858,0.0559018043377768,0.8301127913600335,-0.0017844850169334,-0.0012309933825501,computed_from_spatial_unit_calcium,Tel,True
Zebrafish,subject_13,56,rOB,1,0.3596601927805388,0.0625380010447885,0.7475777250724297,-0.0009142983484731,0.0015708680224208,computed_from_spatial_unit_calcium,Tel,True
Zebrafish,subject_13,57,rOE,1,0.3667723116894109,0.0478894967166059,0.7477473570066067,0.0009691286018957,0.0024796311963169,computed_from_spatial_unit_calcium,Tel,True
Zebrafish,subject_13,58,rP,3,0.3641649756030454,0.1339168807485574,0.657753349793326,0.0045515143558971,0.0001916315331691,computed_from_spatial_unit_calcium,Tel,True
Zebrafish,subject_13,60,rPT,1,0.3134957205541595,0.255778659323089,0.5373092184567501,0.0002680773160652,-4.023543420747524e-06,computed_from_spatial_unit_calcium,Di,True
Zebrafish,subject_13,61,rPO,1,0.3485498446803723,0.2010768858865158,0.5571090182783699,-0.0009536343183835,0.0001598447286484,computed_from_spatial_unit_calcium,Tel,True
Zebrafish,subject_13,62,rPrT,1,0.3236893287563381,0.2819079010056782,0.4940677540881981,0.0025750070626089,-0.0001192086881436,computed_from_spatial_unit_calcium,Di,True
Zebrafish,subject_13,64,rSP,2,0.3766592101733778,0.1432340288223827,0.5608473517771142,0.0028442119956764,-6.899620019772836e-05,computed_from_spatial_unit_calcium,Tel,True
Zebrafish,subject_13,65,rTeO,17,0.3262911150630772,0.1495779681939428,0.6814750769474031,0.0005609616256973,0.0001671694602633,computed_from_spatial_unit_calcium,Mes,True
Zebrafish,subject_13,66,rTh,3,0.3248063358621678,0.2128111369988086,0.6243845139697518,0.0015199631565799,-2.475989525718238e-05,computed_from_spatial_unit_calcium,Di,True
Zebrafish,subject_13,67,rTL,1,0.3219382777085086,0.098594057685791,0.7703884263686157,-0.0001815623514947,0.0008975949973975,computed_from_spatial_unit_calcium,Mes,True
Zebrafish,subject_13,68,rTS,1,0.2886886145432187,0.0868612192179263,0.7309629354905115,-0.0024965832063538,-0.0012214190931811,computed_from_spatial_unit_calcium,Mes,True
Zebrafish,subject_13,69,rTG,1,0.2279615455635915,0.0148261651029005,0.8839153588548179,-0.002605502668247,,computed_from_spatial_unit_calcium,Hind,False
Zebrafish,subject_13,70,rVR,1,0.2739553937893133,0.1963732505643571,0.5223619878996308,-0.001065886253608,-0.0001188892132779,computed_from_spatial_unit_calcium,Hind,True
Zebrafish,subject_13,71,rNX,1,0.2649574198147182,0.2761187059952633,0.2977507137123644,0.0012567127641252,5.416726325756492e-05,computed_from_spatial_unit_calcium,Hind,True
Zebrafish,subject_14,0,MON,2,0.3072397289574019,0.2617846048151735,0.4956820237956303,-0.0070967804306263,0.0004240023493823,computed_from_spatial_unit_calcium,Hind,True
Zebrafish,subject_14,1,Cb,4,0.3349873205554715,0.4045627895327068,0.4798447973050898,0.0108433736315063,-2.4174255749521647e-05,computed_from_spatial_unit_calcium,Hind,True
Zebrafish,subject_14,2,MOS1,4,0.345249691275497,0.4787177507969613,0.3866004786128583,0.005874072035525,0.0002286303658148,computed_from_spatial_unit_calcium,Hind,True
Zebrafish,subject_14,3,MOS2,2,0.335815652938379,0.4842499259991891,0.3822572011182349,0.0073377612613363,0.000209359970669,computed_from_spatial_unit_calcium,Hind,True
Zebrafish,subject_14,4,MOS3,3,0.3555195206706565,0.4836473539683956,0.4125231308130573,0.0231399800640546,-7.823624255328226e-06,computed_from_spatial_unit_calcium,Hind,True
Zebrafish,subject_14,5,MOS4,2,0.3491365834036656,0.4957520928401035,0.40048163588845,0.014891521571256,8.764895531374254e-05,computed_from_spatial_unit_calcium,Hind,True
Zebrafish,subject_14,6,MOS5,3,0.3562967984774149,0.4300105508453177,0.4678423052602053,0.0092810663465796,0.0001387165513804,computed_from_spatial_unit_calcium,Hind,True
Zebrafish,subject_14,7,IPN,1,0.3608963367480322,0.4277975207363198,0.5054041300736439,0.0101500016740723,1.500034267533055e-05,computed_from_spatial_unit_calcium,Hind,True
Zebrafish,subject_14,8,IO,1,0.333177819584301,0.2780377999662926,0.5703831719453801,-0.0291973460059339,0.0005624573457085,computed_from_spatial_unit_calcium,Hind,True
Zebrafish,subject_14,9,Hc,1,0.338555034781307,0.4152790995579655,0.4707627851035085,-0.0248090369985306,0.0004716108399059,computed_from_spatial_unit_calcium,Di,True
Zebrafish,subject_14,10,Ra,1,0.3273535778185196,0.53080490281762,0.3714629114243177,-9.376463323667644e-05,0.0001838168901434,computed_from_spatial_unit_calcium,Hind,True
Zebrafish,subject_14,11,T,3,0.353912794460051,0.4106918514843491,0.4902142380479624,-0.0091637135860127,0.0001565595105989,computed_from_spatial_unit_calcium,Mes,True
Zebrafish,subject_14,12,aRF,1,0.3424244789340132,0.4779309915996286,0.4090893929790033,-0.00524278543469,0.0001097930175875,computed_from_spatial_unit_calcium,Hind,True
Zebrafish,subject_14,13,imRF,1,0.3360309109838378,0.5127388236028948,0.3743944446536641,0.0006007028751683,4.8298728071651895e-05,computed_from_spatial_unit_calcium,Hind,True
Zebrafish,subject_14,14,pRF,1,0.3393973419309654,0.4931255723424443,0.3796906979704622,0.0102411019173626,-3.464405358567709e-05,computed_from_spatial_unit_calcium,Hind,True
Zebrafish,subject_14,16,Hb,1,0.3754253816668789,0.3042111760913181,0.6748709172207449,0.0059555042626558,5.5374536596885375e-06,computed_from_spatial_unit_calcium,Di,True
Zebrafish,subject_14,17,Hi,1,0.3244246217753956,0.5178150026697379,0.3802450673932874,-0.0188321174268517,0.0002992985565805,computed_from_spatial_unit_calcium,Di,True
Zebrafish,subject_14,18,HR,1,0.3160989915233241,0.5127925786965827,0.396610050009999,-0.0241944031283608,0.0001978876325074,computed_from_spatial_unit_calcium,Di,True
Zebrafish,subject_14,19,OG,1,0.2420367572262563,0.1114566954860989,0.7666092329330046,-0.0109198313612507,0.0026374828278073,computed_from_spatial_unit_calcium,Tel,True
Zebrafish,subject_14,20,OB,1,0.4059289488483482,0.3036961008377377,0.5543213773486462,0.0058685617104736,0.0012458226856051,computed_from_spatial_unit_calcium,Tel,True
Zebrafish,subject_14,21,OE,1,0.3819490466602595,-0.0837664958438247,0.7419354196979773,0.0044509986782269,0.0026510879256708,computed_from_spatial_unit_calcium,Tel,True
Zebrafish,subject_14,22,P,2,0.3632562944466082,0.4036470383608785,0.48958240003804,0.0059496694491588,0.0002743205228682,computed_from_spatial_unit_calcium,Tel,True
Zebrafish,subject_14,24,PT,1,0.3186856209082449,0.532662636533165,0.3595298799692142,-0.0091601211976131,0.0001356211764511,computed_from_spatial_unit_calcium,Di,True
Zebrafish,subject_14,25,PO,1,0.3400553072131047,0.469193668309161,0.4232164513778197,0.001875342394934,0.0002225993009739,computed_from_spatial_unit_calcium,Tel,True
Zebrafish,subject_14,26,PrT,1,0.316677447704624,0.5343769670092584,0.3885299760377348,-0.0023012065735941,0.000219191479561,computed_from_spatial_unit_calcium,Di,True
Zebrafish,subject_14,28,SP,2,0.3635651754085655,0.3610943158492802,0.4653336272630676,-0.0019105704659129,0.0004726933072143,computed_from_spatial_unit_calcium,Tel,True
Zebrafish,subject_14,29,TeO,17,0.3442100495148447,0.3064655541987566,0.570205806180511,-0.0030377690893883,0.0004187421458316,computed_from_spatial_unit_calcium,Mes,True
Zebrafish,subject_14,30,Th,2,0.350151118809905,0.4837460752305355,0.408211166583525,0.0062175174036149,0.0001196195658748,computed_from_spatial_unit_calcium,Di,True
Zebrafish,subject_14,31,TL,1,0.3136150166912146,0.4081940053405289,0.4232902496442409,-0.039082495367017,0.0006953575398355,computed_from_spatial_unit_calcium,Mes,True
Zebrafish,subject_14,32,TS,1,0.3221829960286969,0.1554843521425435,0.6987445867537025,0.0008586901747007,-0.0007982385463504,computed_from_spatial_unit_calcium,Mes,True
Zebrafish,subject_14,33,TG,1,0.2669414061268877,0.021827320108278,0.79747250615905,-0.0017713452754304,0.0008586901747007,computed_from_spatial_unit_calcium,Hind,True
Zebrafish,subject_14,34,VR,1,0.3692569960737974,0.3176820483911675,0.4691395764158421,-0.005215800374338,-0.0001675333571646,computed_from_spatial_unit_calcium,Hind,True
Zebrafish,subject_14,35,NX,1,0.3385803074854254,0.4497817749659933,0.3997128232242373,0.0086138134760618,0.0002488981902566,computed_from_spatial_unit_calcium,Hind,True
Zebrafish,subject_14,36,rMON,2,0.296877553288436,0.2696207216960859,0.5037685245375542,-0.0104907056167544,0.0012277463800971,computed_from_spatial_unit_calcium,Hind,True
Zebrafish,subject_14,37,rCb,4,0.3225646291711359,0.4628234942466798,0.4354487009122967,-0.00326553015696,0.0002260834338426,computed_from_spatial_unit_calcium,Hind,True
Zebrafish,subject_14,38,rMOS1,4,0.3195654197775114,0.5072188854201336,0.3837944953849751,0.0006468693939909,0.0001561700752212,computed_from_spatial_unit_calcium,Hind,True
Zebrafish,subject_14,39,rMOS2,2,0.3398593538991749,0.4579557891050567,0.3798530420857026,-0.0111601145920066,0.0003874556474156,computed_from_spatial_unit_calcium,Hind,True
Zebrafish,subject_14,40,rMOS3,3,0.3242399588983556,0.5083531470714533,0.4104117569258093,-0.0016882149605378,0.00011872525671,computed_from_spatial_unit_calcium,Hind,True
Zebrafish,subject_14,41,rMOS4,2,0.3191370048708165,0.5286675739952408,0.3893661299835906,0.0096684462929307,5.8280577097156633e-05,computed_from_spatial_unit_calcium,Hind,True
Zebrafish,subject_14,42,rMOS5,4,0.3272424932329183,0.4615578238102067,0.4383041101753777,0.0051220091263895,0.0001868011073071,computed_from_spatial_unit_calcium,Hind,True
Zebrafish,subject_14,43,rIPN,1,0.3264742744504785,0.4673417537642251,0.4460306093859411,0.0103137016378159,8.358019611183564e-05,computed_from_spatial_unit_calcium,Hind,True
Zebrafish,subject_14,44,rIO,1,0.3615187247414735,0.1323181225294118,0.7422833707677888,-0.0061976991017142,0.0001453137401439,computed_from_spatial_unit_calcium,Hind,True
Zebrafish,subject_14,45,rHc,1,0.3085985722248379,0.3733836549471263,0.4760821811940007,-0.0511769414925312,0.0007048656240594,computed_from_spatial_unit_calcium,Di,True
Zebrafish,subject_14,46,rRa,1,0.336256357889141,0.507198695692304,0.4004373689067352,-0.0079116736365237,0.0002243081420453,computed_from_spatial_unit_calcium,Hind,True
Zebrafish,subject_14,47,rT,3,0.3351683255432121,0.5004434848364294,0.4114249556695178,-0.0020723911313451,0.0001493081725263,computed_from_spatial_unit_calcium,Mes,True
Zebrafish,subject_14,48,raRF,1,0.3133556992798736,0.5244808807524657,0.3843282954514668,-0.013488940218173,0.0001357270151817,computed_from_spatial_unit_calcium,Hind,True
Zebrafish,subject_14,49,rimRF,1,0.3087548305789612,0.5534826104575623,0.3476226112831889,-0.0014969075331468,0.0001529787480313,computed_from_spatial_unit_calcium,Hind,True
Zebrafish,subject_14,50,rpRF,2,0.3346808925311137,0.4329774478530678,0.4422174411056442,-0.0051313183247904,0.0003689504899913,computed_from_spatial_unit_calcium,Hind,True
Zebrafish,subject_14,52,rHb,1,0.4007994229410043,0.2983491000736252,0.6558427332145818,0.0228703883564603,8.849795849198561e-05,computed_from_spatial_unit_calcium,Di,True
Zebrafish,subject_14,53,rHi,1,0.318348717339128,0.5240726247967807,0.3807649922093987,-0.0146677261776667,0.000260893817822,computed_from_spatial_unit_calcium,Di,True
Zebrafish,subject_14,54,rHR,1,0.3215756300828499,0.5115632891793012,0.4077803134457728,-0.0151661568327535,0.0001506845413727,computed_from_spatial_unit_calcium,Di,True
Zebrafish,subject_14,56,rOB,1,0.3928968407751671,0.2322438808624741,0.6482827987970031,0.0052577275304115,0.0011578059198325,computed_from_spatial_unit_calcium,Tel,True
Zebrafish,subject_14,57,rOE,1,0.3824653949280253,0.1262127998013126,0.7621569299179417,0.0002769207653148,0.0007848713124228,computed_from_spatial_unit_calcium,Tel,True
Zebrafish,subject_14,58,rP,2,0.3567670933875587,0.391232038363146,0.4939207471364552,0.0068398519978288,0.000332697113491,computed_from_spatial_unit_calcium,Tel,True
Zebrafish,subject_14,60,rPT,1,0.31684985688264,0.5435199341569822,0.3607878046370741,0.0138168785833264,-5.576564758313608e-05,computed_from_spatial_unit_calcium,Di,True
Zebrafish,subject_14,61,rPO,1,0.3446056716194998,0.4642816589741358,0.4302045224497143,-0.0004817101035641,0.0002939598774063,computed_from_spatial_unit_calcium,Tel,True
Zebrafish,subject_14,62,rPrT,1,0.3284799568601831,0.5249941293211864,0.3774834853128548,0.0214087261146573,-5.520974507726413e-05,computed_from_spatial_unit_calcium,Di,True
Zebrafish,subject_14,64,rSP,1,0.3499015950839858,0.401835360285572,0.4573862765034454,-0.0025948254090318,0.0004010433744327,computed_from_spatial_unit_calcium,Tel,True
Zebrafish,subject_14,65,rTeO,16,0.3414401708817659,0.3539887692982035,0.5352328237938436,0.0024984060472929,0.0003003498786213,computed_from_spatial_unit_calcium,Mes,True
Zebrafish,subject_14,66,rTh,3,0.3579120966054931,0.4850474778381732,0.4113332225518227,0.0167375709670617,6.680332928870373e-05,computed_from_spatial_unit_calcium,Di,True
Zebrafish,subject_14,67,rTL,1,0.3314500341601066,0.3957057326356449,0.4346160411818686,-0.0203347008919822,0.0006616239063954,computed_from_spatial_unit_calcium,Mes,True
Zebrafish,subject_14,68,rTS,1,0.3162059343956909,0.2576378874753283,0.6519620443298911,-0.0102980927191583,0.0001117199622396,computed_from_spatial_unit_calcium,Mes,True
Zebrafish,subject_14,70,rVR,1,0.3481749849324716,0.2958310915412976,0.5450556340832127,-0.0074159134191043,-2.3322548781988752e-05,computed_from_spatial_unit_calcium,Hind,True
Zebrafish,subject_14,71,rNX,1,0.3494784239287543,0.4478488758507251,0.3998782295703845,-0.0046565673898077,0.0003050615042966,computed_from_spatial_unit_calcium,Hind,True
Zebrafish,subject_15,0,MON,1,0.3414859806228801,0.0493519620320798,0.5404120737844758,0.0021519972346622,0.0004713044109369,computed_from_spatial_unit_calcium,Hind,True
Zebrafish,subject_15,1,Cb,3,0.343118081039314,0.2530129199781409,0.5977585847985649,-0.0012184002409331,0.0006333712402616,computed_from_spatial_unit_calcium,Hind,True
Zebrafish,subject_15,2,MOS1,3,0.377200898028193,0.3344656079681461,0.4799126662839278,0.0161259754400588,0.0003239291365516,computed_from_spatial_unit_calcium,Hind,True
Zebrafish,subject_15,3,MOS2,1,0.3637519496897912,0.3578272708040764,0.420496355154267,0.024967141914992,0.0002227733244838,computed_from_spatial_unit_calcium,Hind,True
Zebrafish,subject_15,4,MOS3,2,0.3785666702291466,0.3365532707948908,0.4632961438988543,0.0120919965388015,0.0002367589243243,computed_from_spatial_unit_calcium,Hind,True
Zebrafish,subject_15,5,MOS4,2,0.3585994828466323,0.3484592034013667,0.4399646755971052,0.0125515193638817,0.0002253311235794,computed_from_spatial_unit_calcium,Hind,True
Zebrafish,subject_15,6,MOS5,2,0.3566595452198947,0.2994098272621143,0.4732112630891838,0.017739069660458,0.0002027990640029,computed_from_spatial_unit_calcium,Hind,True
Zebrafish,subject_15,7,IPN,1,0.3876430696229855,0.1442074989745708,0.6467623850740227,0.0034605606133308,0.001433193659763,computed_from_spatial_unit_calcium,Hind,True
Zebrafish,subject_15,8,IO,1,0.3310939378310691,0.1549371069898849,0.6641923796803674,-0.0119959343701169,0.0024133200714688,computed_from_spatial_unit_calcium,Hind,True
Zebrafish,subject_15,9,Hc,1,0.270661847617414,0.1524407599165716,0.7094928990961629,-0.0317199367366013,0.0030046905960875,computed_from_spatial_unit_calcium,Di,True
Zebrafish,subject_15,10,Ra,1,0.3635823282973293,0.3221016761294643,0.5036179340922465,0.0057669926434827,0.0002459293149663,computed_from_spatial_unit_calcium,Hind,True
Zebrafish,subject_15,11,T,1,0.3460396891509438,0.3998358066166342,0.5111318727682268,-0.0006988996232217,5.625088592352894e-05,computed_from_spatial_unit_calcium,Mes,True
Zebrafish,subject_15,12,aRF,1,0.3598572309679281,0.3449525319031132,0.4879099331539224,-0.009652758351047,0.0004456460287576,computed_from_spatial_unit_calcium,Hind,True
Zebrafish,subject_15,13,imRF,1,0.3606612377198535,0.3425693102218454,0.4337475300465495,0.0088230539057118,0.0005485662246834,computed_from_spatial_unit_calcium,Hind,True
Zebrafish,subject_15,14,pRF,1,0.3761298534029552,0.3246257576946498,0.4482764857801523,0.0151800577482289,0.0007916946835786,computed_from_spatial_unit_calcium,Hind,True
Zebrafish,subject_15,16,Hb,1,0.3378465761283477,0.1149089209145404,0.7077735059189674,-0.0063164523812093,0.0028171087404845,computed_from_spatial_unit_calcium,Di,True
Zebrafish,subject_15,17,Hi,1,0.3559183460453341,0.268380592434055,0.5251048287146433,-0.02214794029326,0.0006586129880397,computed_from_spatial_unit_calcium,Di,True
Zebrafish,subject_15,18,HR,1,0.3443556142459958,0.2742059084903885,0.5389750967129364,-0.0408253488447221,0.000993986834065,computed_from_spatial_unit_calcium,Di,True
Zebrafish,subject_15,19,OG,1,0.2686000813148628,0.1228626461934947,0.7552062634281597,-0.0014644488396958,0.0026883672449451,computed_from_spatial_unit_calcium,Tel,True
Zebrafish,subject_15,20,OB,1,0.3938417403888742,0.0167770698164837,0.7845928450949804,-0.0045006035158417,-0.0043195775440393,computed_from_spatial_unit_calcium,Tel,True
Zebrafish,subject_15,22,P,1,0.3734493259626882,0.2353453865863744,0.6290821730383893,0.0063032192732324,0.0004525609997716,computed_from_spatial_unit_calcium,Tel,True
Zebrafish,subject_15,24,PT,1,0.3638878823478433,0.3229805064340043,0.4943274134227395,0.0014175520119689,0.000427025684546,computed_from_spatial_unit_calcium,Di,True
Zebrafish,subject_15,25,PO,1,0.3848149804116317,0.2574409064939695,0.5157347258534991,0.008835844186249,0.0010368901248431,computed_from_spatial_unit_calcium,Tel,True
Zebrafish,subject_15,26,PrT,1,0.3689485004677417,0.32321519787615,0.5198283496891265,-0.0013326108290671,0.0008220090718908,computed_from_spatial_unit_calcium,Di,True
Zebrafish,subject_15,28,SP,1,0.3879206851090404,0.257462379729861,0.5590895265549145,0.0237511843884138,0.000405771237081,computed_from_spatial_unit_calcium,Tel,True
Zebrafish,subject_15,29,TeO,10,0.3243839990117129,0.1568963627775888,0.6349928057628345,-0.0074951876907538,0.0003742308069439,computed_from_spatial_unit_calcium,Mes,True
Zebrafish,subject_15,30,Th,2,0.3496852463105626,0.2830600563269253,0.5566676647179982,0.0026084062920279,0.0007052765422638,computed_from_spatial_unit_calcium,Di,True
Zebrafish,subject_15,31,TL,1,0.3412463511858933,0.1107885868846184,0.7289943405253702,-0.0046189640083185,-0.00089810013348,computed_from_spatial_unit_calcium,Mes,True
Zebrafish,subject_15,32,TS,1,0.3261343407689206,0.1590099603092285,0.6096353149852183,-0.0087023326357985,0.0038246460766189,computed_from_spatial_unit_calcium,Mes,True
Zebrafish,subject_15,33,TG,1,0.2511153523480504,0.1075477755256424,0.6893039825387116,-0.0139954607357044,0.0003979760893802,computed_from_spatial_unit_calcium,Hind,True
Zebrafish,subject_15,34,VR,1,0.3632525181651014,0.2814784457008898,0.4725848443052051,0.0031978989108921,0.001388117238416,computed_from_spatial_unit_calcium,Hind,True
Zebrafish,subject_15,35,NX,1,0.3579118825275899,0.3201261194519954,0.4225502133474557,0.0122047932680418,0.0008890309831985,computed_from_spatial_unit_calcium,Hind,True
Zebrafish,subject_15,36,rMON,2,0.3330509956701145,0.0613762422940998,0.5410668738944516,0.0019175440551828,0.0022324372018589,computed_from_spatial_unit_calcium,Hind,True
Zebrafish,subject_15,37,rCb,3,0.3551431987467416,0.299167360012093,0.5709085215235534,0.0021491082404901,0.0004729415079184,computed_from_spatial_unit_calcium,Hind,True
Zebrafish,subject_15,38,rMOS1,2,0.3802216609782707,0.3379332373827191,0.4609220869891568,0.0143766803053734,0.0008015519640025,computed_from_spatial_unit_calcium,Hind,True
Zebrafish,subject_15,39,rMOS2,1,0.3668303431340687,0.341500746429304,0.4097861224153999,0.0219129177583048,0.0005473699087626,computed_from_spatial_unit_calcium,Hind,True
Zebrafish,subject_15,40,rMOS3,2,0.3792430558668844,0.341779297916789,0.5009827295171235,0.0134322137205004,0.0002651734046812,computed_from_spatial_unit_calcium,Hind,True
Zebrafish,subject_15,41,rMOS4,2,0.3565449239792839,0.3573089211758462,0.4678497870364637,0.0144677344690882,0.0004083087153235,computed_from_spatial_unit_calcium,Hind,True
Zebrafish,subject_15,42,rMOS5,3,0.3486505327522008,0.3048541367030138,0.5166125925876436,0.0082136096808267,0.0009288342428879,computed_from_spatial_unit_calcium,Hind,True
Zebrafish,subject_15,43,rIPN,1,0.3578065524576258,0.2575778340736547,0.5849066487665799,0.00242077006742,0.0005882475837423,computed_from_spatial_unit_calcium,Hind,True
Zebrafish,subject_15,44,rIO,1,0.3591745177234579,0.1689329203717485,0.6577234301491235,-0.0074101449577087,0.0022092314835904,computed_from_spatial_unit_calcium,Hind,True
Zebrafish,subject_15,45,rHc,1,0.3253005390044989,0.2220640279565701,0.6024515884274082,-0.0397082543648574,0.0016247653843369,computed_from_spatial_unit_calcium,Di,True
Zebrafish,subject_15,46,rRa,1,0.3649866848095901,0.3089147504102613,0.5565746845424746,0.0090475158873133,0.0002492399310622,computed_from_spatial_unit_calcium,Hind,True
Zebrafish,subject_15,47,rT,1,0.3503401831791407,0.4051202975272604,0.5165451358803241,0.0050771360476272,-9.2310694120955e-05,computed_from_spatial_unit_calcium,Mes,True
Zebrafish,subject_15,48,raRF,1,0.3580092772001262,0.375753370408701,0.5041763586288331,-0.0084216096888226,0.0004450078648016,computed_from_spatial_unit_calcium,Hind,True
Zebrafish,subject_15,49,rimRF,1,0.3444736716635008,0.3601892112430455,0.4078548366893476,-0.0028433124666818,0.000458033368227,computed_from_spatial_unit_calcium,Hind,True
Zebrafish,subject_15,50,rpRF,1,0.3867762065794385,0.279271867018676,0.4478654859753355,0.0036755568056431,0.0016969018860036,computed_from_spatial_unit_calcium,Hind,True
Zebrafish,subject_15,52,rHb,1,0.3490928544400546,0.1130849864855322,0.6742284529554958,-0.0105081462144854,0.0026171471519603,computed_from_spatial_unit_calcium,Di,True
Zebrafish,subject_15,53,rHi,1,0.3528663501703331,0.3275557718228267,0.5196673108409495,-0.0074916437566222,0.0005197654075975,computed_from_spatial_unit_calcium,Di,True
Zebrafish,subject_15,54,rHR,1,0.3512639640367989,0.2666262325757676,0.5591066728864891,-0.0283241591151295,0.0011500133127331,computed_from_spatial_unit_calcium,Di,True
Zebrafish,subject_15,55,rOG,1,0.2600515386047767,0.1359651605503121,0.7435469333363887,-0.0158742589236089,0.002817624124584,computed_from_spatial_unit_calcium,Tel,True
Zebrafish,subject_15,56,rOB,1,0.3466943300798258,0.0374185533129003,0.7902149217407843,-0.0002723059217451,0.004275597746944,computed_from_spatial_unit_calcium,Tel,True
Zebrafish,subject_15,58,rP,1,0.3795302270504632,0.2437463431356288,0.6092098253911773,0.0007068677390069,0.0008551087203091,computed_from_spatial_unit_calcium,Tel,True
Zebrafish,subject_15,60,rPT,1,0.380175306611535,0.2834092926198439,0.5855257850940211,-0.0126716738956419,0.0010811647911517,computed_from_spatial_unit_calcium,Di,True
Zebrafish,subject_15,61,rPO,1,0.3953217426760933,0.2640221780491214,0.5572516120485107,0.0138098285596779,0.0008925483731601,computed_from_spatial_unit_calcium,Tel,True
Zebrafish,subject_15,62,rPrT,1,0.3653906386874059,0.3411451050995661,0.5086027783666994,-0.0011427011257861,0.0004807288850924,computed_from_spatial_unit_calcium,Di,True
Zebrafish,subject_15,64,rSP,1,0.4073196519108693,0.256225714212102,0.6060475782806031,0.0179298407232611,0.0004166303088858,computed_from_spatial_unit_calcium,Tel,True
Zebrafish,subject_15,65,rTeO,10,0.3528283064703968,0.202688750091607,0.5787110811966756,-0.0048608120463238,0.0012900669520182,computed_from_spatial_unit_calcium,Mes,True
Zebrafish,subject_15,66,rTh,2,0.3652234364108693,0.2252555286298371,0.5568154229955096,-0.004118523578642,0.0014507110146739,computed_from_spatial_unit_calcium,Di,True
Zebrafish,subject_15,67,rTL,1,0.3599360434864102,0.1101341814848795,0.6429304509640611,0.0032962761939768,0.0004637735163238,computed_from_spatial_unit_calcium,Mes,True
Zebrafish,subject_15,68,rTS,1,0.3252971868103284,0.1963278124980395,0.698163511269614,-0.0311273665374759,-2.4724529831327557e-05,computed_from_spatial_unit_calcium,Mes,True
Zebrafish,subject_15,69,rTG,1,0.2423152272142775,0.0483679311513473,0.8053062000466895,0.0022012719040594,-0.0311273665374759,computed_from_spatial_unit_calcium,Hind,True
Zebrafish,subject_15,70,rVR,1,0.3719422768814385,0.2641427049962159,0.47266253220605,0.0004054832732639,0.001480496043597,computed_from_spatial_unit_calcium,Hind,True
Zebrafish,subject_15,71,rNX,1,0.3637088128303797,0.330889659944928,0.4453121396757219,0.0048393434305133,0.0013320647943642,computed_from_spatial_unit_calcium,Hind,True
Zebrafish,subject_16,0,MON,2,0.3211974695251583,0.0921001512610505,0.6169639997714458,0.0007512564068892,-0.0006046636223671,computed_from_spatial_unit_calcium,Hind,True
Zebrafish,subject_16,1,Cb,4,0.3200494311509148,0.2025489309219703,0.5947625755575547,0.0010617699834153,-0.0006911965122778,computed_from_spatial_unit_calcium,Hind,True
Zebrafish,subject_16,2,MOS1,3,0.3453306619046634,0.1847540276913234,0.5246031868159016,0.0019909361212328,-0.0003093231599364,computed_from_spatial_unit_calcium,Hind,True
Zebrafish,subject_16,3,MOS2,1,0.3426766515275863,0.2097696346265381,0.4622773432047874,-5.273019551167724e-05,-0.0005535568625646,computed_from_spatial_unit_calcium,Hind,True
Zebrafish,subject_16,4,MOS3,3,0.3538241923332418,0.1998369706878129,0.5448854001639605,0.0017278603221051,-0.0004048020787591,computed_from_spatial_unit_calcium,Hind,True
Zebrafish,subject_16,5,MOS4,2,0.3320119638248344,0.2410195697241852,0.4965070521536603,-0.000417602973869,-0.0003764595653672,computed_from_spatial_unit_calcium,Hind,True
Zebrafish,subject_16,6,MOS5,2,0.3419842120320762,0.1866588241581657,0.643429123793299,0.0030786778051154,-0.0006209382099909,computed_from_spatial_unit_calcium,Hind,True
Zebrafish,subject_16,7,IPN,1,0.3348309002355237,0.0975267547970656,0.7457147881475386,-0.0042434945596055,-0.0003238631102628,computed_from_spatial_unit_calcium,Hind,True
Zebrafish,subject_16,8,IO,1,0.2898023780584159,0.0365507771088774,0.8071857163174745,-0.0087042590747624,0.0061376585077925,computed_from_spatial_unit_calcium,Hind,True
Zebrafish,subject_16,9,Hc,1,0.2378458651578831,0.0224200442211313,0.8149488065878938,-9.352189332964066e-05,,computed_from_spatial_unit_calcium,Di,False
Zebrafish,subject_16,10,Ra,1,0.3240410619772076,0.1292319787230362,0.6786590284057664,-0.0020664934939229,-0.0002376411122987,computed_from_spatial_unit_calcium,Hind,True
Zebrafish,subject_16,11,T,2,0.333437855214386,0.2354640584064882,0.5605514161840599,-0.0040506921499782,-0.0003172731233626,computed_from_spatial_unit_calcium,Mes,True
Zebrafish,subject_16,12,aRF,1,0.3085634657215812,0.2246962255072739,0.5710094705882727,-0.0060404785272119,-0.0004126965831097,computed_from_spatial_unit_calcium,Hind,True
Zebrafish,subject_16,13,imRF,1,0.3347708771986901,0.2201778866497717,0.4734947649244432,-0.0016551369564258,-0.0002432016495978,computed_from_spatial_unit_calcium,Hind,True
Zebrafish,subject_16,14,pRF,1,0.3681087973733671,0.1386250824287639,0.5614640123674208,-0.0031471871155818,6.054548681808815e-05,computed_from_spatial_unit_calcium,Hind,True
Zebrafish,subject_16,16,Hb,1,0.3170216947858006,0.0743945370788376,0.7464697539512093,-0.0003577417757525,0.0006894932505807,computed_from_spatial_unit_calcium,Di,True
Zebrafish,subject_16,17,Hi,1,0.2826793626924563,0.1555999236552965,0.6971576827750625,-0.0035308633903396,-0.000594513076374,computed_from_spatial_unit_calcium,Di,True
Zebrafish,subject_16,18,HR,1,0.2992619143816696,0.1216865591703383,0.6802295790820697,-0.0058355228229571,-0.000231285944485,computed_from_spatial_unit_calcium,Di,True
Zebrafish,subject_16,19,OG,1,0.2454608752921985,0.0304107177042544,0.7781707221017778,0.0021808589093749,,computed_from_spatial_unit_calcium,Tel,False
Zebrafish,subject_16,20,OB,1,0.3566500784100796,0.0389096868423134,0.6590249979350691,0.0062678017381216,0.003528548606535,computed_from_spatial_unit_calcium,Tel,True
Zebrafish,subject_16,21,OE,1,0.3547481032163505,-0.0137744058959935,0.7610389653484606,0.0050858678078571,0.0041803896686402,computed_from_spatial_unit_calcium,Tel,True
Zebrafish,subject_16,22,P,1,0.3603068670108655,0.0779528522799672,0.5756988305179331,0.0059306204714008,0.0018700160339582,computed_from_spatial_unit_calcium,Tel,True
Zebrafish,subject_16,24,PT,1,0.3063272937263027,0.2012339415652949,0.5865731249081846,-0.0042942059109907,-5.793067982811946e-06,computed_from_spatial_unit_calcium,Di,True
Zebrafish,subject_16,25,PO,1,0.3564723021141808,0.1155491077865747,0.5891431968761285,0.0004941066472647,0.001032770066444,computed_from_spatial_unit_calcium,Tel,True
Zebrafish,subject_16,26,PrT,1,0.3171757527473939,0.244635539991262,0.5981448287207894,-0.0085204026086927,-0.0004131485437415,computed_from_spatial_unit_calcium,Di,True
Zebrafish,subject_16,28,SP,1,0.376310296795239,0.0537636224853827,0.5817560284284387,0.008027472185234,0.0028312161212562,computed_from_spatial_unit_calcium,Tel,True
Zebrafish,subject_16,29,TeO,15,0.3210780881403574,0.1622814264675385,0.5924512440594611,-0.0020213855830716,-0.0010980283563343,computed_from_spatial_unit_calcium,Mes,True
Zebrafish,subject_16,30,Th,2,0.3146487201642032,0.1696361156149672,0.6628734266220859,-0.001040894862345,0.0002959163055098,computed_from_spatial_unit_calcium,Di,True
Zebrafish,subject_16,31,TL,1,0.359304652235852,0.0631298581199748,0.7542482064709692,0.00118841080631,0.000658029939613,computed_from_spatial_unit_calcium,Mes,True
Zebrafish,subject_16,32,TS,1,0.3139079550468565,0.1338617240699901,0.6409637910270226,-0.0020305359925351,-0.0012627199127217,computed_from_spatial_unit_calcium,Mes,True
Zebrafish,subject_16,33,TG,1,0.2825908329100965,0.0449074211734282,0.7321094091096378,-0.0013756933631831,-0.0005151924107697,computed_from_spatial_unit_calcium,Hind,True
Zebrafish,subject_16,34,VR,1,0.3031461368051744,0.1924372274078415,0.5103710529119,-0.0035719667339927,-0.0004426044413135,computed_from_spatial_unit_calcium,Hind,True
Zebrafish,subject_16,35,NX,1,0.3358587069984093,0.2246304782406065,0.4965592082719089,0.0013835795227993,-0.0004526338241099,computed_from_spatial_unit_calcium,Hind,True
Zebrafish,subject_16,36,rMON,2,0.3155253187430635,0.0754983968636192,0.6085580974788133,-0.0008449870422081,-9.956902097548644e-05,computed_from_spatial_unit_calcium,Hind,True
Zebrafish,subject_16,37,rCb,4,0.3205631958222046,0.2180917913223505,0.6165015611084356,-0.002147869661579,-0.0004054483272263,computed_from_spatial_unit_calcium,Hind,True
Zebrafish,subject_16,38,rMOS1,3,0.344993553394576,0.2144488829070444,0.5106112220376219,0.0041862625392805,-0.000321896160378,computed_from_spatial_unit_calcium,Hind,True
Zebrafish,subject_16,39,rMOS2,1,0.3296920566762074,0.2357769022615806,0.4162408994500814,-0.0006366341779798,-0.0002958899896455,computed_from_spatial_unit_calcium,Hind,True
Zebrafish,subject_16,40,rMOS3,3,0.343791328799206,0.2195460122116885,0.5111825720533334,0.005263365881145,-0.0003660539187725,computed_from_spatial_unit_calcium,Hind,True
Zebrafish,subject_16,41,rMOS4,3,0.3256824685113781,0.2120357915466472,0.4842592956201605,0.0008582745957814,-0.0002348046181077,computed_from_spatial_unit_calcium,Hind,True
Zebrafish,subject_16,42,rMOS5,4,0.3298046412432037,0.1465278387018989,0.5986631436957536,0.000576060025627,0.0003014383273479,computed_from_spatial_unit_calcium,Hind,True
Zebrafish,subject_16,43,rIPN,1,0.313733841539892,0.1361540618112748,0.7263958728531023,-0.0045977001787848,-0.0003056939131767,computed_from_spatial_unit_calcium,Hind,True
Zebrafish,subject_16,44,rIO,1,0.3190738552436766,0.0881893373549732,0.7501524833565988,-0.0030040971120534,-0.0005140919407286,computed_from_spatial_unit_calcium,Hind,True
Zebrafish,subject_16,46,rRa,1,0.3044324842183645,0.1177526195894017,0.6733528057636308,0.0011101722643388,-0.0002188120343262,computed_from_spatial_unit_calcium,Hind,True
Zebrafish,subject_16,47,rT,2,0.3357231979509497,0.2527220075216956,0.5752205405589024,-0.0020393020735462,-0.0003904290858487,computed_from_spatial_unit_calcium,Mes,True
Zebrafish,subject_16,48,raRF,1,0.2994674448912391,0.2398915719890155,0.5794182379221251,-0.0068045450885476,-0.0003624671342587,computed_from_spatial_unit_calcium,Hind,True
Zebrafish,subject_16,49,rimRF,1,0.3459529499904364,0.2402724477140378,0.4484938658963759,0.0040437395189648,-0.0002775478018479,computed_from_spatial_unit_calcium,Hind,True
Zebrafish,subject_16,50,rpRF,1,0.3569719228630323,0.1718752284022262,0.4663276003727704,0.0053874993807218,-0.0004442267731791,computed_from_spatial_unit_calcium,Hind,True
Zebrafish,subject_16,52,rHb,1,0.3488931920143863,0.0549470261966122,0.7580066563119295,0.0014215893258731,0.0005510950530196,computed_from_spatial_unit_calcium,Di,True
Zebrafish,subject_16,53,rHi,1,0.3045776695968958,0.2076890208290193,0.6714839171285101,-0.0096361127967299,-0.0003698764865101,computed_from_spatial_unit_calcium,Di,True
Zebrafish,subject_16,54,rHR,1,0.2978696473292609,0.1626002234755761,0.6583376552076197,0.0002237845019084,-0.000204412088775,computed_from_spatial_unit_calcium,Di,True
Zebrafish,subject_16,55,rOG,1,0.2680991733817046,0.0254319835457752,0.8055262014228642,0.0014908762867913,0.0053874993807218,computed_from_spatial_unit_calcium,Tel,True
Zebrafish,subject_16,56,rOB,1,0.3728897191177673,0.0227560755711172,0.7544824761929897,0.0109416344966331,0.004260079310133,computed_from_spatial_unit_calcium,Tel,True
Zebrafish,subject_16,57,rOE,1,0.3553976506446789,0.0532836715293924,0.7747205866424055,0.0080891492860905,0.0053865557308939,computed_from_spatial_unit_calcium,Tel,True
Zebrafish,subject_16,58,rP,1,0.3622920162318411,0.0811070599757843,0.6253014909345443,0.000574452251804,0.0031526870983884,computed_from_spatial_unit_calcium,Tel,True
Zebrafish,subject_16,60,rPT,1,0.3447401521940869,0.2249062358396405,0.5948751294353279,0.0066802150889943,-0.000405321789263,computed_from_spatial_unit_calcium,Di,True
Zebrafish,subject_16,61,rPO,1,0.3701560510177108,0.1439073000194048,0.6178004468395761,0.0073215197790738,0.0005726067813761,computed_from_spatial_unit_calcium,Tel,True
Zebrafish,subject_16,62,rPrT,1,0.3331751927983113,0.2308198906847217,0.6277594171701325,-0.0076657877840162,-0.0004067419833921,computed_from_spatial_unit_calcium,Di,True
Zebrafish,subject_16,64,rSP,1,0.3773819350497636,0.0544813131257422,0.5732190917506467,0.0075311231666926,0.0035955235152622,computed_from_spatial_unit_calcium,Tel,True
Zebrafish,subject_16,65,rTeO,15,0.3345196976688071,0.1577477267881314,0.608021041233102,0.0001526330374466,-0.0007957981729779,computed_from_spatial_unit_calcium,Mes,True
Zebrafish,subject_16,66,rTh,2,0.3467753872159774,0.1838501068674815,0.6544617781759074,0.0024818980374455,2.8564496592200405e-05,computed_from_spatial_unit_calcium,Di,True
Zebrafish,subject_16,67,rTL,1,0.3108213821864434,0.1026417702565634,0.7546976240061813,0.001681741895908,-0.0004426651769771,computed_from_spatial_unit_calcium,Mes,True
Zebrafish,subject_16,68,rTS,1,0.3078348388730835,0.1022331286812804,0.6455750003313883,-0.0045977941254756,-0.0014824200097929,computed_from_spatial_unit_calcium,Mes,True
Zebrafish,subject_16,69,rTG,1,0.2285036609352611,0.0360793024876,0.7972463103382351,0.0030837457284612,,computed_from_spatial_unit_calcium,Hind,False
Zebrafish,subject_16,70,rVR,1,0.3128147390946003,0.109677714559165,0.5422689062604559,-0.006333336224072,0.0001216240124539,computed_from_spatial_unit_calcium,Hind,True
Zebrafish,subject_16,71,rNX,1,0.3167706510957421,0.1806799643502412,0.4705884589590806,0.0008109229627153,-0.0002684715081065,computed_from_spatial_unit_calcium,Hind,True
Zebrafish,subject_17,0,MON,1,0.3156449055531594,0.039419894175367,0.6126002051013155,0.0038101222882921,-0.0004644007742338,computed_from_spatial_unit_calcium,Hind,True
Zebrafish,subject_17,1,Cb,4,0.3115705079691998,0.1530870631871457,0.6301578620786958,0.00164530758327,-0.0001594657516495,computed_from_spatial_unit_calcium,Hind,True
Zebrafish,subject_17,2,MOS1,2,0.3501042506299184,0.2000986518113673,0.46709539697634,0.0035457241417703,-0.0004491304188893,computed_from_spatial_unit_calcium,Hind,True
Zebrafish,subject_17,3,MOS2,1,0.3651296542156115,0.2064808985522536,0.4430737360173654,0.0034759578867965,-0.0004033479371695,computed_from_spatial_unit_calcium,Hind,True
Zebrafish,subject_17,4,MOS3,2,0.3544213202788174,0.1667874658543714,0.5554111753480089,0.0046087842580085,-0.0006330374545017,computed_from_spatial_unit_calcium,Hind,True
Zebrafish,subject_17,5,MOS4,1,0.3254918384920399,0.2367657155769647,0.4496504398102922,0.0032585030282289,-0.0003190590092155,computed_from_spatial_unit_calcium,Hind,True
Zebrafish,subject_17,6,MOS5,2,0.3190373864675958,0.1323879054686443,0.591712372919475,0.0017122660560087,-0.0003420164910007,computed_from_spatial_unit_calcium,Hind,True
Zebrafish,subject_17,7,IPN,1,0.3031530516259242,0.1380458833936153,0.730410139602857,-0.0039341149780926,-0.0001536744556788,computed_from_spatial_unit_calcium,Hind,True
Zebrafish,subject_17,8,IO,1,0.3429272897735048,0.0922074832311848,0.6619401153381166,-0.0034038404942688,0.000257402631549,computed_from_spatial_unit_calcium,Hind,True
Zebrafish,subject_17,9,Hc,1,0.2333640488798624,0.0460953461999283,0.8074001159842772,-0.0001643624546178,-0.0048977207980803,computed_from_spatial_unit_calcium,Di,True
Zebrafish,subject_17,10,Ra,1,0.3131831852601298,0.1838805515593408,0.6080030431614907,-0.0029011132768834,-6.621340066665526e-05,computed_from_spatial_unit_calcium,Hind,True
Zebrafish,subject_17,11,T,2,0.3302250395588791,0.2197348786449065,0.5918026296160768,-0.000608659441916,-0.0003109052201978,computed_from_spatial_unit_calcium,Mes,True
Zebrafish,subject_17,12,aRF,1,0.3187379180853993,0.2004472935451942,0.5241717395682082,-0.0024062807533666,-0.0005122603450836,computed_from_spatial_unit_calcium,Hind,True
Zebrafish,subject_17,13,imRF,1,0.3185512004810205,0.2082326939649046,0.4310746052956565,-0.0013261195078949,-0.0006531932740698,computed_from_spatial_unit_calcium,Hind,True
Zebrafish,subject_17,14,pRF,1,0.3552293217055979,0.2013402704858191,0.4474359120050621,0.0005701251414495,-0.0003952179128586,computed_from_spatial_unit_calcium,Hind,True
Zebrafish,subject_17,16,Hb,1,0.3634098742720074,0.1335065505232087,0.7660446729367154,0.0013619355928397,-9.34209107490192e-06,computed_from_spatial_unit_calcium,Di,True
Zebrafish,subject_17,17,Hi,1,0.2937764589086006,0.1626271931256985,0.6664769501300143,-0.0154925041479186,-7.021353423246106e-05,computed_from_spatial_unit_calcium,Di,True
Zebrafish,subject_17,18,HR,1,0.3069180215935694,0.1387566082607682,0.6373581281744057,-0.0096509838038682,-0.0002655556236525,computed_from_spatial_unit_calcium,Di,True
Zebrafish,subject_17,19,OG,1,0.2683776181097924,0.064568933330441,0.7755445091623857,-0.0021633626805349,0.0011062314900287,computed_from_spatial_unit_calcium,Tel,True
Zebrafish,subject_17,20,OB,1,0.345084590023116,0.0721164988596318,0.716002458751535,0.0006396735935524,0.0003994649623828,computed_from_spatial_unit_calcium,Tel,True
Zebrafish,subject_17,21,OE,1,0.3479573676590741,0.0237765511809416,0.761705800962566,0.0034746652259634,0.0022212101612333,computed_from_spatial_unit_calcium,Tel,True
Zebrafish,subject_17,22,P,1,0.3638086934491121,0.1328400645152483,0.6507402569945235,0.0070253620560534,-0.0003390000994302,computed_from_spatial_unit_calcium,Tel,True
Zebrafish,subject_17,24,PT,1,0.3424637048472653,0.2105474606895055,0.546649869003844,-0.0042073105848678,-6.922011895184236e-05,computed_from_spatial_unit_calcium,Di,True
Zebrafish,subject_17,25,PO,1,0.3439799397834989,0.1781148727467328,0.5362516597333683,-0.0062682723826671,-0.0001963028005602,computed_from_spatial_unit_calcium,Tel,True
Zebrafish,subject_17,26,PrT,1,0.3234534893110855,0.2198378869637143,0.5575634352297015,-0.0043711902976538,-2.618216256680084e-05,computed_from_spatial_unit_calcium,Di,True
Zebrafish,subject_17,28,SP,1,0.3625955755000106,0.1436443445196481,0.577779370321914,0.0063279924025387,-0.0003777945421895,computed_from_spatial_unit_calcium,Tel,True
Zebrafish,subject_17,29,TeO,19,0.309029513356052,0.1153670365983836,0.6458420608282384,0.0006346339868169,0.0003214198680317,computed_from_spatial_unit_calcium,Mes,True
Zebrafish,subject_17,30,Th,1,0.3238736443391058,0.1898254881423404,0.6503225543471708,-2.595477215969427e-06,0.0001161240990916,computed_from_spatial_unit_calcium,Di,True
Zebrafish,subject_17,31,TL,1,0.306533627444885,0.0977150788005561,0.7957452105482741,-0.0007455865425573,-0.0002076370433749,computed_from_spatial_unit_calcium,Mes,True
Zebrafish,subject_17,32,TS,1,0.3170586672038311,0.1128705576836558,0.7475048413153744,-0.0021141898765227,-0.0005446322072781,computed_from_spatial_unit_calcium,Mes,True
Zebrafish,subject_17,33,TG,1,0.2529112283780056,0.0513628591512995,0.809876033233776,-0.0003016338283429,-0.003193830735636,computed_from_spatial_unit_calcium,Hind,True
Zebrafish,subject_17,34,VR,1,0.2986435849137995,0.1790889379717558,0.4548606466950263,-0.0082660380261269,-0.0003805405188536,computed_from_spatial_unit_calcium,Hind,True
Zebrafish,subject_17,35,NX,1,0.3159457566805133,0.1413546336444363,0.5087718006693754,0.0023176630489892,-0.0002403967909622,computed_from_spatial_unit_calcium,Hind,True
Zebrafish,subject_17,36,rMON,2,0.3205075138907662,0.0657564605591147,0.5988739686134246,0.0009641867498069,0.0005766048686148,computed_from_spatial_unit_calcium,Hind,True
Zebrafish,subject_17,37,rCb,5,0.320065504328284,0.1808575929528363,0.6313442837159646,0.0001416231039364,-9.168718873898191e-05,computed_from_spatial_unit_calcium,Hind,True
Zebrafish,subject_17,38,rMOS1,3,0.3266252054307811,0.24070352251651,0.4584059846321868,0.0021997463479573,-0.0002678391195402,computed_from_spatial_unit_calcium,Hind,True
Zebrafish,subject_17,39,rMOS2,1,0.300754425189448,0.2486315392633608,0.3657691729550801,-0.0006760686995954,-0.0001874367184088,computed_from_spatial_unit_calcium,Hind,True
Zebrafish,subject_17,40,rMOS3,3,0.3331277565048349,0.22940577813102,0.5453643111648117,-0.0008970073424984,-0.0001641979254389,computed_from_spatial_unit_calcium,Hind,True
Zebrafish,subject_17,41,rMOS4,2,0.3060471688396241,0.2338516542254081,0.4853443946192587,0.0009526931565553,-0.0002040821960104,computed_from_spatial_unit_calcium,Hind,True
Zebrafish,subject_17,42,rMOS5,3,0.3187182129691253,0.1520707914870139,0.6308240063169442,0.0011604206041929,0.0002235275418295,computed_from_spatial_unit_calcium,Hind,True
Zebrafish,subject_17,43,rIPN,1,0.3234292350514011,0.158632551819045,0.69660109694241,-0.0002953886808532,-0.0004454929286974,computed_from_spatial_unit_calcium,Hind,True
Zebrafish,subject_17,44,rIO,1,0.2711981468140901,0.1040690108496791,0.7276065679106677,-0.0061024163551785,-0.000448263354946,computed_from_spatial_unit_calcium,Hind,True
Zebrafish,subject_17,46,rRa,1,0.3037662775996636,0.2104443860496773,0.5778394921285934,-0.0042584411336045,-2.094581172020565e-05,computed_from_spatial_unit_calcium,Hind,True
Zebrafish,subject_17,47,rT,2,0.3414627893856861,0.227177594402774,0.5699329329058233,0.001257923927488,-0.0001387490270419,computed_from_spatial_unit_calcium,Mes,True
Zebrafish,subject_17,48,raRF,1,0.291597963485971,0.1907227343751779,0.5758973393606895,-0.0062080493496027,-8.931532814270525e-05,computed_from_spatial_unit_calcium,Hind,True
Zebrafish,subject_17,49,rimRF,1,0.297353069366731,0.2243155645149082,0.4499563557223324,-0.000299604169281,-0.000111157291793,computed_from_spatial_unit_calcium,Hind,True
Zebrafish,subject_17,50,rpRF,1,0.2927626923349647,0.2308603597192132,0.3890513295924766,-0.000931812740639,-7.00674873820825e-05,computed_from_spatial_unit_calcium,Hind,True
Zebrafish,subject_17,52,rHb,1,0.3583122426871839,0.1277801540857798,0.7131962382031943,0.0046645649137277,-0.0002172204026202,computed_from_spatial_unit_calcium,Di,True
Zebrafish,subject_17,53,rHi,1,0.3018765028252974,0.2017065396815228,0.6126853083816175,-0.009891501156942,-0.0001511486565709,computed_from_spatial_unit_calcium,Di,True
Zebrafish,subject_17,54,rHR,1,0.3039033355851386,0.1589537770455375,0.6440237992642206,-0.0052880219793877,-0.0001440650224247,computed_from_spatial_unit_calcium,Di,True
Zebrafish,subject_17,55,rOG,1,0.2405867464861285,0.0293481530628195,0.8240241918678911,5.099440455414612e-06,,computed_from_spatial_unit_calcium,Tel,False
Zebrafish,subject_17,56,rOB,1,0.3455530951427297,0.1300251942866084,0.6994312763615731,-0.0018070341994581,1.1733868511435031e-05,computed_from_spatial_unit_calcium,Tel,True
Zebrafish,subject_17,57,rOE,1,0.3455190079353262,0.0634834336695542,0.7437341099894618,0.0012716325341121,0.0016593479140675,computed_from_spatial_unit_calcium,Tel,True
Zebrafish,subject_17,58,rP,2,0.3665464800202893,0.1257825989654323,0.6328786764307361,0.0005128664542628,0.0002619761963072,computed_from_spatial_unit_calcium,Tel,True
Zebrafish,subject_17,60,rPT,1,0.3571472992957191,0.2319566702393597,0.5349699472523826,0.0012743029623713,-9.6980558203009e-05,computed_from_spatial_unit_calcium,Di,True
Zebrafish,subject_17,61,rPO,1,0.3468883783261474,0.2044503332580978,0.5317046010779211,0.0013889117018371,-0.0001290316468525,computed_from_spatial_unit_calcium,Tel,True
Zebrafish,subject_17,62,rPrT,1,0.3272685995064849,0.2465697256428525,0.5400341674614821,-0.0007947385376625,-0.0001335192441396,computed_from_spatial_unit_calcium,Di,True
Zebrafish,subject_17,64,rSP,1,0.3620781543620168,0.1718235837226517,0.5380611733264364,0.0100794422105195,-0.0001144320368853,computed_from_spatial_unit_calcium,Tel,True
Zebrafish,subject_17,65,rTeO,19,0.3232348368432846,0.1463733839237494,0.6436503085743133,0.0001286376717133,0.0002424166463778,computed_from_spatial_unit_calcium,Mes,True
Zebrafish,subject_17,66,rTh,2,0.3562890269622171,0.2116534982010862,0.5551737849325993,0.0020925270822859,-0.0001170515354767,computed_from_spatial_unit_calcium,Di,True
Zebrafish,subject_17,67,rTL,1,0.3028016139631827,0.143993244639137,0.7144011055901819,-0.002484323155455,6.669425596251211e-05,computed_from_spatial_unit_calcium,Mes,True
Zebrafish,subject_17,68,rTS,1,0.2590443519111052,0.1019923501117959,0.7282917353838336,-0.0042187755131768,7.590803674169296e-05,computed_from_spatial_unit_calcium,Mes,True
Zebrafish,subject_17,69,rTG,1,0.2285654737642012,0.0347530031257642,0.8049989538237635,0.0004427808569056,-0.0023591938104315,computed_from_spatial_unit_calcium,Hind,True
Zebrafish,subject_17,70,rVR,1,0.2905006987719363,0.1881219010065058,0.4554056743883839,-0.0012667432982567,-0.000354116321643,computed_from_spatial_unit_calcium,Hind,True
Zebrafish,subject_17,71,rNX,1,0.2989015262936921,0.2230782345406873,0.4207303212651064,0.0015960722355248,-0.0002058198010709,computed_from_spatial_unit_calcium,Hind,True
Zebrafish,subject_18,0,MON,1,0.299579020107356,0.0990829689016304,0.659166197757612,0.003137234322869,-0.0007431792958424,computed_from_spatial_unit_calcium,Hind,True
Zebrafish,subject_18,1,Cb,4,0.2988041123173236,0.1213875276184937,0.6762998575849535,-0.0010278386427112,5.5342879764577553e-05,computed_from_spatial_unit_calcium,Hind,True
Zebrafish,subject_18,2,MOS1,2,0.3054395519003124,0.1193323983232237,0.6389205618270091,-0.0005568863399083,-0.0001873944148602,computed_from_spatial_unit_calcium,Hind,True
Zebrafish,subject_18,3,MOS2,1,0.3002659829054612,0.1098683195413482,0.6319005178608942,-0.0012079759199971,-0.0002866433836184,computed_from_spatial_unit_calcium,Hind,True
Zebrafish,subject_18,4,MOS3,2,0.3384916203303971,0.1086791605703376,0.6811928341865934,0.0023414087697615,-0.0007881088432488,computed_from_spatial_unit_calcium,Hind,True
Zebrafish,subject_18,5,MOS4,1,0.2958248396027731,0.1825596717015698,0.6760764890259097,-0.0026590499522065,-0.0001896042204961,computed_from_spatial_unit_calcium,Hind,True
Zebrafish,subject_18,6,MOS5,2,0.2931218267451108,0.1117514564167823,0.7003637825837492,0.0006329154221172,-0.0008860984686812,computed_from_spatial_unit_calcium,Hind,True
Zebrafish,subject_18,7,IPN,1,0.3120287797912724,0.0532861980886443,0.7007375603033009,0.0014865284402153,0.0009375216044254,computed_from_spatial_unit_calcium,Hind,True
Zebrafish,subject_18,8,IO,1,0.2878509037570368,0.0140434506553604,0.7967143340192272,0.0002501227022869,0.0010712532559256,computed_from_spatial_unit_calcium,Hind,True
Zebrafish,subject_18,9,Hc,1,0.2491555060302989,0.0588741665892476,0.8110806531105179,0.0003655518480442,0.0003094394757482,computed_from_spatial_unit_calcium,Di,True
Zebrafish,subject_18,10,Ra,1,0.3146044772915885,0.1123405472777141,0.7468394608358653,0.000259060859909,0.0002158240405439,computed_from_spatial_unit_calcium,Hind,True
Zebrafish,subject_18,11,T,2,0.307967292048926,0.1359349823657419,0.7125603631612663,-0.0029301448258308,-7.680610051687401e-05,computed_from_spatial_unit_calcium,Mes,True
Zebrafish,subject_18,12,aRF,1,0.2913370285337775,0.0969015133581316,0.7315393483813808,-0.0026243834226746,-0.0004143603825244,computed_from_spatial_unit_calcium,Hind,True
Zebrafish,subject_18,13,imRF,1,0.2901769252690294,0.1192623927497584,0.6625943904575878,-0.002314659207909,-0.0005348461486932,computed_from_spatial_unit_calcium,Hind,True
Zebrafish,subject_18,14,pRF,1,0.3590130538211121,0.0699879832838899,0.6586391679319412,0.0020324802300139,-0.0004288026608223,computed_from_spatial_unit_calcium,Hind,True
Zebrafish,subject_18,16,Hb,1,0.3070993021364792,0.0399680657787352,0.7994215606984107,0.0020141322547004,0.0001280305362965,computed_from_spatial_unit_calcium,Di,True
Zebrafish,subject_18,17,Hi,1,0.2745254746432299,0.1142402657289215,0.739301690741432,-0.0020130142268093,-4.759893232508642e-05,computed_from_spatial_unit_calcium,Di,True
Zebrafish,subject_18,18,HR,1,0.2687086111099224,0.0963457889273365,0.7789873352487348,-0.0051589339271909,0.0001617731188093,computed_from_spatial_unit_calcium,Di,True
Zebrafish,subject_18,19,OG,1,0.2545999065227824,0.0349414612173348,0.8132529431926826,-0.0004625237010986,-0.0008070600310606,computed_from_spatial_unit_calcium,Tel,True
Zebrafish,subject_18,20,OB,1,0.3357931462390979,0.0090352024626733,0.8653673925806646,0.000796388407515,0.0017079558478989,computed_from_spatial_unit_calcium,Tel,True
Zebrafish,subject_18,21,OE,1,0.3270095283757137,0.0093691407835422,0.8529256985438973,-0.0002245431477193,0.0020141322547004,computed_from_spatial_unit_calcium,Tel,True
Zebrafish,subject_18,22,P,1,0.3416177559551066,0.0813971236075811,0.6878077464916849,0.0020008466875902,0.0003421268621219,computed_from_spatial_unit_calcium,Tel,True
Zebrafish,subject_18,24,PT,1,0.3057908915600876,0.1447316564251791,0.6864003195029613,-0.0017587512034207,0.0004257756802881,computed_from_spatial_unit_calcium,Di,True
Zebrafish,subject_18,25,PO,1,0.3375458369285712,0.0730823142097798,0.6503635875869095,-0.0026743258752484,0.000706172339447,computed_from_spatial_unit_calcium,Tel,True
Zebrafish,subject_18,26,PrT,1,0.298088807754516,0.1386665479756565,0.719189076177791,0.0007460641721109,0.0002136033801031,computed_from_spatial_unit_calcium,Di,True
Zebrafish,subject_18,28,SP,1,0.3607631057639512,0.0615576828239043,0.6624192087919119,0.002119603875634,0.0005121683371499,computed_from_spatial_unit_calcium,Tel,True
Zebrafish,subject_18,29,TeO,16,0.2971292702956737,0.1316778335771754,0.6600723728957306,-0.0010019391627171,4.642235525253949e-05,computed_from_spatial_unit_calcium,Mes,True
Zebrafish,subject_18,30,Th,1,0.3176305379342982,0.150114598033096,0.6887801655462523,0.0010166973647456,0.0003241497103165,computed_from_spatial_unit_calcium,Di,True
Zebrafish,subject_18,31,TL,1,0.2840181045320034,0.0697015390233584,0.7759717471576435,0.000786155821812,0.0008818630270578,computed_from_spatial_unit_calcium,Mes,True
Zebrafish,subject_18,32,TS,1,0.3028091581239416,0.0831074608785711,0.7282910231511741,-0.00046117456802,-0.0006701647610573,computed_from_spatial_unit_calcium,Mes,True
Zebrafish,subject_18,33,TG,1,0.2429974607564893,0.0465198043305232,0.8466177744798424,-0.0015048324697948,-0.0006807622886088,computed_from_spatial_unit_calcium,Hind,True
Zebrafish,subject_18,34,VR,1,0.2606397372588462,0.0430558524866877,0.8098604235208265,0.0004263081358999,-0.0015697621324944,computed_from_spatial_unit_calcium,Hind,True
Zebrafish,subject_18,35,NX,1,0.2754722603165936,0.082649792989011,0.7036255052434858,0.0005911415400615,-0.0006695671187565,computed_from_spatial_unit_calcium,Hind,True
Zebrafish,subject_18,36,rMON,1,0.3182513612264984,0.128629498593655,0.6347482700223652,0.0018627471305495,-0.0001823657738127,computed_from_spatial_unit_calcium,Hind,True
Zebrafish,subject_18,37,rCb,4,0.3116720900577656,0.1383134784984462,0.6345367997644062,0.0009476656773198,2.627515865439193e-05,computed_from_spatial_unit_calcium,Hind,True
Zebrafish,subject_18,38,rMOS1,3,0.3360505088760161,0.126665860023317,0.6379949709584959,0.0001626761093845,3.521096924426397e-05,computed_from_spatial_unit_calcium,Hind,True
Zebrafish,subject_18,39,rMOS2,1,0.3239937586859284,0.1397434334738176,0.5793529865096213,0.0005751911754241,0.0003810443497178,computed_from_spatial_unit_calcium,Hind,True
Zebrafish,subject_18,40,rMOS3,2,0.3363196219074263,0.1660991798094079,0.6178785522959865,0.0017669931514165,-4.6097407525501927e-05,computed_from_spatial_unit_calcium,Hind,True
Zebrafish,subject_18,41,rMOS4,2,0.3227298132837615,0.1798025886417704,0.621224311071904,-0.0012551748409423,-6.636043876694787e-06,computed_from_spatial_unit_calcium,Hind,True
Zebrafish,subject_18,42,rMOS5,2,0.3178993044722581,0.1596927884398739,0.6402078729178309,-0.0012876020602379,0.0001120934248917,computed_from_spatial_unit_calcium,Hind,True
Zebrafish,subject_18,43,rIPN,1,0.3088338103323846,0.0792415121708186,0.7302807245962801,-0.0005785738335426,0.0003608636682894,computed_from_spatial_unit_calcium,Hind,True
Zebrafish,subject_18,44,rIO,1,0.3352275757432404,0.0283172469875166,0.7859543128080062,-0.0016888958454486,0.0001471308097329,computed_from_spatial_unit_calcium,Hind,True
Zebrafish,subject_18,45,rHc,1,0.2453975430715338,0.0738465945323767,0.7938568505093417,-0.0010480617775981,0.0005111659915357,computed_from_spatial_unit_calcium,Di,True
Zebrafish,subject_18,46,rRa,1,0.3084539389185816,0.0991165384490077,0.7135503790870844,0.0010632213404709,0.0008354166369306,computed_from_spatial_unit_calcium,Hind,True
Zebrafish,subject_18,47,rT,2,0.3257871423101579,0.1636555266843941,0.6915881909639298,0.0030845431967499,-0.0001766427707637,computed_from_spatial_unit_calcium,Mes,True
Zebrafish,subject_18,48,raRF,1,0.282321866702388,0.1503565450660736,0.6591221312450891,-0.0045973687475936,0.000401361428773,computed_from_spatial_unit_calcium,Hind,True
Zebrafish,subject_18,49,rimRF,1,0.3096877354510426,0.1442055637726494,0.6002054215374026,-0.0037366062014485,0.0001526427040958,computed_from_spatial_unit_calcium,Hind,True
Zebrafish,subject_18,50,rpRF,1,0.3445650711335218,0.1262309694130943,0.5852710140477715,-0.0029552296653757,0.000316829486528,computed_from_spatial_unit_calcium,Hind,True
Zebrafish,subject_18,52,rHb,1,0.3448273357336916,0.0861497369503441,0.7499121665661526,-0.0007005987388303,0.0011862929065518,computed_from_spatial_unit_calcium,Di,True
Zebrafish,subject_18,53,rHi,1,0.2946710456764761,0.145834914256228,0.6660675860885011,-0.0018533379463386,0.0004672698980041,computed_from_spatial_unit_calcium,Di,True
Zebrafish,subject_18,54,rHR,1,0.2988852078087645,0.0890851184725011,0.7199288651402345,0.0003005430998191,0.0001511654092826,computed_from_spatial_unit_calcium,Di,True
Zebrafish,subject_18,55,rOG,1,0.2363448972264851,0.05339574878135,0.8649101052929278,-0.0011760572345776,-0.0005564807586196,computed_from_spatial_unit_calcium,Tel,True
Zebrafish,subject_18,56,rOB,1,0.3408955608576353,0.0071032748685551,0.8548060886868147,0.0010564060207841,0.0013058454715648,computed_from_spatial_unit_calcium,Tel,True
Zebrafish,subject_18,58,rP,1,0.336348187325352,0.1224156505330931,0.6797833475658365,0.00331228968196,0.0006703851174975,computed_from_spatial_unit_calcium,Tel,True
Zebrafish,subject_18,60,rPT,1,0.3293670925392736,0.1561915967525759,0.6493220828216602,0.0019237916071236,0.0002537288800304,computed_from_spatial_unit_calcium,Di,True
Zebrafish,subject_18,61,rPO,1,0.354276320485364,0.1009526669180344,0.6487374683827037,0.0072272017166271,0.0006078952526766,computed_from_spatial_unit_calcium,Tel,True
Zebrafish,subject_18,62,rPrT,1,0.3427108824935713,0.1748633329882181,0.5702891101896019,0.0043619740178091,0.0001326320124146,computed_from_spatial_unit_calcium,Di,True
Zebrafish,subject_18,64,rSP,1,0.3558417494193007,0.094004246968665,0.6274124954098883,-0.000133547165108,0.0007685281078038,computed_from_spatial_unit_calcium,Tel,True
Zebrafish,subject_18,65,rTeO,14,0.3176405418544424,0.1415565941131668,0.6341404858435508,0.0008652863848861,6.837570308305099e-05,computed_from_spatial_unit_calcium,Mes,True
Zebrafish,subject_18,66,rTh,2,0.3482380496823454,0.1719290745561795,0.5771143530415014,0.0042063735462927,0.0003098258933973,computed_from_spatial_unit_calcium,Di,True
Zebrafish,subject_18,67,rTL,1,0.3160137255269671,0.0838889585191424,0.7332090364118662,-0.000948379052556,0.000597148536874,computed_from_spatial_unit_calcium,Mes,True
Zebrafish,subject_18,68,rTS,1,0.2781645919355552,0.0782270952020578,0.7342309417508998,-0.0013106643688987,7.513463023284177e-05,computed_from_spatial_unit_calcium,Mes,True
Zebrafish,subject_18,69,rTG,1,0.2459138507972799,0.027440700584674,0.8376039573001065,-0.000152230327724,0.0011342461635507,computed_from_spatial_unit_calcium,Hind,True
Zebrafish,subject_18,70,rVR,1,0.2722014564478625,0.0441364103345831,0.815410968576615,-0.0002072882839663,-0.0017903037996998,computed_from_spatial_unit_calcium,Hind,True
Zebrafish,subject_18,71,rNX,1,0.3029119585327751,0.154818256171094,0.609296435029133,-0.003815846933236,0.0002874458666902,computed_from_spatial_unit_calcium,Hind,True
