species,SC_analysis,SC_source,recording_id,root_area_id,node,Subject,RegionID,FU_DCApost,FU_DCApre,Hard_OO_fraction,LogOutIn,OutputParticipation,Reciprocity,CycleParticipation,inter_out_edges,inter_in_edges,n_functional_units,anatomy_group,complete_primary_measures
Zebrafish,functional_unit,fcs_calibrated_skeleton_kmeans_nearest_r12,subject_12,0,MON,12,0,-0.0014152689408775,0.0111723003870702,0.4284907552284197,1.6279741836104125,0.5597784551917463,0.1857053132644291,0.9999834718028956,363016,71269,1,Hind,True
Zebrafish,functional_unit,fcs_calibrated_skeleton_kmeans_nearest_r12,subject_12,1,Cb,12,1,-0.0395306287509969,0.0129270536972042,0.2720361951601293,0.2621048646650062,0.533711737118225,0.574658556734899,0.999647324253946,413978,318527,3,Hind,True
Zebrafish,functional_unit,fcs_calibrated_skeleton_kmeans_nearest_r12,subject_12,2,MOS1,12,2,-0.0034073001819469,0.0625180885188454,0.0,-0.3547123614941922,0.5174117337206712,0.8327217758505712,0.9996754081066824,961207,1370461,3,Hind,True
Zebrafish,functional_unit,fcs_calibrated_skeleton_kmeans_nearest_r12,subject_12,3,MOS2,12,3,-0.0034160233215288,0.0302201289998284,0.0,-1.37034593544029,0.543729146966487,0.8924748753983168,0.9999795734945666,146868,578180,1,Hind,True
Zebrafish,functional_unit,fcs_calibrated_skeleton_kmeans_nearest_r12,subject_12,4,MOS3,12,4,-0.0480934080022495,0.0333297362903425,0.2869358225076327,0.2618691474438412,0.6028207286281841,0.6298503270682102,0.9997520765753972,1153582,887810,2,Hind,True
Zebrafish,functional_unit,fcs_calibrated_skeleton_kmeans_nearest_r12,subject_12,5,MOS4,12,5,-0.0400122906310144,-0.0036145971057726,0.2950883524539421,0.6394706239157965,0.60200489160809,0.4808627700390064,0.9998682851288264,531451,280378,1,Hind,True
Zebrafish,functional_unit,fcs_calibrated_skeleton_kmeans_nearest_r12,subject_12,6,MOS5,12,6,-0.0121808193150295,-0.003080223962763,0.2723005503968249,0.6409326340830407,0.4934661161772672,0.4456884761357243,0.999633150852555,812323,427932,2,Hind,True
Zebrafish,functional_unit,fcs_calibrated_skeleton_kmeans_nearest_r12,subject_12,7,IPN,12,7,-0.0063434607255648,0.0083617197001167,0.0,-4.325456283185488,0.4444444444444444,0.5555555555555556,1.0,9,755,1,Hind,True
Zebrafish,functional_unit,fcs_calibrated_skeleton_kmeans_nearest_r12,subject_12,8,IO,12,8,,,,0.0,,,,0,0,1,Hind,False
Zebrafish,functional_unit,fcs_calibrated_skeleton_kmeans_nearest_r12,subject_12,10,Ra,12,10,0.0148571106589047,0.073377638554021,0.0,-1.0382042445550546,0.6403703068213598,0.6304561447998225,0.999524518971693,31547,89095,1,Hind,True
Zebrafish,functional_unit,fcs_calibrated_skeleton_kmeans_nearest_r12,subject_12,11,T,12,11,-0.0676822288763302,0.0148946539045921,0.2920782334153796,0.5690675226319694,0.5427434100952006,0.4582273420201703,0.9999572728479632,655321,370946,2,Mes,True
Zebrafish,functional_unit,fcs_calibrated_skeleton_kmeans_nearest_r12,subject_12,12,aRF,12,12,-0.0298410530064971,0.054508185588012,0.0,-1.450872965498993,0.610875862209395,0.6795451064481544,0.9989278603155154,26116,111436,1,Hind,True
Zebrafish,functional_unit,fcs_calibrated_skeleton_kmeans_nearest_r12,subject_12,13,imRF,12,13,-0.0420549991584184,0.0675409255873748,0.0,-0.7195585614255303,0.5903304880835106,0.828629954457769,0.9994332080424796,100566,206516,1,Hind,True
Zebrafish,functional_unit,fcs_calibrated_skeleton_kmeans_nearest_r12,subject_12,14,pRF,12,14,-0.0506714491993348,0.0273289995435827,0.0,-1.0950380724255584,0.5989032470098805,0.8469027556365293,0.9993926971836332,52692,157514,1,Hind,True
Zebrafish,functional_unit,fcs_calibrated_skeleton_kmeans_nearest_r12,subject_12,16,Hb,12,16,0.0069572350161849,-0.0004140970572486,0.7852192650398928,-0.453186147138072,0.1352426050695867,0.5092889173606663,0.9984275813872228,17171,27016,1,Di,True
Zebrafish,functional_unit,fcs_calibrated_skeleton_kmeans_nearest_r12,subject_12,17,Hi,12,17,-0.0001728394428326,0.0023308301866066,0.0,-4.668306862932107,0.0,0.0,0.0,28,3088,1,Di,True
Zebrafish,functional_unit,fcs_calibrated_skeleton_kmeans_nearest_r12,subject_12,19,OG,12,19,,-0.000324892792735,,-5.407171771460119,,,,0,222,1,Tel,False
Zebrafish,functional_unit,fcs_calibrated_skeleton_kmeans_nearest_r12,subject_12,20,OB,12,20,0.0066096523541689,0.0150404056574041,0.0,-1.7298840655099674,0.0,0.5,1.0,24,140,1,Tel,True
Zebrafish,functional_unit,fcs_calibrated_skeleton_kmeans_nearest_r12,subject_12,21,OE,12,21,0.0132028483835832,,1.0,0.6931471805599453,0.0,0.0,0.0,1,0,1,Tel,False
Zebrafish,functional_unit,fcs_calibrated_skeleton_kmeans_nearest_r12,subject_12,22,P,12,22,-0.0046870610702378,0.0091617524032631,0.657549714572486,0.2117215384324447,0.3098596516991088,0.4791732011793488,0.9991531271563892,63764,51597,2,Tel,True
Zebrafish,functional_unit,fcs_calibrated_skeleton_kmeans_nearest_r12,subject_12,24,PT,12,24,-0.0253682045410234,0.0266090849136742,0.503537323470074,0.0544100002947589,0.6196597113010258,0.3536606142120601,0.9972831203765972,111525,105619,1,Di,True
Zebrafish,functional_unit,fcs_calibrated_skeleton_kmeans_nearest_r12,subject_12,25,PO,12,25,0.0051675293083661,0.0586920238115459,0.5205579663158595,0.7732397668621622,0.3143105946314062,0.4022312002261127,0.9978718805592964,120294,55517,1,Tel,True
Zebrafish,functional_unit,fcs_calibrated_skeleton_kmeans_nearest_r12,subject_12,26,PrT,12,26,-0.0023248022328978,0.0145330267627588,0.0,-0.8000381276173186,0.6095238089703771,0.9167050838147738,0.9991760747810222,101951,226906,1,Di,True
Zebrafish,functional_unit,fcs_calibrated_skeleton_kmeans_nearest_r12,subject_12,28,SP,12,28,-0.0243552174611643,0.0037141200925387,0.6148472811943569,1.4573329351701,0.1132113386341246,0.2059687409639471,1.0,65709,15300,1,Tel,True
Zebrafish,functional_unit,fcs_calibrated_skeleton_kmeans_nearest_r12,subject_12,29,TeO,12,29,-0.0381946698787254,0.0021607866682789,0.2026496302639649,-0.221739856211991,0.5626231766684098,0.7941036070961545,0.999963836459792,1382608,1725836,15,Mes,True
Zebrafish,functional_unit,fcs_calibrated_skeleton_kmeans_nearest_r12,subject_12,30,Th,12,30,-0.0115613970915669,0.0290412137784487,0.0,0.0028682404277127,0.6086979534831014,0.5952079631045664,0.9966243129397784,375331,374256,2,Di,True
Zebrafish,functional_unit,fcs_calibrated_skeleton_kmeans_nearest_r12,subject_12,31,TL,12,31,0.01533183681102,0.0021565532722001,0.0,-2.907542432849866,0.5515235640161279,0.1016260162601626,1.0,246,4522,1,Mes,True
Zebrafish,functional_unit,fcs_calibrated_skeleton_kmeans_nearest_r12,subject_12,32,TS,12,32,-0.010773654501088,0.0024796261397035,0.4603836530442035,0.4057430789230188,0.6501751490465326,0.2357520155685293,1.0,3597,2397,1,Mes,True
Zebrafish,functional_unit,fcs_calibrated_skeleton_kmeans_nearest_r12,subject_12,33,TG,12,33,,,,0.0,,,,0,0,1,Hind,False
Zebrafish,functional_unit,fcs_calibrated_skeleton_kmeans_nearest_r12,subject_12,34,VR,12,34,0.0170920802924487,-0.0003350433657273,0.6372898624554254,3.393083746887985,0.2786154141998859,0.0331125827814569,0.6892511462047886,1963,65,1,Hind,True
Zebrafish,functional_unit,fcs_calibrated_skeleton_kmeans_nearest_r12,subject_12,35,NX,12,35,0.01696302418259,0.0323717482053848,0.0,-0.8805430412394611,0.5365875247523801,0.7873796818914424,1.0,155733,375662,1,Hind,True
Zebrafish,functional_unit,fcs_calibrated_skeleton_kmeans_nearest_r12,subject_12,36,rMON,12,36,-0.0036187635991404,-0.0189681698716509,0.4270286218622905,0.8536086071837307,0.4698160892084213,0.3373605215166306,0.9993793891052266,393161,167437,2,Hind,True
Zebrafish,functional_unit,fcs_calibrated_skeleton_kmeans_nearest_r12,subject_12,37,rCb,12,37,-0.0068544329082412,0.0130848161719016,0.3493894991143342,0.2579111701237973,0.4845185739047393,0.6090946377784889,0.999885066278446,443734,342857,3,Hind,True
Zebrafish,functional_unit,fcs_calibrated_skeleton_kmeans_nearest_r12,subject_12,38,rMOS1,12,38,-0.0078647089549799,0.0472960889555714,0.2055191859255973,0.0008267095774435,0.4450714589307067,0.7333930257425816,0.9995371230958092,1086682,1085784,3,Hind,True
Zebrafish,functional_unit,fcs_calibrated_skeleton_kmeans_nearest_r12,subject_12,39,rMOS2,12,39,0.0072586607359467,0.0572719609079442,0.0,-1.0594247663511946,0.6200866174270537,0.8411465919503398,0.9998675868497852,188803,544644,1,Hind,True
Zebrafish,functional_unit,fcs_calibrated_skeleton_kmeans_nearest_r12,subject_12,40,rMOS3,12,40,-0.0467331568855884,0.0270011097088236,0.2166919059935584,0.3164116249125168,0.5368912758554074,0.6238925487508288,0.9982316517113284,1566999,1141965,3,Hind,True
Zebrafish,functional_unit,fcs_calibrated_skeleton_kmeans_nearest_r12,subject_12,41,rMOS4,12,41,-0.038167157631521,0.0171494756176557,0.2655427587838075,0.4981511486623879,0.6035342717206467,0.5416497386387942,0.9989792257733044,883643,536948,2,Hind,True
Zebrafish,functional_unit,fcs_calibrated_skeleton_kmeans_nearest_r12,subject_12,42,rMOS5,12,42,-0.0184792558792992,0.0342347317865358,0.1924865230517406,0.4941305585336573,0.5838344448479859,0.4756976486848753,0.999646112667705,957932,584435,3,Hind,True
Zebrafish,functional_unit,fcs_calibrated_skeleton_kmeans_nearest_r12,subject_12,43,rIPN,12,43,,-0.0113033521240166,,-4.532599493153256,,,,0,92,1,Hind,False
Zebrafish,functional_unit,fcs_calibrated_skeleton_kmeans_nearest_r12,subject_12,44,rIO,12,44,,,,0.0,,,,0,0,1,Hind,False
Zebrafish,functional_unit,fcs_calibrated_skeleton_kmeans_nearest_r12,subject_12,46,rRa,12,46,0.0070475038804898,0.062711582089147,0.0,-1.4130102458298237,0.4775071002212592,0.8126595467569679,1.0,19195,78862,1,Hind,True
Zebrafish,functional_unit,fcs_calibrated_skeleton_kmeans_nearest_r12,subject_12,47,rT,12,47,-0.0309392363179971,0.0591125122216444,0.0806358279862782,-0.0922363084716915,0.6180214192501375,0.6570403690666872,1.0,312789,343012,3,Mes,True
Zebrafish,functional_unit,fcs_calibrated_skeleton_kmeans_nearest_r12,subject_12,48,raRF,12,48,-0.0316905358464438,0.0640367904681678,0.0,-2.3965460675092163,0.5451089244965381,0.8644008409250176,1.0,8562,94065,1,Hind,True
Zebrafish,functional_unit,fcs_calibrated_skeleton_kmeans_nearest_r12,subject_12,49,rimRF,12,49,-0.032425718537219,0.0681353378385353,0.0,-0.1598834522576229,0.3537375829063277,0.7350205295200339,0.9938269857001274,141260,165751,1,Hind,True
Zebrafish,functional_unit,fcs_calibrated_skeleton_kmeans_nearest_r12,subject_12,50,rpRF,12,50,-0.0152065215517252,0.0713622642681139,0.0,-0.8693176462512426,0.5169397687522128,0.7998189544620181,0.991551208227514,79538,189722,1,Hind,True
Zebrafish,functional_unit,fcs_calibrated_skeleton_kmeans_nearest_r12,subject_12,52,rHb,12,52,-0.0293988053030797,0.0003448218159664,0.4088992794726352,-0.2527994622649376,0.1841395353635994,0.5695615514333895,0.9950942817721908,26092,33597,1,Di,True
Zebrafish,functional_unit,fcs_calibrated_skeleton_kmeans_nearest_r12,subject_12,53,rHi,12,53,-0.0129134586633107,0.0034957778677578,0.0,-1.473587230018487,0.3602183280666475,0.711864406779661,1.0,295,1291,1,Di,True
Zebrafish,functional_unit,fcs_calibrated_skeleton_kmeans_nearest_r12,subject_12,56,rOB,12,56,,0.0036748793987106,,-6.418364935936212,,,,0,612,1,Tel,False
Zebrafish,functional_unit,fcs_calibrated_skeleton_kmeans_nearest_r12,subject_12,57,rOE,12,57,,,,0.0,,,,0,0,1,Tel,False
Zebrafish,functional_unit,fcs_calibrated_skeleton_kmeans_nearest_r12,subject_12,58,rP,12,58,-0.0031076451473075,0.0044467710259848,0.6146742509729867,0.7046935429926402,0.2721963708890139,0.2862883725214748,0.9975588973585428,86846,42924,2,Tel,True
Zebrafish,functional_unit,fcs_calibrated_skeleton_kmeans_nearest_r12,subject_12,60,rPT,12,60,-0.0056529002070979,0.0052416691815745,0.0,-1.1652218530023142,0.5974270144534659,0.8189979837942709,1.0,26287,84295,1,Di,True
Zebrafish,functional_unit,fcs_calibrated_skeleton_kmeans_nearest_r12,subject_12,61,rPO,12,61,0.0153839405111227,0.0098731897651091,0.5279752845232957,1.0379843262436106,0.2898946190085461,0.2879534767497331,0.9986256559369392,88042,31181,1,Tel,True
Zebrafish,functional_unit,fcs_calibrated_skeleton_kmeans_nearest_r12,subject_12,62,rPrT,12,62,0.0196846088882975,0.0271378312018758,0.0,-0.0146534731682951,0.6626829894653103,0.6697081692859415,1.0,91183,92529,1,Di,True
Zebrafish,functional_unit,fcs_calibrated_skeleton_kmeans_nearest_r12,subject_12,64,rSP,12,64,-0.0005391890967019,0.0110766593206931,0.7437077385424493,0.4786994182268569,0.0784801687607708,0.4629977460555973,0.9763335837716004,10648,6597,1,Tel,True
Zebrafish,functional_unit,fcs_calibrated_skeleton_kmeans_nearest_r12,subject_12,65,rTeO,12,65,-0.0400708545922232,0.013633329726517,0.1565836547003754,-0.1970754753546619,0.5752618567455278,0.7054176325750388,0.9998427696094568,1291099,1572347,18,Mes,True
Zebrafish,functional_unit,fcs_calibrated_skeleton_kmeans_nearest_r12,subject_12,66,rTh,12,66,0.0047774898455888,0.0167354250365154,0.4423439218547517,-0.0293802684664794,0.5287351356017519,0.4859194807740474,0.997566128347254,183658,189134,2,Di,True
Zebrafish,functional_unit,fcs_calibrated_skeleton_kmeans_nearest_r12,subject_12,67,rTL,12,67,-0.0332982032792186,0.0059276097975191,0.3851992409867172,-0.4970954309540886,0.356260959424475,0.1423149905123339,1.0,527,867,1,Mes,True
Zebrafish,functional_unit,fcs_calibrated_skeleton_kmeans_nearest_r12,subject_12,68,rTS,12,68,,0.0237599289387322,,-6.556778356158042,,,,0,703,1,Mes,False
Zebrafish,functional_unit,fcs_calibrated_skeleton_kmeans_nearest_r12,subject_12,69,rTG,12,69,,,,0.0,,,,0,0,1,Hind,False
Zebrafish,functional_unit,fcs_calibrated_skeleton_kmeans_nearest_r12,subject_12,70,rVR,12,70,0.0023323446020083,-0.0331500896716829,0.5649801587301587,0.9074025160069428,0.5658463142522956,0.207010582010582,1.0,12096,4881,1,Hind,True
Zebrafish,functional_unit,fcs_calibrated_skeleton_kmeans_nearest_r12,subject_12,71,rNX,12,71,0.032346478852946,0.0535052505763623,0.0,-1.5122278913485747,0.6183709054141182,0.9626261474428416,1.0,105234,477432,1,Hind,True
Zebrafish,functional_unit,fcs_calibrated_skeleton_kmeans_nearest_r12,subject_13,0,MON,13,0,0.0084782147749972,0.0018523786333821,0.5132848431754522,1.460362876544007,0.5290843438120455,0.2088746210505688,0.99659954122624,173506,40279,2,Hind,True
Zebrafish,functional_unit,fcs_calibrated_skeleton_kmeans_nearest_r12,subject_13,1,Cb,13,1,-0.0134851752670571,0.0118046201787417,0.0,-0.2303053381472096,0.5533620148636684,0.9072509196543996,1.0,200347,252234,4,Hind,True
Zebrafish,functional_unit,fcs_calibrated_skeleton_kmeans_nearest_r12,subject_13,2,MOS1,13,2,-0.0110841298525417,0.0202437908369638,0.0,-0.3925314461922728,0.6564125196912853,0.8968788747566443,1.0,712948,1055680,2,Hind,True
Zebrafish,functional_unit,fcs_calibrated_skeleton_kmeans_nearest_r12,subject_13,3,MOS2,13,3,-0.0077149780257148,0.0210145266217778,0.0,-0.0332976359263809,0.6212130496747144,0.6376688845273677,1.0,245582,253897,1,Hind,True
Zebrafish,functional_unit,fcs_calibrated_skeleton_kmeans_nearest_r12,subject_13,4,MOS3,13,4,-0.0304403171795027,0.0142541946019566,0.1093984346695386,0.1384121248240658,0.6343925405078431,0.691146502821466,1.0,1007455,877231,2,Hind,True
Zebrafish,functional_unit,fcs_calibrated_skeleton_kmeans_nearest_r12,subject_13,5,MOS4,13,5,-0.0238734701672935,0.0034235703474121,0.339171844739324,0.4578809828005484,0.6014326171185355,0.5637533620278121,1.0,515314,325999,2,Hind,True
Zebrafish,functional_unit,fcs_calibrated_skeleton_kmeans_nearest_r12,subject_13,6,MOS5,13,6,-0.0046352630922957,-0.0041410807541208,0.4173904304056148,0.6179180301716476,0.5325858667459078,0.431963416779035,1.0,596995,321819,2,Hind,True
Zebrafish,functional_unit,fcs_calibrated_skeleton_kmeans_nearest_r12,subject_13,7,IPN,13,7,0.0337927710145717,0.0048740579289959,0.0,-1.1986835230334167,0.5174059838287546,0.7906797612170229,0.9974966300789524,5193,17221,1,Hind,True
Zebrafish,functional_unit,fcs_calibrated_skeleton_kmeans_nearest_r12,subject_13,8,IO,13,8,,0.0162251076172738,,-5.4510384535657,,,,0,232,1,Hind,False
Zebrafish,functional_unit,fcs_calibrated_skeleton_kmeans_nearest_r12,subject_13,9,Hc,13,9,,0.0119163557333581,,-6.448889394146858,,,,0,631,1,Di,False
Zebrafish,functional_unit,fcs_calibrated_skeleton_kmeans_nearest_r12,subject_13,10,Ra,13,10,-0.0456541582996659,0.0215135507933569,0.0,-0.7300002314942781,0.5919387697513835,0.8723770491803279,1.0,85400,177213,1,Hind,True
Zebrafish,functional_unit,fcs_calibrated_skeleton_kmeans_nearest_r12,subject_13,11,T,13,11,-0.0303937194486221,0.0128764337991971,0.2825618933841605,-0.2052728753273054,0.6437063459683758,0.7086130818752236,0.9987174632133718,477959,586867,3,Mes,True
Zebrafish,functional_unit,fcs_calibrated_skeleton_kmeans_nearest_r12,subject_13,12,aRF,13,12,-0.0049323013692991,0.0270547720085062,0.0,-0.4098087053258523,0.6068602534073869,0.7954083705810646,0.9995936611133686,88596,133473,1,Hind,True
Zebrafish,functional_unit,fcs_calibrated_skeleton_kmeans_nearest_r12,subject_13,13,imRF,13,13,-0.0172676821852825,0.0330636427267038,0.0,-0.8700237461509586,0.6552146592132725,0.8654182155044032,1.0,255837,610676,1,Hind,True
Zebrafish,functional_unit,fcs_calibrated_skeleton_kmeans_nearest_r12,subject_13,14,pRF,13,14,-0.0402540697250654,0.0183360355678194,0.0,-0.6114153666605866,0.6306707314308523,0.7917212875974073,1.0,329544,607363,2,Hind,True
Zebrafish,functional_unit,fcs_calibrated_skeleton_kmeans_nearest_r12,subject_13,16,Hb,13,16,0.0051900089141468,0.0406182033722185,0.0,-0.478430753994675,0.0199748092196077,0.6985960988942725,1.0,8049,12988,1,Di,True
Zebrafish,functional_unit,fcs_calibrated_skeleton_kmeans_nearest_r12,subject_13,17,Hi,13,17,-0.01199504751266,-0.0037084117304281,0.0,-0.8420793227776701,0.6140474302124684,0.8345713820961883,0.996963617632706,18443,42811,1,Di,True
Zebrafish,functional_unit,fcs_calibrated_skeleton_kmeans_nearest_r12,subject_13,18,HR,13,18,0.1104587509399687,-0.0115973120521985,0.0,-0.3276591804053977,0.43875,0.0,1.0,520,722,1,Di,True
Zebrafish,functional_unit,fcs_calibrated_skeleton_kmeans_nearest_r12,subject_13,19,OG,13,19,,,,0.0,,,,0,0,1,Tel,False
Zebrafish,functional_unit,fcs_calibrated_skeleton_kmeans_nearest_r12,subject_13,20,OB,13,20,,,,0.0,,,,0,0,1,Tel,False
Zebrafish,functional_unit,fcs_calibrated_skeleton_kmeans_nearest_r12,subject_13,21,OE,13,21,-0.002106138525576,,0.2222222222222222,2.302585092994046,0.0,0.0,0.0,9,0,1,Tel,False
Zebrafish,functional_unit,fcs_calibrated_skeleton_kmeans_nearest_r12,subject_13,22,P,13,22,0.0169572210333589,0.0187538253972484,0.0342881859111731,0.1681180924244026,0.119825110179718,0.5490631696911311,1.0,50863,42992,3,Tel,True
Zebrafish,functional_unit,fcs_calibrated_skeleton_kmeans_nearest_r12,subject_13,24,PT,13,24,-0.0223528136428315,0.0204278927868359,0.2938084112149532,0.1806421752690672,0.6461192950304502,0.4436629792103757,0.9999761586877742,83888,70024,1,Di,True
Zebrafish,functional_unit,fcs_calibrated_skeleton_kmeans_nearest_r12,subject_13,25,PO,13,25,-0.002423792939794,0.0280759993284721,0.390519975557948,0.5969710710665573,0.3644079370944901,0.4244624203450985,0.9968574504611982,68734,37836,1,Tel,True
Zebrafish,functional_unit,fcs_calibrated_skeleton_kmeans_nearest_r12,subject_13,26,PrT,13,26,0.006885683884798,0.0195718659983263,0.0,0.0702218205191116,0.6192685092226802,0.5946857174099252,1.0,109742,102300,1,Di,True
Zebrafish,functional_unit,fcs_calibrated_skeleton_kmeans_nearest_r12,subject_13,28,SP,13,28,0.0114863965639097,-0.0003434672022695,0.5351908949031251,1.050387796902422,0.0586311333429979,0.2787484298275665,1.0,26271,9189,2,Tel,True
Zebrafish,functional_unit,fcs_calibrated_skeleton_kmeans_nearest_r12,subject_13,29,TeO,13,29,-0.0206380616547439,0.0143867167577325,0.2459114516629772,0.0326746101441366,0.5801553090619694,0.7299404057901864,0.9999829593895628,1877867,1817500,18,Mes,True
Zebrafish,functional_unit,fcs_calibrated_skeleton_kmeans_nearest_r12,subject_13,30,Th,13,30,-0.0003901263608452,0.0224768606837813,0.2280519794499849,0.4015983208814066,0.47698945610504,0.542334239951647,1.0,413625,276818,2,Di,True
Zebrafish,functional_unit,fcs_calibrated_skeleton_kmeans_nearest_r12,subject_13,31,TL,13,31,0.0007253947938339,0.0195252318907634,0.0,-4.116426006751784,0.1738165680473374,1.0,1.0,52,3250,1,Mes,True
Zebrafish,functional_unit,fcs_calibrated_skeleton_kmeans_nearest_r12,subject_13,32,TS,13,32,-0.0229824885638951,-0.1546888252310035,0.2970588235294117,0.941533349061763,0.2610553633217993,0.0058823529411764,1.0,340,132,1,Mes,True
Zebrafish,functional_unit,fcs_calibrated_skeleton_kmeans_nearest_r12,subject_13,33,TG,13,33,,,,0.0,,,,0,0,1,Hind,False
Zebrafish,functional_unit,fcs_calibrated_skeleton_kmeans_nearest_r12,subject_13,34,VR,13,34,0.0140522731696197,0.0041211742176799,0.5821223537854323,2.6575028175596227,0.609211750948101,0.058799784714747,1.0,44592,3126,1,Hind,True
Zebrafish,functional_unit,fcs_calibrated_skeleton_kmeans_nearest_r12,subject_13,35,NX,13,35,0.0084094126364329,0.0129601017575195,0.0,-0.2901832089653636,0.3944405913893943,0.5383266238199497,1.0,84954,113556,1,Hind,True
Zebrafish,functional_unit,fcs_calibrated_skeleton_kmeans_nearest_r12,subject_13,36,rMON,13,36,0.0060807223826846,0.0130332615848995,0.3663824190742862,0.7208706778963623,0.5941788381847821,0.3389334351533664,1.0,141426,68779,2,Hind,True
Zebrafish,functional_unit,fcs_calibrated_skeleton_kmeans_nearest_r12,subject_13,37,rCb,13,37,0.0017396022287709,0.0150001407331557,0.1459240869186865,-0.179444026611973,0.5207116953356911,0.8071485244810729,0.9998566711883494,390710,467505,4,Hind,True
Zebrafish,functional_unit,fcs_calibrated_skeleton_kmeans_nearest_r12,subject_13,38,rMOS1,13,38,-0.0185234284420597,0.0202767922085641,0.1061871017051612,-0.2355467557026423,0.5787436713949567,0.858380802488369,1.0,751014,950484,3,Hind,True
Zebrafish,functional_unit,fcs_calibrated_skeleton_kmeans_nearest_r12,subject_13,39,rMOS2,13,39,-0.0086085969799636,0.0228127571580652,0.382496189166078,0.1676578583089406,0.663953583432766,0.6667936944640667,1.0,322764,272943,1,Hind,True
Zebrafish,functional_unit,fcs_calibrated_skeleton_kmeans_nearest_r12,subject_13,40,rMOS3,13,40,-0.0248822980836527,0.0319083103247367,0.0511042976223011,-0.0516321270950477,0.6344179222228886,0.8410520292429625,1.0,1170880,1232923,3,Hind,True
Zebrafish,functional_unit,fcs_calibrated_skeleton_kmeans_nearest_r12,subject_13,41,rMOS4,13,41,-0.0241380889661394,0.0097133219099217,0.3255527020798026,0.2917058128234589,0.6144804658021954,0.6685196930260822,0.9999664976531027,865611,646601,2,Hind,True
Zebrafish,functional_unit,fcs_calibrated_skeleton_kmeans_nearest_r12,subject_13,42,rMOS5,13,42,-0.0112643022993204,0.0137329458084583,0.4016877993394118,0.4217043202886368,0.5744493798271952,0.5909519645997643,0.999976669440411,900107,590405,3,Hind,True
Zebrafish,functional_unit,fcs_calibrated_skeleton_kmeans_nearest_r12,subject_13,43,rIPN,13,43,-0.0045863668495659,0.0137676603725714,0.0,-2.414590151370541,0.4916941651598196,0.3872679045092838,1.0,377,4227,1,Hind,True
Zebrafish,functional_unit,fcs_calibrated_skeleton_kmeans_nearest_r12,subject_13,44,rIO,13,44,,0.1098461541023543,,-7.679713639966372,,,,0,2163,1,Hind,False
Zebrafish,functional_unit,fcs_calibrated_skeleton_kmeans_nearest_r12,subject_13,45,rHc,13,45,-0.0043688900184809,,0.0,6.844815479208263,0.1871240810871017,0.0,0.0,938,0,1,Di,False
Zebrafish,functional_unit,fcs_calibrated_skeleton_kmeans_nearest_r12,subject_13,46,rRa,13,46,-0.0440595539942815,0.0176428779621471,0.0,-0.9621710141246296,0.5327267391332473,0.8906622201048118,1.0,25188,65928,1,Hind,True
Zebrafish,functional_unit,fcs_calibrated_skeleton_kmeans_nearest_r12,subject_13,47,rT,13,47,0.0103371402451335,0.0288425136534647,0.0877601519047903,-0.1930954559281763,0.6365531084334773,0.7213496501405419,1.0,267536,324521,3,Mes,True
Zebrafish,functional_unit,fcs_calibrated_skeleton_kmeans_nearest_r12,subject_13,48,raRF,13,48,-0.0081387194680495,0.0296181002545791,0.0,-1.44557111355486,0.6199243798321874,0.9142268531357712,1.0,25241,107133,1,Hind,True
Zebrafish,functional_unit,fcs_calibrated_skeleton_kmeans_nearest_r12,subject_13,49,rimRF,13,49,-0.018062276729158,0.0362928586370787,0.0,-0.925279422436134,0.6120911400089656,0.956339922467478,1.0,176958,446391,1,Hind,True
Zebrafish,functional_unit,fcs_calibrated_skeleton_kmeans_nearest_r12,subject_13,50,rpRF,13,50,-0.0371807576793496,0.0300171885158349,0.1890138509483052,0.0617126375792284,0.6025895910184057,0.6062304575309495,1.0,769478,723427,2,Hind,True
Zebrafish,functional_unit,fcs_calibrated_skeleton_kmeans_nearest_r12,subject_13,52,rHb,13,52,0.0229285731877728,0.0391999009090799,0.0,-0.4585702032657102,0.1498928161055297,0.6922380442834801,1.0,12149,19218,1,Di,True
Zebrafish,functional_unit,fcs_calibrated_skeleton_kmeans_nearest_r12,subject_13,53,rHi,13,53,-0.0012960912004216,0.0043194054359906,0.0,-0.764278166114967,0.514522256926031,0.8015305273664948,0.9998890922198193,18033,38726,1,Di,True
Zebrafish,functional_unit,fcs_calibrated_skeleton_kmeans_nearest_r12,subject_13,54,rHR,13,54,0.0264007945132756,,1.0,4.3694478524670215,0.0,0.0,0.0,78,0,1,Di,False
Zebrafish,functional_unit,fcs_calibrated_skeleton_kmeans_nearest_r12,subject_13,55,rOG,13,55,,,,0.0,,,,0,0,1,Tel,False
Zebrafish,functional_unit,fcs_calibrated_skeleton_kmeans_nearest_r12,subject_13,56,rOB,13,56,,,,0.0,,,,0,0,1,Tel,False
Zebrafish,functional_unit,fcs_calibrated_skeleton_kmeans_nearest_r12,subject_13,57,rOE,13,57,,,,0.0,,,,0,0,1,Tel,False
Zebrafish,functional_unit,fcs_calibrated_skeleton_kmeans_nearest_r12,subject_13,58,rP,13,58,0.0201313851298602,0.0505639650256587,0.5874043077721551,1.159204473493397,0.2658544410621861,0.2855520954975996,1.0,61656,19343,3,Tel,True
Zebrafish,functional_unit,fcs_calibrated_skeleton_kmeans_nearest_r12,subject_13,60,rPT,13,60,-0.0072136512663019,0.0188284954919077,0.0,-0.4673245385335968,0.6081713893053099,0.7786430254382812,0.9997603929555527,25041,39959,1,Di,True
Zebrafish,functional_unit,fcs_calibrated_skeleton_kmeans_nearest_r12,subject_13,61,rPO,13,61,-0.0138945566175702,0.0201231366466176,0.3762819409261946,1.1009020558908085,0.3036682826038771,0.2872777354221489,0.9923267996360148,40661,13522,1,Tel,True
Zebrafish,functional_unit,fcs_calibrated_skeleton_kmeans_nearest_r12,subject_13,62,rPrT,13,62,0.0105377604467409,0.0332715655179353,0.4490328364384475,0.062603408039986,0.6025966610833088,0.4657326422012022,0.999931040031262,87007,81727,1,Di,True
Zebrafish,functional_unit,fcs_calibrated_skeleton_kmeans_nearest_r12,subject_13,64,rSP,13,64,0.0117096108373057,0.0164349950958491,0.6016475433951162,1.1935842406360009,0.2603088529317546,0.1881435716387172,1.0,6798,2060,2,Tel,True
Zebrafish,functional_unit,fcs_calibrated_skeleton_kmeans_nearest_r12,subject_13,65,rTeO,13,65,0.0039502495574506,0.0130459179438014,0.2989853962974133,0.0732786642608264,0.629832874963061,0.711076769518942,0.9987431215198652,1681149,1562362,17,Mes,True
Zebrafish,functional_unit,fcs_calibrated_skeleton_kmeans_nearest_r12,subject_13,66,rTh,13,66,-0.0134674212584291,0.0188864580837872,0.2361767615697482,0.53629429988072,0.4616794951572411,0.4376575758757761,0.9999574478647694,564014,329898,3,Di,True
Zebrafish,functional_unit,fcs_calibrated_skeleton_kmeans_nearest_r12,subject_13,67,rTL,13,67,-0.0063178882836122,0.0190353084954664,0.0,-1.5672427200200143,0.6298550803055307,0.3753753753753753,1.0,333,1600,1,Mes,True
Zebrafish,functional_unit,fcs_calibrated_skeleton_kmeans_nearest_r12,subject_13,68,rTS,13,68,0.0179009509302238,-0.0027684917158152,0.6890130353817505,2.2553322081435003,0.1877979641054035,0.0,1.0,1611,168,1,Mes,True
Zebrafish,functional_unit,fcs_calibrated_skeleton_kmeans_nearest_r12,subject_13,69,rTG,13,69,,,,0.0,,,,0,0,1,Hind,False
Zebrafish,functional_unit,fcs_calibrated_skeleton_kmeans_nearest_r12,subject_13,70,rVR,13,70,0.010732339196507,0.0090599345467715,0.5762291451350953,2.042498255984885,0.3696969374211433,0.1290417835523401,1.0,67730,8784,1,Hind,True
Zebrafish,functional_unit,fcs_calibrated_skeleton_kmeans_nearest_r12,subject_13,71,rNX,13,71,0.0168078914192731,0.0151265655361365,0.0,-0.3078019974278909,0.4560724509310222,0.69832564249098,1.0,117239,159496,1,Hind,True
Zebrafish,functional_unit,fcs_calibrated_skeleton_kmeans_nearest_r12,subject_14,0,MON,14,0,-0.0030489926023497,-0.008701932899211,0.6483024070776124,0.8563093482399544,0.4102352503775396,0.3470360856469893,1.0,365547,155257,2,Hind,True
Zebrafish,functional_unit,fcs_calibrated_skeleton_kmeans_nearest_r12,subject_14,1,Cb,14,1,-0.0091327679140489,0.0235810827079192,0.4308129577222696,0.6630431016724817,0.6151224209669065,0.3348670034806844,1.0,325798,167877,4,Hind,True
Zebrafish,functional_unit,fcs_calibrated_skeleton_kmeans_nearest_r12,subject_14,2,MOS1,14,2,-0.0145179853385605,0.0727257115544526,0.3475244264351681,0.1043438389581579,0.5747173533942406,0.6229648782632832,0.9999970154035024,1005161,905565,4,Hind,True
Zebrafish,functional_unit,fcs_calibrated_skeleton_kmeans_nearest_r12,subject_14,3,MOS2,14,3,0.0057033758394223,0.0229238782467406,0.0,-0.9027922654670606,0.6525634138757019,0.7341888660042701,1.0,132549,326931,2,Hind,True
Zebrafish,functional_unit,fcs_calibrated_skeleton_kmeans_nearest_r12,subject_14,4,MOS3,14,4,-0.0350449350076602,0.0273468858954878,0.2989733630586828,0.5104002281022259,0.6164035875067099,0.486502621052778,1.0,1078765,647534,3,Hind,True
Zebrafish,functional_unit,fcs_calibrated_skeleton_kmeans_nearest_r12,subject_14,5,MOS4,14,5,0.0049629676478921,3.7143817194733554e-05,0.4579648055093992,0.6356467135480772,0.6065657148067298,0.3879321735300594,1.0,249755,132268,2,Hind,True
Zebrafish,functional_unit,fcs_calibrated_skeleton_kmeans_nearest_r12,subject_14,6,MOS5,14,6,0.006471328966711,0.0057555777149559,0.6095110796765706,0.7126391346096042,0.562183634574492,0.4354999190826975,1.0,333674,163616,3,Hind,True
Zebrafish,functional_unit,fcs_calibrated_skeleton_kmeans_nearest_r12,subject_14,7,IPN,14,7,0.0582975179415658,0.0529052847685764,0.0,-2.0933714991667824,0.6260585131217699,0.7297990594271055,1.0,14034,113854,1,Hind,True
Zebrafish,functional_unit,fcs_calibrated_skeleton_kmeans_nearest_r12,subject_14,8,IO,14,8,,-0.2064560409418291,,-1.3862943611198906,,,,0,3,1,Hind,False
Zebrafish,functional_unit,fcs_calibrated_skeleton_kmeans_nearest_r12,subject_14,9,Hc,14,9,-0.0029153063531179,0.0268934179214731,0.0,-0.6363325038332396,0.5177442631920934,0.3976608187134502,1.0,1710,3232,1,Di,True
Zebrafish,functional_unit,fcs_calibrated_skeleton_kmeans_nearest_r12,subject_14,10,Ra,14,10,0.0150366687359514,0.0940214223795545,0.0,-0.3659528974062567,0.5470127044921302,0.7423940689661029,1.0,235507,339575,1,Hind,True
Zebrafish,functional_unit,fcs_calibrated_skeleton_kmeans_nearest_r12,subject_14,11,T,14,11,-0.0830038282729172,0.0175872345051334,0.2515596927425359,0.2314959465033302,0.6391646278965415,0.6164105444769892,1.0,1121535,889765,3,Mes,True
Zebrafish,functional_unit,fcs_calibrated_skeleton_kmeans_nearest_r12,subject_14,12,aRF,14,12,-0.0630379992092917,0.0283775921507398,0.0,-0.0701829943440249,0.6933282851457216,0.5859821333703852,1.0,244702,262493,1,Hind,True
Zebrafish,functional_unit,fcs_calibrated_skeleton_kmeans_nearest_r12,subject_14,13,imRF,14,13,-0.0630759317768361,0.0751861442494248,0.0,-0.466215398558556,0.620113742772095,0.7364181654635611,1.0,221233,352635,1,Hind,True
Zebrafish,functional_unit,fcs_calibrated_skeleton_kmeans_nearest_r12,subject_14,14,pRF,14,14,0.0058839128795384,0.0841257913195988,0.0,-1.3745096088852895,0.6860979873438039,0.7978209599734264,1.0,150525,595049,1,Hind,True
Zebrafish,functional_unit,fcs_calibrated_skeleton_kmeans_nearest_r12,subject_14,16,Hb,14,16,0.0608163103266555,0.0039925616934772,0.6875,-0.2137849317171213,0.3726465239268037,0.1810163996948894,1.0,20976,25976,1,Di,True
Zebrafish,functional_unit,fcs_calibrated_skeleton_kmeans_nearest_r12,subject_14,17,Hi,14,17,-0.0201079988298597,0.0109542161873343,0.0,-0.2374265935559655,0.7387971665422937,0.2838351659644435,1.0,9731,12339,1,Di,True
Zebrafish,functional_unit,fcs_calibrated_skeleton_kmeans_nearest_r12,subject_14,18,HR,14,18,0.015912248427442,0.0251910395931552,0.0,-1.0489567688257653,0.6614476102308223,0.7652472767519077,1.0,17167,49008,1,Di,True
Zebrafish,functional_unit,fcs_calibrated_skeleton_kmeans_nearest_r12,subject_14,19,OG,14,19,,,,0.0,,,,0,0,1,Tel,False
Zebrafish,functional_unit,fcs_calibrated_skeleton_kmeans_nearest_r12,subject_14,20,OB,14,20,0.0012517029139864,0.0017388102143166,0.0,-1.8607523407150064,0.0,0.6666666666666666,0.3333333333333333,6,44,1,Tel,True
Zebrafish,functional_unit,fcs_calibrated_skeleton_kmeans_nearest_r12,subject_14,21,OE,14,21,0.0016981305060651,0.0017388102143166,0.9601990049751244,1.501605207630885,0.0,0.2189054726368159,0.0398009950248756,201,44,1,Tel,True
Zebrafish,functional_unit,fcs_calibrated_skeleton_kmeans_nearest_r12,subject_14,22,P,14,22,0.0042642780941768,0.0048955466842935,0.0,-0.0999605376837253,0.1582296382423149,0.71421287444232,1.0,31380,34679,2,Tel,True
Zebrafish,functional_unit,fcs_calibrated_skeleton_kmeans_nearest_r12,subject_14,24,PT,14,24,0.0002001111874866,0.0118725623776236,0.0,-0.3980819022626233,0.6846700838290958,0.6457138776093211,1.0,98014,145940,1,Di,True
Zebrafish,functional_unit,fcs_calibrated_skeleton_kmeans_nearest_r12,subject_14,25,PO,14,25,0.0110104653436334,0.0353712589794711,0.5606046607489322,0.7783331010982472,0.6008701861019189,0.3634147554848017,1.0,140707,64608,1,Tel,True
Zebrafish,functional_unit,fcs_calibrated_skeleton_kmeans_nearest_r12,subject_14,26,PrT,14,26,0.019754334051765,0.0007851265568765,0.5297510079258421,0.1398642389329686,0.5992226194853478,0.620462570060987,1.0,283503,246499,1,Di,True
Zebrafish,functional_unit,fcs_calibrated_skeleton_kmeans_nearest_r12,subject_14,28,SP,14,28,0.0051911052421881,0.0013431001208648,0.558682535746756,0.6437048863958332,0.3406515286838271,0.4253037441110835,1.0,48396,25424,2,Tel,True
Zebrafish,functional_unit,fcs_calibrated_skeleton_kmeans_nearest_r12,subject_14,29,TeO,14,29,-0.0116588786930186,0.0256114669359019,0.3396395678995448,-0.0451906226320569,0.6001338125842111,0.6170384047818719,1.0,803702,840855,17,Mes,True
Zebrafish,functional_unit,fcs_calibrated_skeleton_kmeans_nearest_r12,subject_14,30,Th,14,30,0.0114737291499113,0.0050563411580657,0.2312594413763156,-0.420558665395315,0.7067244325454387,0.7199909485104795,1.0,163509,248994,2,Di,True
Zebrafish,functional_unit,fcs_calibrated_skeleton_kmeans_nearest_r12,subject_14,31,TL,14,31,0.0033183294336201,0.0177881264867691,0.3489538301919418,0.8994043751112382,0.614075212968515,0.1257132975964032,1.0,5783,2352,1,Mes,True
Zebrafish,functional_unit,fcs_calibrated_skeleton_kmeans_nearest_r12,subject_14,32,TS,14,32,-0.0541242084006883,0.0179471639658853,0.3769935075744964,-0.4234146463714432,0.601018957711758,0.5192941568170468,1.0,30035,45869,1,Mes,True
Zebrafish,functional_unit,fcs_calibrated_skeleton_kmeans_nearest_r12,subject_14,33,TG,14,33,,,,0.0,,,,0,0,1,Hind,False
Zebrafish,functional_unit,fcs_calibrated_skeleton_kmeans_nearest_r12,subject_14,34,VR,14,34,-0.0218551613840964,0.0076663960771912,0.8464052287581699,0.8290079476362857,0.5742449485240719,0.0065359477124183,1.0,306,133,1,Hind,True
Zebrafish,functional_unit,fcs_calibrated_skeleton_kmeans_nearest_r12,subject_14,35,NX,14,35,-0.0152719632738185,0.0045646860928676,0.0,-0.9086902395220244,0.6805272605611086,0.4928699531953983,1.0,45722,113441,1,Hind,True
Zebrafish,functional_unit,fcs_calibrated_skeleton_kmeans_nearest_r12,subject_14,36,rMON,14,36,0.0183062143010224,0.0058085847714853,0.6872550037320995,0.7382858296715918,0.4205419917798905,0.448331430209739,0.9999604545746642,404598,193370,2,Hind,True
Zebrafish,functional_unit,fcs_calibrated_skeleton_kmeans_nearest_r12,subject_14,37,rCb,14,37,0.0096036800161734,0.0306967257814431,0.4709688432921269,0.6257616579967319,0.6261094223857829,0.3597448505868686,1.0,240173,128457,4,Hind,True
Zebrafish,functional_unit,fcs_calibrated_skeleton_kmeans_nearest_r12,subject_14,38,rMOS1,14,38,-0.0218313215345199,0.0625776192792324,0.3864344127157977,0.0568857142097545,0.5854348715808464,0.7002202086776103,1.0,1037198,979843,4,Hind,True
Zebrafish,functional_unit,fcs_calibrated_skeleton_kmeans_nearest_r12,subject_14,39,rMOS2,14,39,0.0053694445832479,0.0405447041558174,0.0,-1.059223269408414,0.7093188131136783,0.7827606186210277,1.0,112185,323558,2,Hind,True
Zebrafish,functional_unit,fcs_calibrated_skeleton_kmeans_nearest_r12,subject_14,40,rMOS3,14,40,-0.0518695689986157,0.035595538579446,0.3117605540830109,0.4031620469449904,0.6081228475544884,0.522112712291855,1.0,1181628,789568,3,Hind,True
Zebrafish,functional_unit,fcs_calibrated_skeleton_kmeans_nearest_r12,subject_14,41,rMOS4,14,41,0.0056710028467699,0.0238340317901686,0.3764358288136797,0.303953189572465,0.654739320521769,0.5214130923904033,1.0,337784,249249,2,Hind,True
Zebrafish,functional_unit,fcs_calibrated_skeleton_kmeans_nearest_r12,subject_14,42,rMOS5,14,42,0.0149154895695532,-0.0166882707005729,0.5278743234787191,0.3407932816611362,0.6032508280411171,0.4743081094729446,0.9982259498743016,455455,323922,4,Hind,True
Zebrafish,functional_unit,fcs_calibrated_skeleton_kmeans_nearest_r12,subject_14,43,rIPN,14,43,-0.0055191426438104,0.0571116281882038,0.0,-1.857743430788896,0.4862632230548161,0.8114691102571682,1.0,16915,108418,1,Hind,True
Zebrafish,functional_unit,fcs_calibrated_skeleton_kmeans_nearest_r12,subject_14,44,rIO,14,44,-0.0240672615649152,,0.0,2.302585092994046,0.0,0.0,0.0,9,0,1,Hind,False
Zebrafish,functional_unit,fcs_calibrated_skeleton_kmeans_nearest_r12,subject_14,45,rHc,14,45,-0.0022418280879861,0.0255757185234361,0.0,-1.2662221218693728,0.5875915642722117,0.0788043478260869,1.0,368,1308,1,Di,True
Zebrafish,functional_unit,fcs_calibrated_skeleton_kmeans_nearest_r12,subject_14,46,rRa,14,46,-0.0157918239266694,0.0825028410785388,0.0,0.0174302855293802,0.5527578452549875,0.5624338544723154,1.0,199371,195926,1,Hind,True
Zebrafish,functional_unit,fcs_calibrated_skeleton_kmeans_nearest_r12,subject_14,47,rT,14,47,-0.0874929229016866,0.0244559850261694,0.1492811855620435,0.0230695414989426,0.6031079580144653,0.6523250660037386,1.0,1037820,1014152,3,Mes,True
Zebrafish,functional_unit,fcs_calibrated_skeleton_kmeans_nearest_r12,subject_14,48,raRF,14,48,-0.0522464372770853,0.0414215890859566,0.381089755836613,0.0155689069646329,0.6620151938024068,0.5652898246150319,0.9999694318138398,261710,257667,1,Hind,True
Zebrafish,functional_unit,fcs_calibrated_skeleton_kmeans_nearest_r12,subject_14,49,rimRF,14,49,-0.0382002057910718,0.0843900690818264,0.0,-0.3605553744833565,0.6530742682381374,0.6960684689915896,1.0,323767,464323,1,Hind,True
Zebrafish,functional_unit,fcs_calibrated_skeleton_kmeans_nearest_r12,subject_14,50,rpRF,14,50,0.0145202672725499,0.0767383878549545,0.0,-1.270836722739786,0.7140171592698152,0.8237561734242073,1.0,226981,808925,2,Hind,True
Zebrafish,functional_unit,fcs_calibrated_skeleton_kmeans_nearest_r12,subject_14,52,rHb,14,52,-0.0218912455339602,0.0081655264954029,0.5160344153304653,0.0983389422862425,0.508557048089039,0.3803285099726242,1.0,15342,13905,1,Di,True
Zebrafish,functional_unit,fcs_calibrated_skeleton_kmeans_nearest_r12,subject_14,53,rHi,14,53,-0.0028011259433291,0.013196408964545,0.0,-1.3493495371775726,0.6167863619295694,0.1963966888492128,1.0,6161,23753,1,Di,True
Zebrafish,functional_unit,fcs_calibrated_skeleton_kmeans_nearest_r12,subject_14,54,rHR,14,54,0.0321363015916979,0.0204352139871352,0.0,-1.3241840657147952,0.7302626040810611,0.7662465361580406,1.0,11187,42056,1,Di,True
Zebrafish,functional_unit,fcs_calibrated_skeleton_kmeans_nearest_r12,subject_14,56,rOB,14,56,,0.0084340467371443,,-6.665683717782408,,,,0,784,1,Tel,False
Zebrafish,functional_unit,fcs_calibrated_skeleton_kmeans_nearest_r12,subject_14,57,rOE,14,57,0.0017127837502338,,1.0,5.87493073085203,0.0,0.0,0.0,355,0,1,Tel,False
Zebrafish,functional_unit,fcs_calibrated_skeleton_kmeans_nearest_r12,subject_14,58,rP,14,58,-0.002340441599355,0.0052087276359199,0.394598035649327,-0.1349876533821199,0.5084357589785806,0.3828664969079665,1.0,54980,62926,2,Tel,True
Zebrafish,functional_unit,fcs_calibrated_skeleton_kmeans_nearest_r12,subject_14,60,rPT,14,60,0.0017383995227219,0.0142548787623535,0.0,-0.4114344831330783,0.7020254922848951,0.6054630849266223,1.0,75159,113414,1,Di,True
Zebrafish,functional_unit,fcs_calibrated_skeleton_kmeans_nearest_r12,subject_14,61,rPO,14,61,0.0070898086436542,0.0312116714718576,0.4888650068660815,0.371101946945905,0.5841167983243007,0.4544947957091965,1.0,150741,104007,1,Tel,True
Zebrafish,functional_unit,fcs_calibrated_skeleton_kmeans_nearest_r12,subject_14,62,rPrT,14,62,0.0044295565511822,0.0108773619786119,0.5045148119005592,-0.012069808131188,0.6346612788860262,0.6659209323097208,1.0,235115,237970,1,Di,True
Zebrafish,functional_unit,fcs_calibrated_skeleton_kmeans_nearest_r12,subject_14,64,rSP,14,64,0.0022736239975692,0.006793508130358,0.5439323820542487,1.5328149596970224,0.244454026295014,0.1983224064789818,1.0,31116,6718,1,Tel,True
Zebrafish,functional_unit,fcs_calibrated_skeleton_kmeans_nearest_r12,subject_14,65,rTeO,14,65,-0.0145783255798076,0.0160684904364012,0.3835076953440993,-0.21041009226026,0.6180017361894933,0.6848486186295756,0.9996805779720856,770141,950496,16,Mes,True
Zebrafish,functional_unit,fcs_calibrated_skeleton_kmeans_nearest_r12,subject_14,66,rTh,14,66,-0.0003700373631609,0.0308106978840496,0.4009450345609368,-0.0194207282292119,0.6622466545515548,0.5831351788733631,1.0,262001,267139,3,Di,True
Zebrafish,functional_unit,fcs_calibrated_skeleton_kmeans_nearest_r12,subject_14,67,rTL,14,67,-0.0098161819951757,0.0238911924153039,0.4471129279509453,1.3647301832040502,0.4895958619314292,0.1975813319707034,1.0,5871,1499,1,Mes,True
Zebrafish,functional_unit,fcs_calibrated_skeleton_kmeans_nearest_r12,subject_14,68,rTS,14,68,-0.0461611721001986,0.0183657333117627,0.5341673675357443,0.5590640637834963,0.6607529217221786,0.1784062237174095,1.0,9512,5438,1,Mes,True
Zebrafish,functional_unit,fcs_calibrated_skeleton_kmeans_nearest_r12,subject_14,70,rVR,14,70,0.0259384151628558,-0.0042913311687193,0.6830732292917167,1.2660481880466896,0.6954887597295822,0.0012004801920768,0.9615846338535414,1666,469,1,Hind,True
Zebrafish,functional_unit,fcs_calibrated_skeleton_kmeans_nearest_r12,subject_14,71,rNX,14,71,0.008770815200925,-0.0183628554256404,0.0,-0.6162085633905536,0.677608419791007,0.6920633225660054,1.0,74918,138741,1,Hind,True
Zebrafish,functional_unit,fcs_calibrated_skeleton_kmeans_nearest_r12,subject_15,0,MON,15,0,-0.0029047940855267,-0.0007185154189239,0.5960543399094335,1.3141987773315165,0.6266870742629006,0.2571519047468254,1.0,157895,42424,1,Hind,True
Zebrafish,functional_unit,fcs_calibrated_skeleton_kmeans_nearest_r12,subject_15,1,Cb,15,1,-0.0267650034242075,0.0637846212924407,0.3542384409516346,-0.194126007089154,0.6215632710829081,0.6525114222767666,1.0,135262,164242,3,Hind,True
Zebrafish,functional_unit,fcs_calibrated_skeleton_kmeans_nearest_r12,subject_15,2,MOS1,15,2,-0.000588090456978,0.0682479388281763,0.3546934528818642,-0.2164763431143469,0.5506051976004673,0.6772526278745965,0.9992426212953472,653570,811534,3,Hind,True
Zebrafish,functional_unit,fcs_calibrated_skeleton_kmeans_nearest_r12,subject_15,3,MOS2,15,3,-0.013492687166291,0.0537573228452576,0.0,-0.7680047820943037,0.5281206194767973,0.6278896842572554,0.99988901836746,90105,194219,1,Hind,True
Zebrafish,functional_unit,fcs_calibrated_skeleton_kmeans_nearest_r12,subject_15,4,MOS3,15,4,-0.0608525607375983,0.0317387417813879,0.3752042539526242,0.5687166726538347,0.5507602140902672,0.4957518216970629,0.9998885657295044,987129,558963,2,Hind,True
Zebrafish,functional_unit,fcs_calibrated_skeleton_kmeans_nearest_r12,subject_15,5,MOS4,15,5,-0.0466591852847767,0.020415847981607,0.43751676052561,0.7365968633126739,0.5797672509565079,0.4327379156610351,0.9998533454009118,477312,228508,2,Hind,True
Zebrafish,functional_unit,fcs_calibrated_skeleton_kmeans_nearest_r12,subject_15,6,MOS5,15,6,-0.0235834388453772,0.0009051835060634,0.47055856709296,0.3714268408182342,0.6099909924516729,0.5304106801396418,1.0,456024,314542,2,Hind,True
Zebrafish,functional_unit,fcs_calibrated_skeleton_kmeans_nearest_r12,subject_15,7,IPN,15,7,0.0096919196450795,0.0228728930256573,0.0,-2.2043992741202096,0.4281814132496535,0.1140939597315436,1.0,894,8112,1,Hind,True
Zebrafish,functional_unit,fcs_calibrated_skeleton_kmeans_nearest_r12,subject_15,8,IO,15,8,,,,0.0,,,,0,0,1,Hind,False
Zebrafish,functional_unit,fcs_calibrated_skeleton_kmeans_nearest_r12,subject_15,9,Hc,15,9,,,,0.0,,,,0,0,1,Di,False
Zebrafish,functional_unit,fcs_calibrated_skeleton_kmeans_nearest_r12,subject_15,10,Ra,15,10,0.031239420408659,0.0674298558026398,0.0,-1.181530740694316,0.5986391804418002,0.87313700486172,0.9999003745915358,50188,163583,1,Hind,True
Zebrafish,functional_unit,fcs_calibrated_skeleton_kmeans_nearest_r12,subject_15,11,T,15,11,-0.0826767913625497,0.0194139930712109,0.3506765474361218,0.5409805363915358,0.576693942072924,0.4391950155278496,1.0,154239,89794,1,Mes,True
Zebrafish,functional_unit,fcs_calibrated_skeleton_kmeans_nearest_r12,subject_15,12,aRF,15,12,-0.0341099682075658,0.0579416772199876,0.0,-1.184255658865666,0.6473192904212522,0.8518002703477655,1.0,48826,159578,1,Hind,True
Zebrafish,functional_unit,fcs_calibrated_skeleton_kmeans_nearest_r12,subject_15,13,imRF,15,13,-0.0592159473428181,0.0605962195753334,0.0,-0.2345114188415482,0.5091490648553516,0.6951467850256001,0.9995844138573045,240624,304219,1,Hind,True
Zebrafish,functional_unit,fcs_calibrated_skeleton_kmeans_nearest_r12,subject_15,14,pRF,15,14,-0.0538811149304427,0.0693680958907354,0.0,-0.7543934398663982,0.5807859878453105,0.7004231040451311,0.9996153599589718,155990,331686,1,Hind,True
Zebrafish,functional_unit,fcs_calibrated_skeleton_kmeans_nearest_r12,subject_15,16,Hb,15,16,0.0141071688151388,0.0054662832339219,0.859504132231405,-0.398865437158226,0.3484410007074671,0.4554637281910009,1.0,2178,3246,1,Di,True
Zebrafish,functional_unit,fcs_calibrated_skeleton_kmeans_nearest_r12,subject_15,17,Hi,15,17,-0.0045537524251192,0.0040936890071081,0.0,-1.4377517231931871,0.6072128746266084,0.709966182613885,1.0,5027,21173,1,Di,True
Zebrafish,functional_unit,fcs_calibrated_skeleton_kmeans_nearest_r12,subject_15,18,HR,15,18,-0.0477109463777663,0.0530817333411113,0.0,0.1338033312768389,0.6017964940204841,0.3480578827113481,1.0,2626,2297,1,Di,True
Zebrafish,functional_unit,fcs_calibrated_skeleton_kmeans_nearest_r12,subject_15,19,OG,15,19,,,,0.0,,,,0,0,1,Tel,False
Zebrafish,functional_unit,fcs_calibrated_skeleton_kmeans_nearest_r12,subject_15,20,OB,15,20,,,,0.0,,,,0,0,1,Tel,False
Zebrafish,functional_unit,fcs_calibrated_skeleton_kmeans_nearest_r12,subject_15,22,P,15,22,0.0001040413309539,0.0013799655352283,0.0,-0.0501303475283879,0.1504135726748398,0.6997540800357702,1.0,4473,4703,1,Tel,True
Zebrafish,functional_unit,fcs_calibrated_skeleton_kmeans_nearest_r12,subject_15,24,PT,15,24,-0.0157210072950179,0.0211400463161237,0.498430441773218,-0.2057886654483669,0.55907041995807,0.3934614501186739,1.0,65305,80227,1,Di,True
Zebrafish,functional_unit,fcs_calibrated_skeleton_kmeans_nearest_r12,subject_15,25,PO,15,25,-0.0001190739425458,0.0390427545048981,0.5473376769265333,0.9315489870115726,0.678769226534425,0.3407324196809705,1.0,66765,26301,1,Tel,True
Zebrafish,functional_unit,fcs_calibrated_skeleton_kmeans_nearest_r12,subject_15,26,PrT,15,26,0.005640291763999,0.0210094523149436,0.0,-0.9414258639404351,0.7131181053576212,0.8053850487797646,1.0,33723,86455,1,Di,True
Zebrafish,functional_unit,fcs_calibrated_skeleton_kmeans_nearest_r12,subject_15,28,SP,15,28,-0.0055780602993863,0.0092810744708321,0.5795125428864234,0.8290491787988044,0.3499821731993593,0.3142182417680346,1.0,22443,9795,1,Tel,True
Zebrafish,functional_unit,fcs_calibrated_skeleton_kmeans_nearest_r12,subject_15,29,TeO,15,29,-0.0306182255494799,0.0175490910414371,0.3039368282518096,-0.2613530071216783,0.6246078358263717,0.6568563281421365,1.0,569875,740089,10,Mes,True
Zebrafish,functional_unit,fcs_calibrated_skeleton_kmeans_nearest_r12,subject_15,30,Th,15,30,-0.0105712666857372,0.0192685084845145,0.367049481389514,-0.1084531452093773,0.6532506310467033,0.6414021882517266,1.0,154644,172359,2,Di,True
Zebrafish,functional_unit,fcs_calibrated_skeleton_kmeans_nearest_r12,subject_15,31,TL,15,31,-0.0027799181806782,0.0242217106029759,0.5095862764883956,0.6633535170811683,0.2373653497012976,0.0393541876892028,0.9959636730575177,991,510,1,Mes,True
Zebrafish,functional_unit,fcs_calibrated_skeleton_kmeans_nearest_r12,subject_15,32,TS,15,32,-0.016713777182985,-0.0106932956290763,0.52,0.3244316146605224,0.6126351716961499,0.1806451612903225,1.0,775,560,1,Mes,True
Zebrafish,functional_unit,fcs_calibrated_skeleton_kmeans_nearest_r12,subject_15,33,TG,15,33,,,,0.0,,,,0,0,1,Hind,False
Zebrafish,functional_unit,fcs_calibrated_skeleton_kmeans_nearest_r12,subject_15,34,VR,15,34,0.0263417849838918,0.0274023162261045,0.6898037172138266,3.3965531422120705,0.6114202347526928,0.0256730936251519,1.0,28785,963,1,Hind,True
Zebrafish,functional_unit,fcs_calibrated_skeleton_kmeans_nearest_r12,subject_15,35,NX,15,35,0.0187466230674112,0.0174997912432519,0.0,-1.5057613334619266,0.5134396774265422,0.7666064092029581,1.0,60850,274290,1,Hind,True
Zebrafish,functional_unit,fcs_calibrated_skeleton_kmeans_nearest_r12,subject_15,36,rMON,15,36,0.0217406209849607,0.0045529639066865,0.6630916719696617,1.411483765275023,0.3390507677523914,0.200432517448147,1.0,193287,47119,2,Hind,True
Zebrafish,functional_unit,fcs_calibrated_skeleton_kmeans_nearest_r12,subject_15,37,rCb,15,37,0.0282355925182764,0.0167315815810843,0.1930338261327209,-0.1637931637252272,0.5596319724991987,0.6381704224678245,1.0,104505,123104,3,Hind,True
Zebrafish,functional_unit,fcs_calibrated_skeleton_kmeans_nearest_r12,subject_15,38,rMOS1,15,38,-0.0233168709025229,0.043154847107548,0.3574118822306519,0.1059814103662864,0.6038737479950396,0.6917028595552294,0.9999877277574808,814847,732907,2,Hind,True
Zebrafish,functional_unit,fcs_calibrated_skeleton_kmeans_nearest_r12,subject_15,39,rMOS2,15,39,0.0175025638123603,0.0427918395869102,0.0,-0.3346479134566634,0.5656318386018565,0.6650010344892444,1.0,159499,222892,1,Hind,True
Zebrafish,functional_unit,fcs_calibrated_skeleton_kmeans_nearest_r12,subject_15,40,rMOS3,15,40,-0.0479967861610817,0.0208379716583552,0.3728840242188639,0.2605884715593577,0.6262789462793208,0.6862945536942794,1.0,952811,734234,2,Hind,True
Zebrafish,functional_unit,fcs_calibrated_skeleton_kmeans_nearest_r12,subject_15,41,rMOS4,15,41,-0.0136951384120165,0.0103072023292481,0.4859534035418015,0.4002206191085914,0.5873022915998427,0.5690651291404365,1.0,339940,227818,2,Hind,True
Zebrafish,functional_unit,fcs_calibrated_skeleton_kmeans_nearest_r12,subject_15,42,rMOS5,15,42,0.0029081024217761,-0.0208597245751873,0.3578652621225222,0.315654586823241,0.4936617472923326,0.4644646629702195,0.9990904307497864,378201,275826,3,Hind,True
Zebrafish,functional_unit,fcs_calibrated_skeleton_kmeans_nearest_r12,subject_15,43,rIPN,15,43,-0.0132595221018548,0.0273940225370638,0.0,-3.107818996400918,0.6897916929680596,0.2449438202247191,1.0,445,9977,1,Hind,True
Zebrafish,functional_unit,fcs_calibrated_skeleton_kmeans_nearest_r12,subject_15,44,rIO,15,44,,,,0.0,,,,0,0,1,Hind,False
Zebrafish,functional_unit,fcs_calibrated_skeleton_kmeans_nearest_r12,subject_15,45,rHc,15,45,0.0072039451208387,-0.0034348686558969,1.0,3.5484459900222345,0.0,0.0,1.0,1876,53,1,Di,True
Zebrafish,functional_unit,fcs_calibrated_skeleton_kmeans_nearest_r12,subject_15,46,rRa,15,46,0.0210727439981103,0.0613409657388146,0.0,-0.8656436214130283,0.6092976896956371,0.9186723362093878,0.9998967923048344,48446,115135,1,Hind,True
Zebrafish,functional_unit,fcs_calibrated_skeleton_kmeans_nearest_r12,subject_15,47,rT,15,47,-0.0732465636863513,0.0095189778948669,0.3740246207892347,0.1830661118971326,0.6622172603719046,0.5425802706202831,1.0,335895,279704,1,Mes,True
Zebrafish,functional_unit,fcs_calibrated_skeleton_kmeans_nearest_r12,subject_15,48,raRF,15,48,-0.0284185076667036,0.0468974844999589,0.0,-1.7967260883912033,0.6774724523536563,0.9761956715796156,1.0,50411,303977,1,Hind,True
Zebrafish,functional_unit,fcs_calibrated_skeleton_kmeans_nearest_r12,subject_15,49,rimRF,15,49,-0.0330973052684732,0.0438021552965055,0.0,-0.0257067691573977,0.6754227957938524,0.6785673077506998,0.99954454086683,329338,337914,1,Hind,True
Zebrafish,functional_unit,fcs_calibrated_skeleton_kmeans_nearest_r12,subject_15,50,rpRF,15,50,0.0086865046839868,0.0545597403456014,0.0,-0.8436007763143956,0.66908163439521,0.8642988279252068,0.9998923220217616,185739,431793,1,Hind,True
Zebrafish,functional_unit,fcs_calibrated_skeleton_kmeans_nearest_r12,subject_15,52,rHb,15,52,0.0277330446415351,0.0014230474916293,0.0,-0.2261241794523475,0.0,0.1515151515151515,1.0,66,83,1,Di,True
Zebrafish,functional_unit,fcs_calibrated_skeleton_kmeans_nearest_r12,subject_15,53,rHi,15,53,-0.0132544776375306,0.0185299825522829,0.0,-1.542112972219468,0.6566820341342197,0.8482499412731971,1.0,8514,39802,1,Di,True
Zebrafish,functional_unit,fcs_calibrated_skeleton_kmeans_nearest_r12,subject_15,54,rHR,15,54,0.0010195595564311,0.00326064133382,0.0,-1.499279900215569,0.6728135741489732,0.8406695598264105,1.0,3226,14451,1,Di,True
Zebrafish,functional_unit,fcs_calibrated_skeleton_kmeans_nearest_r12,subject_15,55,rOG,15,55,,0.021573481898742,,-7.710653323501202,,,,0,2231,1,Tel,False
Zebrafish,functional_unit,fcs_calibrated_skeleton_kmeans_nearest_r12,subject_15,56,rOB,15,56,,,,0.0,,,,0,0,1,Tel,False
Zebrafish,functional_unit,fcs_calibrated_skeleton_kmeans_nearest_r12,subject_15,58,rP,15,58,0.0072234125820633,0.0055486282618576,0.66868015705225,-0.2847837753765085,0.627074164444312,0.3050437934158864,1.0,9933,13206,1,Tel,True
Zebrafish,functional_unit,fcs_calibrated_skeleton_kmeans_nearest_r12,subject_15,60,rPT,15,60,-0.0170463594340497,0.0229514441217736,0.0,-0.3781539986493701,0.7233216705254571,0.6347491592573824,1.0,43414,63367,1,Di,True
Zebrafish,functional_unit,fcs_calibrated_skeleton_kmeans_nearest_r12,subject_15,61,rPO,15,61,-0.0105290197224737,0.024686442076571,0.5043754365910967,0.8017643650842864,0.6448621107410674,0.3489934590715692,0.9999872991680956,78735,35315,1,Tel,True
Zebrafish,functional_unit,fcs_calibrated_skeleton_kmeans_nearest_r12,subject_15,62,rPrT,15,62,0.0139539904880185,0.0294987153886494,0.6040392317278513,0.1850535959187737,0.5844522208230144,0.6283830706152075,1.0,105119,87360,1,Di,True
Zebrafish,functional_unit,fcs_calibrated_skeleton_kmeans_nearest_r12,subject_15,64,rSP,15,64,0.0120722832002789,0.0150436251539682,0.6844570854943952,1.7678451663299175,0.3391464665014275,0.096313646757013,1.0,17931,3060,1,Tel,True
Zebrafish,functional_unit,fcs_calibrated_skeleton_kmeans_nearest_r12,subject_15,65,rTeO,15,65,-0.0238470791550215,0.0296353961340661,0.3339039378876649,0.0775812813258733,0.5759413626476674,0.5586331991577017,1.0,558472,516783,10,Mes,True
Zebrafish,functional_unit,fcs_calibrated_skeleton_kmeans_nearest_r12,subject_15,66,rTh,15,66,0.0023999647390384,0.0153887437468435,0.5143617906473623,0.0769166644893314,0.6156049327534322,0.6161369057524824,1.0,180270,166924,2,Di,True
Zebrafish,functional_unit,fcs_calibrated_skeleton_kmeans_nearest_r12,subject_15,67,rTL,15,67,0.0064519858157763,0.0073053073388477,0.5821596244131455,0.4000112574257006,0.3327480095317165,0.0031298904538341,1.0,639,428,1,Mes,True
Zebrafish,functional_unit,fcs_calibrated_skeleton_kmeans_nearest_r12,subject_15,68,rTS,15,68,-0.0564886024874242,0.0121800488474109,0.0,-1.0579089955546055,0.5614295706027581,0.4938875305623472,1.0,818,2358,1,Mes,True
Zebrafish,functional_unit,fcs_calibrated_skeleton_kmeans_nearest_r12,subject_15,69,rTG,15,69,,,,0.0,,,,0,0,1,Hind,False
Zebrafish,functional_unit,fcs_calibrated_skeleton_kmeans_nearest_r12,subject_15,70,rVR,15,70,0.001738588721107,-0.0967541103881377,0.4775358962482631,0.1345901539727647,0.2166872153813512,0.2158406669754516,0.9870310328855952,2159,1887,1,Hind,True
Zebrafish,functional_unit,fcs_calibrated_skeleton_kmeans_nearest_r12,subject_15,71,rNX,15,71,0.018818750223565,-0.0164318179709695,0.563394182305832,0.5099771683807429,0.5703182080591351,0.3662088553713093,0.9937920486992684,132733,79707,1,Hind,True
Zebrafish,functional_unit,fcs_calibrated_skeleton_kmeans_nearest_r12,subject_16,0,MON,16,0,-0.0070018761745925,0.0197637549671845,0.4784430918660856,1.813119847927747,0.4824739419049491,0.1532465691407875,1.0,437354,71351,2,Hind,True
Zebrafish,functional_unit,fcs_calibrated_skeleton_kmeans_nearest_r12,subject_16,1,Cb,16,1,-0.0011498314789777,0.0282329391535668,0.4396839691633614,0.9173653943882024,0.5540075909423449,0.3515725961835295,1.0,469701,187678,4,Hind,True
Zebrafish,functional_unit,fcs_calibrated_skeleton_kmeans_nearest_r12,subject_16,2,MOS1,16,2,-0.013242303742291,0.0349870147342208,0.2312927509320312,-0.1845294349657001,0.560792338691358,0.7217403265046466,1.0,697938,839377,3,Hind,True
Zebrafish,functional_unit,fcs_calibrated_skeleton_kmeans_nearest_r12,subject_16,3,MOS2,16,3,-0.016862882352265,0.0141092661963244,0.0,-0.7432377365421984,0.4479302859894717,0.7459146903544792,1.0,143196,301104,1,Hind,True
Zebrafish,functional_unit,fcs_calibrated_skeleton_kmeans_nearest_r12,subject_16,4,MOS3,16,4,-0.0300213855516303,0.0189046619873309,0.2937529310038135,0.4097395803082213,0.5898168837485238,0.5837484696949663,1.0,1051261,697851,3,Hind,True
Zebrafish,functional_unit,fcs_calibrated_skeleton_kmeans_nearest_r12,subject_16,5,MOS4,16,5,-0.0142530942980454,0.007530736000888,0.2903816738373982,0.6321782204844488,0.4516035759790563,0.4261641927074455,1.0,439983,233821,2,Hind,True
Zebrafish,functional_unit,fcs_calibrated_skeleton_kmeans_nearest_r12,subject_16,6,MOS5,16,6,-0.0114166246137295,0.0031975892983461,0.3439662438476186,0.693269454915133,0.5663388397651826,0.4068558079520504,1.0,384404,192178,2,Hind,True
Zebrafish,functional_unit,fcs_calibrated_skeleton_kmeans_nearest_r12,subject_16,7,IPN,16,7,-0.0143010389115988,0.0007515271791139,0.0,-2.423437845900612,0.4691999473569541,0.5561627200971463,1.0,1647,18596,1,Hind,True
Zebrafish,functional_unit,fcs_calibrated_skeleton_kmeans_nearest_r12,subject_16,8,IO,16,8,,,,0.0,,,,0,0,1,Hind,False
Zebrafish,functional_unit,fcs_calibrated_skeleton_kmeans_nearest_r12,subject_16,9,Hc,16,9,0.0034510555966009,,0.5161290322580645,4.143134726391533,0.5952133194588971,0.0,0.0,62,0,1,Di,False
Zebrafish,functional_unit,fcs_calibrated_skeleton_kmeans_nearest_r12,subject_16,10,Ra,16,10,0.0107781670672733,0.0570550688528739,0.0,-0.9417159816500094,0.5376536119423503,0.6511663511858368,1.0,71848,184247,1,Hind,True
Zebrafish,functional_unit,fcs_calibrated_skeleton_kmeans_nearest_r12,subject_16,11,T,16,11,-0.0552127460286033,0.0208925917834418,0.2962193346579843,0.4852110740148564,0.6389391073458743,0.5279123467962464,0.9999508174145698,813296,500638,2,Mes,True
Zebrafish,functional_unit,fcs_calibrated_skeleton_kmeans_nearest_r12,subject_16,12,aRF,16,12,-0.0366390280498633,0.0256932022241739,0.0,-0.7242858575328706,0.6342808760981213,0.6284966758059602,1.0,55803,115137,1,Hind,True
Zebrafish,functional_unit,fcs_calibrated_skeleton_kmeans_nearest_r12,subject_16,13,imRF,16,13,-0.0316876740953156,0.0178095995861551,0.0,-0.8842463071941958,0.6439950048938479,0.7938783339053888,1.0,49529,119919,1,Hind,True
Zebrafish,functional_unit,fcs_calibrated_skeleton_kmeans_nearest_r12,subject_16,14,pRF,16,14,-0.0270574809167648,0.022594215372793,0.0,-1.1668873825865,0.5989141325399532,0.7802458630959045,1.0,44659,143446,1,Hind,True
Zebrafish,functional_unit,fcs_calibrated_skeleton_kmeans_nearest_r12,subject_16,16,Hb,16,16,0.0059600807963298,0.0037623256229679,0.0,-0.2451224580329849,0.1492530211499674,0.7681524289065629,1.0,17477,22332,1,Di,True
Zebrafish,functional_unit,fcs_calibrated_skeleton_kmeans_nearest_r12,subject_16,17,Hi,16,17,0.0068570749901588,0.0076908577220815,0.0,-0.3256079194245329,0.6612115876389453,0.5507311789131613,0.9996389239935006,11078,15342,1,Di,True
Zebrafish,functional_unit,fcs_calibrated_skeleton_kmeans_nearest_r12,subject_16,18,HR,16,18,-0.0070454445344889,0.0152678801281851,0.3342089900758903,0.2358442322603076,0.6576901200905544,0.2880910683012259,1.0,3426,2706,1,Di,True
Zebrafish,functional_unit,fcs_calibrated_skeleton_kmeans_nearest_r12,subject_16,19,OG,16,19,0.0235025621747921,,1.0,2.302585092994046,0.0,0.0,0.0,9,0,1,Tel,False
Zebrafish,functional_unit,fcs_calibrated_skeleton_kmeans_nearest_r12,subject_16,20,OB,16,20,,0.0869851428654288,,-3.713572066704308,,,,0,40,1,Tel,False
Zebrafish,functional_unit,fcs_calibrated_skeleton_kmeans_nearest_r12,subject_16,21,OE,16,21,,,,0.0,,,,0,0,1,Tel,False
Zebrafish,functional_unit,fcs_calibrated_skeleton_kmeans_nearest_r12,subject_16,22,P,16,22,-0.0014425068089946,0.0129869372313142,0.6201121532929313,0.7074309669453833,0.2116533069975315,0.3252948424573138,1.0,39767,19601,1,Tel,True
Zebrafish,functional_unit,fcs_calibrated_skeleton_kmeans_nearest_r12,subject_16,24,PT,16,24,-0.0018026989709613,0.0137833892252049,0.0,-0.4814387406210015,0.661336359037493,0.4955087541233189,1.0,78820,127563,1,Di,True
Zebrafish,functional_unit,fcs_calibrated_skeleton_kmeans_nearest_r12,subject_16,25,PO,16,25,0.0093259946858558,0.0337888352271078,0.4954801064215745,0.7176773042738344,0.2976660384134805,0.3983099528358931,1.0,66152,32274,1,Tel,True
Zebrafish,functional_unit,fcs_calibrated_skeleton_kmeans_nearest_r12,subject_16,26,PrT,16,26,-0.0099997766761823,0.0159050882752292,0.0,-0.909667114441027,0.6138970311773191,0.8672893452771102,1.0,54924,136405,1,Di,True
Zebrafish,functional_unit,fcs_calibrated_skeleton_kmeans_nearest_r12,subject_16,28,SP,16,28,-0.0048910498611672,0.0087608338956966,0.6438573497965097,1.144915549127124,0.077766910921988,0.2108712147340829,1.0,14497,4613,1,Tel,True
Zebrafish,functional_unit,fcs_calibrated_skeleton_kmeans_nearest_r12,subject_16,29,TeO,16,29,-0.0217586035775944,0.0210872666236585,0.1668660420213445,-0.1629168449699953,0.624693374370052,0.7237193465544889,1.0,1212955,1427574,15,Mes,True
Zebrafish,functional_unit,fcs_calibrated_skeleton_kmeans_nearest_r12,subject_16,30,Th,16,30,-0.0013399695203756,0.0285831939732181,0.0,-0.1908542975412012,0.5724949805416646,0.6167139051880219,1.0,210986,255353,2,Di,True
Zebrafish,functional_unit,fcs_calibrated_skeleton_kmeans_nearest_r12,subject_16,31,TL,16,31,0.0125159638919121,0.0001773782993984,0.901805869074492,-0.5620287224287575,0.5143236398656809,0.255079006772009,1.0,886,1555,1,Mes,True
Zebrafish,functional_unit,fcs_calibrated_skeleton_kmeans_nearest_r12,subject_16,32,TS,16,32,-0.0508479845983962,-0.0056993650734322,0.0,-0.1807320205845988,0.6186314312664507,0.4840401102265768,1.0,26128,31304,1,Mes,True
Zebrafish,functional_unit,fcs_calibrated_skeleton_kmeans_nearest_r12,subject_16,33,TG,16,33,0.0563949185625823,,0.946768060836502,7.364547014255642,0.0,0.0,0.0,1578,0,1,Hind,False
Zebrafish,functional_unit,fcs_calibrated_skeleton_kmeans_nearest_r12,subject_16,34,VR,16,34,0.1105737860936748,,0.9611650485436892,5.736572297479192,0.0,0.0,0.0,309,0,1,Hind,False
Zebrafish,functional_unit,fcs_calibrated_skeleton_kmeans_nearest_r12,subject_16,35,NX,16,35,-0.0274597784513471,-0.0144115683243601,0.0,-0.4273148044992655,0.4531444424072574,0.6394216217703547,1.0,72686,111438,1,Hind,True
Zebrafish,functional_unit,fcs_calibrated_skeleton_kmeans_nearest_r12,subject_16,36,rMON,16,36,0.0061029702797646,-0.0013436102725527,0.5063524549966325,0.8948782074216648,0.5181000063361131,0.3521476725101842,0.9999782039629554,458799,187491,2,Hind,True
Zebrafish,functional_unit,fcs_calibrated_skeleton_kmeans_nearest_r12,subject_16,37,rCb,16,37,0.0175037447806698,0.0216426107448396,0.49899251277918,0.3591167170083842,0.5202640898600946,0.555896981780389,1.0,377176,263379,4,Hind,True
Zebrafish,functional_unit,fcs_calibrated_skeleton_kmeans_nearest_r12,subject_16,38,rMOS1,16,38,-0.0102291722713177,0.0410060260373668,0.1504207626989682,-0.1707265388090735,0.5548202431926069,0.7183121810674539,1.0,788568,935373,3,Hind,True
Zebrafish,functional_unit,fcs_calibrated_skeleton_kmeans_nearest_r12,subject_16,39,rMOS2,16,39,-0.0174969556793183,0.0393246820721268,0.0,-1.4322314353956271,0.6290011216230023,0.8301210127775558,1.0,97593,408726,1,Hind,True
Zebrafish,functional_unit,fcs_calibrated_skeleton_kmeans_nearest_r12,subject_16,40,rMOS3,16,40,-0.0421751052915562,0.0145676284617156,0.3174221014133608,0.4797032770962424,0.5817209891919832,0.5234163845304939,1.0,1361931,842990,3,Hind,True
Zebrafish,functional_unit,fcs_calibrated_skeleton_kmeans_nearest_r12,subject_16,41,rMOS4,16,41,-0.0290216214113389,0.0458958628304015,0.2585236769260916,0.1919328725332837,0.534791740049583,0.5873346517827884,1.0,607279,501225,3,Hind,True
Zebrafish,functional_unit,fcs_calibrated_skeleton_kmeans_nearest_r12,subject_16,42,rMOS5,16,42,-0.0199952306229891,0.0380492772373358,0.2324992149548869,0.1871101402449688,0.3747665089589596,0.5182925046308127,1.0,786579,652351,4,Hind,True
Zebrafish,functional_unit,fcs_calibrated_skeleton_kmeans_nearest_r12,subject_16,43,rIPN,16,43,-0.0217277893214267,-0.0016801855939939,0.0,-2.948260153093764,0.3515814506539834,0.6298850574712643,1.0,1305,24908,1,Hind,True
Zebrafish,functional_unit,fcs_calibrated_skeleton_kmeans_nearest_r12,subject_16,44,rIO,16,44,,,,0.0,,,,0,0,1,Hind,False
Zebrafish,functional_unit,fcs_calibrated_skeleton_kmeans_nearest_r12,subject_16,46,rRa,16,46,0.0130000351375432,0.0546277498173281,0.0,-0.7807118955170727,0.4297886932678219,0.6829549580334451,1.0,46823,102217,1,Hind,True
Zebrafish,functional_unit,fcs_calibrated_skeleton_kmeans_nearest_r12,subject_16,47,rT,16,47,-0.0435454011922724,0.0354616956572499,0.0672786184410787,0.2084223878584805,0.6569282085101937,0.5893575859246583,1.0,591332,480081,2,Mes,True
Zebrafish,functional_unit,fcs_calibrated_skeleton_kmeans_nearest_r12,subject_16,48,raRF,16,48,-0.0199960902524888,0.0423170667996623,0.0,-0.9135919600252344,0.5517667284075001,0.6342434441876821,1.0,79624,198525,1,Hind,True
Zebrafish,functional_unit,fcs_calibrated_skeleton_kmeans_nearest_r12,subject_16,49,rimRF,16,49,-0.0187577506870602,0.0568151857651148,0.0,-0.6245038553749048,0.5994960043870032,0.7502128961314912,1.0,120951,225855,1,Hind,True
Zebrafish,functional_unit,fcs_calibrated_skeleton_kmeans_nearest_r12,subject_16,50,rpRF,16,50,-0.0234650723702675,0.0471522669476071,0.0,-1.547438719954499,0.5653125235072962,0.8367943890495968,1.0,61879,290799,1,Hind,True
Zebrafish,functional_unit,fcs_calibrated_skeleton_kmeans_nearest_r12,subject_16,52,rHb,16,52,-0.0022917196457211,-0.0032858422230664,0.4521896571234582,-0.5952765860653498,0.2962825822774507,0.6563313341631776,1.0,8837,16027,1,Di,True
Zebrafish,functional_unit,fcs_calibrated_skeleton_kmeans_nearest_r12,subject_16,53,rHi,16,53,0.009426779179297,-0.0009106472384773,0.0,-1.8197545520919527,0.3065688390978585,0.419917864476386,1.0,1948,12025,1,Di,True
Zebrafish,functional_unit,fcs_calibrated_skeleton_kmeans_nearest_r12,subject_16,54,rHR,16,54,-0.0121054619746645,0.0008038810476974,0.0,-0.8934577751899733,0.5275651927437641,0.3115079365079365,1.0,504,1233,1,Di,True
Zebrafish,functional_unit,fcs_calibrated_skeleton_kmeans_nearest_r12,subject_16,55,rOG,16,55,,,,0.0,,,,0,0,1,Tel,False
Zebrafish,functional_unit,fcs_calibrated_skeleton_kmeans_nearest_r12,subject_16,56,rOB,16,56,,,,0.0,,,,0,0,1,Tel,False
Zebrafish,functional_unit,fcs_calibrated_skeleton_kmeans_nearest_r12,subject_16,57,rOE,16,57,,,,0.0,,,,0,0,1,Tel,False
Zebrafish,functional_unit,fcs_calibrated_skeleton_kmeans_nearest_r12,subject_16,58,rP,16,58,0.0007661665919577,0.0038208764678141,0.636543131425459,0.8852660298091085,0.1902695858656893,0.2752422667544198,1.0,44063,18180,1,Tel,True
Zebrafish,functional_unit,fcs_calibrated_skeleton_kmeans_nearest_r12,subject_16,60,rPT,16,60,-0.0114417491141269,0.0052465423557628,0.0,-0.9518455066327988,0.6077775916409487,0.5925650131744759,1.0,34916,90451,1,Di,True
Zebrafish,functional_unit,fcs_calibrated_skeleton_kmeans_nearest_r12,subject_16,61,rPO,16,61,0.0048920638263845,0.0047628156339299,0.4830353572856571,2.150660425747003,0.2512888894985055,0.1006168960987033,1.0,35014,4075,1,Tel,True
Zebrafish,functional_unit,fcs_calibrated_skeleton_kmeans_nearest_r12,subject_16,62,rPrT,16,62,-0.0170499053382341,0.0222410992474654,0.0,-0.1396553111613789,0.6053794337665472,0.6233928869594256,0.9999478210051762,95824,110186,1,Di,True
Zebrafish,functional_unit,fcs_calibrated_skeleton_kmeans_nearest_r12,subject_16,64,rSP,16,64,-0.0031474780523914,0.0123506546768935,0.6169779914925098,0.2638076132867424,0.1552718053223311,0.4213057148141298,1.0,5407,4153,1,Tel,True
Zebrafish,functional_unit,fcs_calibrated_skeleton_kmeans_nearest_r12,subject_16,65,rTeO,16,65,-0.0257177542018318,0.0292905290416606,0.0410253118662709,-0.42851740417898,0.6333776307444451,0.7523345517122937,0.9999496919935676,1152898,1769676,15,Mes,True
Zebrafish,functional_unit,fcs_calibrated_skeleton_kmeans_nearest_r12,subject_16,66,rTh,16,66,-0.0076228583349272,0.02100150441572,0.3610771436866043,0.1265523202147307,0.5058530730991261,0.5337919668751632,1.0,341013,300476,2,Di,True
Zebrafish,functional_unit,fcs_calibrated_skeleton_kmeans_nearest_r12,subject_16,67,rTL,16,67,-0.0197505522887533,0.0061410175916244,0.0,-0.9052249465970666,0.3399820717845744,0.2526946107784431,1.0,835,2066,1,Mes,True
Zebrafish,functional_unit,fcs_calibrated_skeleton_kmeans_nearest_r12,subject_16,68,rTS,16,68,0.0373989307875023,0.0069168696885213,0.0,-0.7870246953627743,0.0,0.0793650793650793,1.0,126,278,1,Mes,True
Zebrafish,functional_unit,fcs_calibrated_skeleton_kmeans_nearest_r12,subject_16,69,rTG,16,69,,,,0.0,,,,0,0,1,Hind,False
Zebrafish,functional_unit,fcs_calibrated_skeleton_kmeans_nearest_r12,subject_16,70,rVR,16,70,-0.0034616663662436,0.007558913997517,0.0,-0.2187999767979049,0.5038832478384883,0.4604793472718001,1.0,11766,14644,1,Hind,True
Zebrafish,functional_unit,fcs_calibrated_skeleton_kmeans_nearest_r12,subject_16,71,rNX,16,71,-0.0224418667351664,0.034797457329344,0.0,-1.8853387777381143,0.5513186003532242,0.98342689120556,1.0,59856,394372,1,Hind,True
Zebrafish,functional_unit,fcs_calibrated_skeleton_kmeans_nearest_r12,subject_17,0,MON,17,0,-0.0009510934788156,-0.019195784086087,0.4375058845683081,1.554077858958908,0.5805181179392439,0.1834337632991243,1.0,169936,35921,1,Hind,True
Zebrafish,functional_unit,fcs_calibrated_skeleton_kmeans_nearest_r12,subject_17,1,Cb,17,1,0.0036582457699673,0.0268326960935599,0.3704074908554269,0.3104437354158834,0.5469089989666881,0.5060944090849903,1.0,253429,185794,4,Hind,True
Zebrafish,functional_unit,fcs_calibrated_skeleton_kmeans_nearest_r12,subject_17,2,MOS1,17,2,-0.0418069753237609,0.0222753211691208,0.36889288034925,0.2492574437447556,0.5970199629492444,0.620258528040558,0.999956763754685,809506,630912,2,Hind,True
Zebrafish,functional_unit,fcs_calibrated_skeleton_kmeans_nearest_r12,subject_17,3,MOS2,17,3,-0.021422546328807,-0.0115043896270368,0.4220511410503162,1.1242329191383924,0.5741285188623052,0.3080618786449213,0.9990014905286312,69103,22451,1,Hind,True
Zebrafish,functional_unit,fcs_calibrated_skeleton_kmeans_nearest_r12,subject_17,4,MOS3,17,4,-0.0269899810776141,0.0125327743488997,0.3597040456823008,0.1237815654982587,0.563825696568947,0.5967622421349259,1.0,726058,641525,2,Hind,True
Zebrafish,functional_unit,fcs_calibrated_skeleton_kmeans_nearest_r12,subject_17,5,MOS4,17,5,-0.0137720618863219,0.0032094413945583,0.35118681340852,0.9002074513887428,0.5918722515986454,0.3726029193693194,0.9999646931837668,198262,80590,1,Hind,True
Zebrafish,functional_unit,fcs_calibrated_skeleton_kmeans_nearest_r12,subject_17,6,MOS5,17,6,-5.568270522195257e-05,-0.0041856297443294,0.4300288210805618,1.6023342338696684,0.6243522455560939,0.1911340866462326,1.0,131154,26417,2,Hind,True
Zebrafish,functional_unit,fcs_calibrated_skeleton_kmeans_nearest_r12,subject_17,7,IPN,17,7,0.00457509942064,0.0829606437535958,0.0,-0.4600795250145287,0.6069110634556982,0.2047445255474452,1.0,5480,8682,1,Hind,True
Zebrafish,functional_unit,fcs_calibrated_skeleton_kmeans_nearest_r12,subject_17,8,IO,17,8,,,,0.0,,,,0,0,1,Hind,False
Zebrafish,functional_unit,fcs_calibrated_skeleton_kmeans_nearest_r12,subject_17,9,Hc,17,9,,-0.0878226631367917,,-4.844187086458591,,,,0,126,1,Di,False
Zebrafish,functional_unit,fcs_calibrated_skeleton_kmeans_nearest_r12,subject_17,10,Ra,17,10,0.0067057637866433,0.0867104304751698,0.0,-1.2517810329913777,0.5700891749718511,0.8007743793750663,1.0,84713,296207,1,Hind,True
Zebrafish,functional_unit,fcs_calibrated_skeleton_kmeans_nearest_r12,subject_17,11,T,17,11,-0.0360853474940146,0.0205169559451522,0.0,-0.3603646896457854,0.5705500037459299,0.8164733035217507,0.999989696457642,582324,834967,2,Mes,True
Zebrafish,functional_unit,fcs_calibrated_skeleton_kmeans_nearest_r12,subject_17,12,aRF,17,12,-0.013281463165598,0.0662159946507411,0.0,-1.4649290531756665,0.5597829863755682,0.6666666666666666,1.0,4482,19398,1,Hind,True
Zebrafish,functional_unit,fcs_calibrated_skeleton_kmeans_nearest_r12,subject_17,13,imRF,17,13,-0.0604552260791203,0.046593397667039,0.0,-1.1782618913591585,0.482441125216657,0.53551472438963,1.0,39730,129074,1,Hind,True
Zebrafish,functional_unit,fcs_calibrated_skeleton_kmeans_nearest_r12,subject_17,14,pRF,17,14,-0.0190588556406075,0.0246517356073884,0.0,-1.432608012937932,0.549855972082865,0.8897409926204601,1.0,13822,57912,1,Hind,True
Zebrafish,functional_unit,fcs_calibrated_skeleton_kmeans_nearest_r12,subject_17,16,Hb,17,16,0.0016349111736017,0.003931723908138,0.0,1.087051466267034,0.4982698961937716,0.0,1.0,85,28,1,Di,True
Zebrafish,functional_unit,fcs_calibrated_skeleton_kmeans_nearest_r12,subject_17,17,Hi,17,17,-0.0273984431063955,0.0061914034472311,0.0,-1.3094485307380528,0.6272070736233584,0.8034355294629267,1.0,4599,17038,1,Di,True
Zebrafish,functional_unit,fcs_calibrated_skeleton_kmeans_nearest_r12,subject_17,18,HR,17,18,-0.0499487981542937,-0.0107773259579749,0.0,-0.5739505663145957,0.6369217317615814,0.5196245733788396,1.0,2344,4162,1,Di,True
Zebrafish,functional_unit,fcs_calibrated_skeleton_kmeans_nearest_r12,subject_17,19,OG,17,19,,-0.0284057290565578,,-4.499809670330265,,,,0,89,1,Tel,False
Zebrafish,functional_unit,fcs_calibrated_skeleton_kmeans_nearest_r12,subject_17,20,OB,17,20,0.0122753546500282,0.0122753546500282,0.0,-1.5339303599259553,0.0,1.0,0.0,10,50,1,Tel,True
Zebrafish,functional_unit,fcs_calibrated_skeleton_kmeans_nearest_r12,subject_17,21,OE,17,21,0.0109573258644588,,0.9090909090909092,2.4849066497880004,0.0,0.0,0.0,11,0,1,Tel,False
Zebrafish,functional_unit,fcs_calibrated_skeleton_kmeans_nearest_r12,subject_17,22,P,17,22,0.008741992919335,0.0118675023828429,0.0,-0.4217286341985067,0.1798187190790331,0.6392732354996506,1.0,7155,10909,1,Tel,True
Zebrafish,functional_unit,fcs_calibrated_skeleton_kmeans_nearest_r12,subject_17,24,PT,17,24,-0.0346196942697359,0.0443003379004434,0.0,-0.1191318234593333,0.6380599957906952,0.7052786997266692,1.0,163904,184641,1,Di,True
Zebrafish,functional_unit,fcs_calibrated_skeleton_kmeans_nearest_r12,subject_17,25,PO,17,25,-0.0088386585694876,0.0691959179675377,0.4695657619294698,0.5272229823363743,0.4512559901963959,0.4061208423538673,1.0,111782,65978,1,Tel,True
Zebrafish,functional_unit,fcs_calibrated_skeleton_kmeans_nearest_r12,subject_17,26,PrT,17,26,-0.013758642959696,0.0139181517541106,0.0,-0.0951117464098776,0.5227241347236231,0.7806870885828011,1.0,142951,157215,1,Di,True
Zebrafish,functional_unit,fcs_calibrated_skeleton_kmeans_nearest_r12,subject_17,28,SP,17,28,-0.0242353053589572,-0.0038466007593472,0.5572300730051659,0.985772395653563,0.3870517336247339,0.3083080732613243,0.9989326730137044,46846,17480,1,Tel,True
Zebrafish,functional_unit,fcs_calibrated_skeleton_kmeans_nearest_r12,subject_17,29,TeO,17,29,-0.030000219178503,0.0025976495210081,0.3436335262680606,0.3888506761455251,0.4820503414338828,0.5348347199120849,1.0,1343114,910410,19,Mes,True
Zebrafish,functional_unit,fcs_calibrated_skeleton_kmeans_nearest_r12,subject_17,30,Th,17,30,0.0008241935895795,0.0216401867339881,0.5873515203845885,0.0781220090260899,0.6431296265842132,0.6102494690905697,1.0,214255,198154,1,Di,True
Zebrafish,functional_unit,fcs_calibrated_skeleton_kmeans_nearest_r12,subject_17,31,TL,17,31,0.0262940776754203,0.0068793100339894,0.0,-1.3253654510096868,0.2709282206066059,0.0515320334261838,1.0,718,2705,1,Mes,True
Zebrafish,functional_unit,fcs_calibrated_skeleton_kmeans_nearest_r12,subject_17,32,TS,17,32,-0.0557151092817094,0.0049893220799904,0.2884864165588616,2.2695452389158457,0.529614462226938,0.1021992238033635,1.0,773,79,1,Mes,True
Zebrafish,functional_unit,fcs_calibrated_skeleton_kmeans_nearest_r12,subject_17,33,TG,17,33,,,,0.0,,,,0,0,1,Hind,False
Zebrafish,functional_unit,fcs_calibrated_skeleton_kmeans_nearest_r12,subject_17,34,VR,17,34,,-0.1693009024250661,,-4.8283137373023015,,,,0,124,1,Hind,False
Zebrafish,functional_unit,fcs_calibrated_skeleton_kmeans_nearest_r12,subject_17,35,NX,17,35,0.006170120814484,0.0218228541910809,0.4851914278834577,1.4275846300575064,0.4240869905605983,0.1575567862589293,1.0,12459,2988,1,Hind,True
Zebrafish,functional_unit,fcs_calibrated_skeleton_kmeans_nearest_r12,subject_17,36,rMON,17,36,-0.0061125765872177,0.0177625266031663,0.5294704783354235,1.1639393685762465,0.5967819938534913,0.2099403680290738,1.0,39073,12200,2,Hind,True
Zebrafish,functional_unit,fcs_calibrated_skeleton_kmeans_nearest_r12,subject_17,37,rCb,17,37,0.0139510657033276,0.0119586535872354,0.2961061862548851,-0.2537326134412022,0.568026761947515,0.7201458392908207,1.0,209820,270422,5,Hind,True
Zebrafish,functional_unit,fcs_calibrated_skeleton_kmeans_nearest_r12,subject_17,38,rMOS1,17,38,-0.0225593716754629,0.0454702053627188,0.1777095570757491,-0.0925371041189036,0.5971052250896506,0.7555509896030576,0.9999006233868089,744642,816838,3,Hind,True
Zebrafish,functional_unit,fcs_calibrated_skeleton_kmeans_nearest_r12,subject_17,39,rMOS2,17,39,0.0022707041031298,0.0344063690226555,0.0,-1.132165958486831,0.5567121818529942,0.8787772274591256,0.9990094264259466,93885,291268,1,Hind,True
Zebrafish,functional_unit,fcs_calibrated_skeleton_kmeans_nearest_r12,subject_17,40,rMOS3,17,40,-0.0464655799906173,0.0315130425704954,0.3064955752700174,0.6262249972536101,0.4941037165362087,0.467522123649913,1.0,725694,387960,3,Hind,True
Zebrafish,functional_unit,fcs_calibrated_skeleton_kmeans_nearest_r12,subject_17,41,rMOS4,17,41,-0.0290994198384056,0.0269677961995236,0.3282826097408529,0.4191697882936606,0.4474243707767399,0.5356195009375451,0.9999230732246742,415980,273545,2,Hind,True
Zebrafish,functional_unit,fcs_calibrated_skeleton_kmeans_nearest_r12,subject_17,42,rMOS5,17,42,-0.0270252488438664,0.0344941624271137,0.3504990814451929,0.686041460770942,0.6054030368044813,0.4037109614206981,0.9999969381506428,326600,164464,3,Hind,True
Zebrafish,functional_unit,fcs_calibrated_skeleton_kmeans_nearest_r12,subject_17,43,rIPN,17,43,-0.012966511674293,0.1379896097382542,0.0,-3.391627930646005,0.4663835561202122,0.6243291592128801,1.0,559,16639,1,Hind,True
Zebrafish,functional_unit,fcs_calibrated_skeleton_kmeans_nearest_r12,subject_17,44,rIO,17,44,,,,0.0,,,,0,0,1,Hind,False
Zebrafish,functional_unit,fcs_calibrated_skeleton_kmeans_nearest_r12,subject_17,46,rRa,17,46,0.0036824776262242,0.0925575502805518,0.0,-1.3192663835762506,0.5964152249048513,0.6176773308173943,1.0,69954,261678,1,Hind,True
Zebrafish,functional_unit,fcs_calibrated_skeleton_kmeans_nearest_r12,subject_17,47,rT,17,47,-0.0260964354421773,0.045814668219144,0.1852836577840699,-0.1004204812222366,0.5835372090115356,0.645398329900846,1.0,382133,422500,2,Mes,True
Zebrafish,functional_unit,fcs_calibrated_skeleton_kmeans_nearest_r12,subject_17,48,raRF,17,48,-0.009925023890624,0.0670855194132717,0.0,-0.4003403752245207,0.6626890402898611,0.6919949772406215,1.0,63710,95077,1,Hind,True
Zebrafish,functional_unit,fcs_calibrated_skeleton_kmeans_nearest_r12,subject_17,49,rimRF,17,49,-0.0485670212790543,0.0496223483902006,0.0,-0.2810252329207304,0.588576683174652,0.6842187370951904,1.0,108971,144331,1,Hind,True
Zebrafish,functional_unit,fcs_calibrated_skeleton_kmeans_nearest_r12,subject_17,50,rpRF,17,50,-0.0117886811977999,0.0327937771535485,0.0,-1.7829353253638518,0.5823179683081512,0.90376460642751,1.0,73341,436185,1,Hind,True
Zebrafish,functional_unit,fcs_calibrated_skeleton_kmeans_nearest_r12,subject_17,52,rHb,17,52,0.0554878562030254,0.0224359456003407,0.0,-0.4135084187018982,0.3435852156690123,0.3772717777313557,0.9993733026947984,4787,7239,1,Di,True
Zebrafish,functional_unit,fcs_calibrated_skeleton_kmeans_nearest_r12,subject_17,53,rHi,17,53,-0.0090566154644668,0.0420303053255962,0.0,-1.0986122886681098,0.6405683279987806,0.6395061728395062,1.0,4050,12152,1,Di,True
Zebrafish,functional_unit,fcs_calibrated_skeleton_kmeans_nearest_r12,subject_17,54,rHR,17,54,-0.0204823924780128,0.0015965304253853,0.5152783591460862,0.0473473887725285,0.5823113856746449,0.4878610297195479,1.0,4778,4557,1,Di,True
Zebrafish,functional_unit,fcs_calibrated_skeleton_kmeans_nearest_r12,subject_17,55,rOG,17,55,,,,0.0,,,,0,0,1,Tel,False
Zebrafish,functional_unit,fcs_calibrated_skeleton_kmeans_nearest_r12,subject_17,56,rOB,17,56,,,,0.0,,,,0,0,1,Tel,False
Zebrafish,functional_unit,fcs_calibrated_skeleton_kmeans_nearest_r12,subject_17,57,rOE,17,57,0.0030960411795088,,1.0,5.568344503761097,0.0,0.0,0.0,261,0,1,Tel,False
Zebrafish,functional_unit,fcs_calibrated_skeleton_kmeans_nearest_r12,subject_17,58,rP,17,58,0.0045783710841083,0.0115498332671613,0.6244843234323433,-0.2228031644044729,0.4881758261356101,0.3652537128712871,0.9800433168316832,19392,24232,2,Tel,True
Zebrafish,functional_unit,fcs_calibrated_skeleton_kmeans_nearest_r12,subject_17,60,rPT,17,60,0.0043880142010209,0.001547583600107,0.0,-0.7614422781423389,0.4833585378114768,0.7259788478847885,1.0,17776,38066,1,Di,True
Zebrafish,functional_unit,fcs_calibrated_skeleton_kmeans_nearest_r12,subject_17,61,rPO,17,61,0.0057837347591247,0.0392051453062197,0.4833439749884409,0.7377080331847269,0.4618951436346787,0.320449591580616,1.0,90838,43439,1,Tel,True
Zebrafish,functional_unit,fcs_calibrated_skeleton_kmeans_nearest_r12,subject_17,62,rPrT,17,62,-0.0031566109837608,0.0147554504991084,0.3791186059211942,0.2562961305102769,0.6004854104620885,0.4987836563125755,1.0,60427,46765,1,Di,True
Zebrafish,functional_unit,fcs_calibrated_skeleton_kmeans_nearest_r12,subject_17,64,rSP,17,64,0.0060293971115509,0.0083129004167554,0.7613304437953453,1.339675847999816,0.4386285985227303,0.2438047677376802,1.0,21226,5559,1,Tel,True
Zebrafish,functional_unit,fcs_calibrated_skeleton_kmeans_nearest_r12,subject_17,65,rTeO,17,65,-0.0141003234743442,0.0178923697094347,0.1118253265229235,-0.220677212417661,0.5421018010215702,0.668088476071483,0.9999606081694616,990053,1234518,19,Mes,True
Zebrafish,functional_unit,fcs_calibrated_skeleton_kmeans_nearest_r12,subject_17,66,rTh,17,66,-0.0087554544441642,0.0116700950805851,0.4993024015198741,-0.0367767778201925,0.6185211201780131,0.4807195654109894,1.0,33687,34949,2,Di,True
Zebrafish,functional_unit,fcs_calibrated_skeleton_kmeans_nearest_r12,subject_17,67,rTL,17,67,-0.000569704719675,0.0262185820075057,0.0,-2.9713297974413893,0.4998347107438016,0.7636363636363637,1.0,55,1092,1,Mes,True
Zebrafish,functional_unit,fcs_calibrated_skeleton_kmeans_nearest_r12,subject_17,68,rTS,17,68,-0.0564919012673833,-0.0010231611452579,0.0,-1.3393839492278434,0.6592782356872354,0.6074626865671642,1.0,670,2560,1,Mes,True
Zebrafish,functional_unit,fcs_calibrated_skeleton_kmeans_nearest_r12,subject_17,69,rTG,17,69,,,,0.0,,,,0,0,1,Hind,False
Zebrafish,functional_unit,fcs_calibrated_skeleton_kmeans_nearest_r12,subject_17,70,rVR,17,70,0.0001989873230296,0.0334438739666799,0.0,-0.3486640030225085,0.5105200701885265,0.3196920583468395,1.0,2468,3498,1,Hind,True
Zebrafish,functional_unit,fcs_calibrated_skeleton_kmeans_nearest_r12,subject_17,71,rNX,17,71,-0.0014622820541583,0.0269163329323328,0.0,-0.626331682012619,0.5614648681687081,0.7063590046775288,0.9995131196856144,57509,107585,1,Hind,True
Zebrafish,functional_unit,fcs_calibrated_skeleton_kmeans_nearest_r12,subject_18,0,MON,18,0,0.0162177717974584,0.0197609137439005,0.7606826941740843,1.4783461675311491,0.6839554490462569,0.1870615312092726,1.0,72126,16445,1,Hind,True
Zebrafish,functional_unit,fcs_calibrated_skeleton_kmeans_nearest_r12,subject_18,1,Cb,18,1,-0.0004881567729656,0.0573539611111324,0.575938566552901,0.3045689985316688,0.6575206800218983,0.5367011616620221,1.0,255496,188413,4,Hind,True
Zebrafish,functional_unit,fcs_calibrated_skeleton_kmeans_nearest_r12,subject_18,2,MOS1,18,2,-0.0005525005213248,0.0599338449330528,0.401910210125816,-0.2826965457901771,0.5949564695210432,0.7883501232219292,1.0,740128,981930,2,Hind,True
Zebrafish,functional_unit,fcs_calibrated_skeleton_kmeans_nearest_r12,subject_18,3,MOS2,18,3,0.0252527510353446,0.069848073491881,0.0,-0.1788327028642992,0.73371973945963,0.6398050570082365,1.0,55606,66495,1,Hind,True
Zebrafish,functional_unit,fcs_calibrated_skeleton_kmeans_nearest_r12,subject_18,4,MOS3,18,4,-0.0327192423380172,0.0519276402286765,0.5206045888148697,0.4666335466765281,0.5220777425821037,0.5412862849037515,1.0,590087,370049,2,Hind,True
Zebrafish,functional_unit,fcs_calibrated_skeleton_kmeans_nearest_r12,subject_18,5,MOS4,18,5,-0.0310071918330832,0.0296163551811842,0.5755151400929766,0.43164176838459,0.6002383886479964,0.5222201281568036,1.0,318360,206756,1,Hind,True
Zebrafish,functional_unit,fcs_calibrated_skeleton_kmeans_nearest_r12,subject_18,6,MOS5,18,6,-0.0123669687777687,-0.0231428373768827,0.5692446389631605,0.7783742540785042,0.7011208429819907,0.3869154485702618,1.0,259558,119176,2,Hind,True
Zebrafish,functional_unit,fcs_calibrated_skeleton_kmeans_nearest_r12,subject_18,7,IPN,18,7,0.0119031755838629,0.0048837859642618,0.0,-3.0212655755591555,0.6216613852421911,0.1223404255319148,1.0,376,7734,1,Hind,True
Zebrafish,functional_unit,fcs_calibrated_skeleton_kmeans_nearest_r12,subject_18,8,IO,18,8,,0.1612386937235993,,-5.099866427824199,,,,0,163,1,Hind,False
Zebrafish,functional_unit,fcs_calibrated_skeleton_kmeans_nearest_r12,subject_18,9,Hc,18,9,0.0101153908916643,0.0075155175038781,0.8656716417910447,1.288164895546284,0.6428553748669588,0.0,0.9253731343283582,804,221,1,Di,True
Zebrafish,functional_unit,fcs_calibrated_skeleton_kmeans_nearest_r12,subject_18,10,Ra,18,10,-0.0017380972168663,0.0565825824699278,0.0,-1.025051900542276,0.6538665752766479,0.9703122212310435,1.0,84075,234339,1,Hind,True
Zebrafish,functional_unit,fcs_calibrated_skeleton_kmeans_nearest_r12,subject_18,11,T,18,11,-0.1053225854113321,0.015405944371336,0.440333116301591,0.4732460145358593,0.685104463000136,0.5079341947221327,1.0,425437,265037,2,Mes,True
Zebrafish,functional_unit,fcs_calibrated_skeleton_kmeans_nearest_r12,subject_18,12,aRF,18,12,-0.0246796644366507,0.0421194812767601,0.0,-0.5948049861597092,0.6778987862144521,0.6933760960091043,1.0,154652,280335,1,Hind,True
Zebrafish,functional_unit,fcs_calibrated_skeleton_kmeans_nearest_r12,subject_18,13,imRF,18,13,-0.0278330063365775,0.0458314791652857,0.4792117470337945,0.03527283881383,0.5730849540356051,0.6060157888816099,1.0,302238,291763,1,Hind,True
Zebrafish,functional_unit,fcs_calibrated_skeleton_kmeans_nearest_r12,subject_18,14,pRF,18,14,-0.002852841195574,0.0811852514626898,0.0,-1.0244201045591312,0.7088352829673937,0.9269834925758068,1.0,265214,738750,1,Hind,True
Zebrafish,functional_unit,fcs_calibrated_skeleton_kmeans_nearest_r12,subject_18,16,Hb,18,16,0.0039311840532263,0.0029332145000918,0.0,-0.1175640964856609,0.3256617776586445,0.8255638467343003,1.0,23854,26830,1,Di,True
Zebrafish,functional_unit,fcs_calibrated_skeleton_kmeans_nearest_r12,subject_18,17,Hi,18,17,0.0108836142016707,0.0096278134698039,0.0,-0.7781923469536802,0.7085007572558183,0.6804277828886844,1.0,8696,18937,1,Di,True
Zebrafish,functional_unit,fcs_calibrated_skeleton_kmeans_nearest_r12,subject_18,18,HR,18,18,0.0297461848509002,-0.0039864241770008,0.7483530961791831,-0.5819215454497209,0.545579527878892,0.4479578392621871,1.0,759,1359,1,Di,True
Zebrafish,functional_unit,fcs_calibrated_skeleton_kmeans_nearest_r12,subject_18,19,OG,18,19,-0.0014953160694181,9.805913900485077e-05,0.3571428571428571,-0.2436220826577504,0.0,0.0,0.6428571428571429,28,36,1,Tel,True
Zebrafish,functional_unit,fcs_calibrated_skeleton_kmeans_nearest_r12,subject_18,20,OB,18,20,,,,0.0,,,,0,0,1,Tel,False
Zebrafish,functional_unit,fcs_calibrated_skeleton_kmeans_nearest_r12,subject_18,21,OE,18,21,,,,0.0,,,,0,0,1,Tel,False
Zebrafish,functional_unit,fcs_calibrated_skeleton_kmeans_nearest_r12,subject_18,22,P,18,22,0.0079682460681822,0.0171641300101494,0.6835700961400488,0.6860553578717151,0.4128735351590148,0.3746305065289138,1.0,34845,17546,1,Tel,True
Zebrafish,functional_unit,fcs_calibrated_skeleton_kmeans_nearest_r12,subject_18,24,PT,18,24,0.0079787043778255,0.0143307404666336,0.0,-1.230291316872079,0.6219903690157526,0.6530971810089021,1.0,21568,73813,1,Di,True
Zebrafish,functional_unit,fcs_calibrated_skeleton_kmeans_nearest_r12,subject_18,25,PO,18,25,0.0241529342077996,0.0178024315513823,0.627645138812484,1.1989003650248522,0.6417120422026685,0.250412586643195,1.0,27267,8221,1,Tel,True
Zebrafish,functional_unit,fcs_calibrated_skeleton_kmeans_nearest_r12,subject_18,26,PrT,18,26,0.0134688788496241,0.0193018700965107,0.0,-0.4366800043725079,0.7313736956680367,0.6579714672498178,1.0,19206,29723,1,Di,True
Zebrafish,functional_unit,fcs_calibrated_skeleton_kmeans_nearest_r12,subject_18,28,SP,18,28,0.0058803523318266,0.0046180404644079,0.6603646185010128,1.1696533872932475,0.2528883056363159,0.2078711295456737,1.0,10367,3218,1,Tel,True
Zebrafish,functional_unit,fcs_calibrated_skeleton_kmeans_nearest_r12,subject_18,29,TeO,18,29,-0.0348898480085792,0.0233449538563797,0.4369373553366978,-0.1703514246527776,0.6385565678178878,0.7130499316499614,1.0,1065837,1263786,16,Mes,True
Zebrafish,functional_unit,fcs_calibrated_skeleton_kmeans_nearest_r12,subject_18,30,Th,18,30,-0.0011871049345155,0.024621237175209,0.0,-0.0089877353976484,0.7041245556197987,0.5819980183812224,1.0,117076,118133,1,Di,True
Zebrafish,functional_unit,fcs_calibrated_skeleton_kmeans_nearest_r12,subject_18,31,TL,18,31,0.0416318615065513,0.011523713632137,0.8737233054781801,-0.2649298302989036,0.4157978634899205,0.1244196843082637,1.0,1077,1404,1,Mes,True
Zebrafish,functional_unit,fcs_calibrated_skeleton_kmeans_nearest_r12,subject_18,32,TS,18,32,-0.0345763829536596,0.0352509272346902,0.5699467775144711,-0.3330589794313761,0.6633355864856685,0.6058428188493066,1.0,25741,35915,1,Mes,True
Zebrafish,functional_unit,fcs_calibrated_skeleton_kmeans_nearest_r12,subject_18,33,TG,18,33,0.0201546351002973,,1.0,4.007333185232471,0.6111111111111112,0.0,0.0,54,0,1,Hind,False
Zebrafish,functional_unit,fcs_calibrated_skeleton_kmeans_nearest_r12,subject_18,34,VR,18,34,0.0094824773190474,0.0557997810695961,0.8524051879822689,0.5084209882210315,0.6147273116341088,0.1764899031357741,0.998358233459202,6091,3663,1,Hind,True
Zebrafish,functional_unit,fcs_calibrated_skeleton_kmeans_nearest_r12,subject_18,35,NX,18,35,0.0142822696519234,0.0864742177015443,0.9620622795337213,3.5852958853814725,0.1958334979977282,0.0042750017520498,1.0,42807,1186,1,Hind,True
Zebrafish,functional_unit,fcs_calibrated_skeleton_kmeans_nearest_r12,subject_18,36,rMON,18,36,0.0174089734424686,0.0107926892389137,0.6259438332676599,1.5300782465643232,0.7214898411822656,0.1910989467406468,1.0,187798,40661,1,Hind,True
Zebrafish,functional_unit,fcs_calibrated_skeleton_kmeans_nearest_r12,subject_18,37,rCb,18,37,-0.0216768402649915,0.0223640887347846,0.2444217249002516,-0.38261195870112,0.6589634526340582,0.7769021901493073,1.0,150629,220839,4,Hind,True
Zebrafish,functional_unit,fcs_calibrated_skeleton_kmeans_nearest_r12,subject_18,38,rMOS1,18,38,-0.0660471338496195,0.0172955134873304,0.3944391565023697,0.1982494642936038,0.6412015985564253,0.6941516450951339,0.999893041831438,1019090,835822,3,Hind,True
Zebrafish,functional_unit,fcs_calibrated_skeleton_kmeans_nearest_r12,subject_18,39,rMOS2,18,39,0.0288997747344493,0.0036008565847731,0.725506815921095,0.6037802272309754,0.736425228611426,0.4114420611681634,1.0,142754,78049,1,Hind,True
Zebrafish,functional_unit,fcs_calibrated_skeleton_kmeans_nearest_r12,subject_18,40,rMOS3,18,40,-0.0791640167247011,-0.0001924124551937,0.4471102588065193,0.1897309056470372,0.6522459428053231,0.6476349391332346,0.9999827874072672,987649,816965,2,Hind,True
Zebrafish,functional_unit,fcs_calibrated_skeleton_kmeans_nearest_r12,subject_18,41,rMOS4,18,41,-0.0132256391327639,-0.0005595690246241,0.5162729142567597,0.1551662698030105,0.62042064836142,0.6132203468932618,1.0,299977,256862,2,Hind,True
Zebrafish,functional_unit,fcs_calibrated_skeleton_kmeans_nearest_r12,subject_18,42,rMOS5,18,42,0.0061216299052818,-0.0134927456254555,0.5955709397002714,0.4235122923071397,0.7253923842670218,0.4171340911772804,1.0,254230,166455,2,Hind,True
Zebrafish,functional_unit,fcs_calibrated_skeleton_kmeans_nearest_r12,subject_18,43,rIPN,18,43,0.0003252895822149,0.0040149732201268,0.0,-1.8030935051174208,0.6720571714373654,0.0907894736842105,1.0,2280,13841,1,Hind,True
Zebrafish,functional_unit,fcs_calibrated_skeleton_kmeans_nearest_r12,subject_18,44,rIO,18,44,,,,0.0,,,,0,0,1,Hind,False
Zebrafish,functional_unit,fcs_calibrated_skeleton_kmeans_nearest_r12,subject_18,45,rHc,18,45,0.0131539784233673,,1.0,8.078067881815437,0.5002404326863613,0.0,0.0,3222,0,1,Di,False
Zebrafish,functional_unit,fcs_calibrated_skeleton_kmeans_nearest_r12,subject_18,46,rRa,18,46,-0.0007338184288034,0.0549736069104536,0.0,-1.418139660544187,0.616911948526868,0.9785440167461332,1.0,51594,213057,1,Hind,True
Zebrafish,functional_unit,fcs_calibrated_skeleton_kmeans_nearest_r12,subject_18,47,rT,18,47,-0.0645742242082381,0.028124812904587,0.4855489642390678,-0.2137106222205979,0.6411783283178313,0.6524746623470438,0.999886901765062,274098,339406,2,Mes,True
Zebrafish,functional_unit,fcs_calibrated_skeleton_kmeans_nearest_r12,subject_18,48,raRF,18,48,0.0453789125469728,0.0376379206211426,0.0,-1.461704451251614,0.6953611648082767,0.8774100597482944,1.0,23599,101793,1,Hind,True
Zebrafish,functional_unit,fcs_calibrated_skeleton_kmeans_nearest_r12,subject_18,49,rimRF,18,49,-0.0486858222107186,0.0455296046329232,0.0,-0.7293796989633061,0.6432057360473835,0.8085874188493396,0.9999462726662188,111675,231592,1,Hind,True
Zebrafish,functional_unit,fcs_calibrated_skeleton_kmeans_nearest_r12,subject_18,50,rpRF,18,50,-0.0365649038585244,0.0500950702783879,0.0,-0.6392882921707872,0.6140308205399487,0.8368394084743591,1.0,140518,266301,1,Hind,True
Zebrafish,functional_unit,fcs_calibrated_skeleton_kmeans_nearest_r12,subject_18,52,rHb,18,52,0.0024777818916205,0.0025023118959434,0.6843657817109144,-0.1044556628313696,0.2044065440123602,0.5176007866273353,1.0,5085,5645,1,Di,True
Zebrafish,functional_unit,fcs_calibrated_skeleton_kmeans_nearest_r12,subject_18,53,rHi,18,53,0.0025623396565676,0.0272938119924157,0.0,-1.5935668397751004,0.7755904325954163,0.8183399209486166,1.0,12650,62258,1,Di,True
Zebrafish,functional_unit,fcs_calibrated_skeleton_kmeans_nearest_r12,subject_18,54,rHR,18,54,0.0186297665270894,0.1580244270199623,0.0,-1.465381045776061,0.691640625,0.0,1.0,160,696,1,Di,True
Zebrafish,functional_unit,fcs_calibrated_skeleton_kmeans_nearest_r12,subject_18,55,rOG,18,55,,,,0.0,,,,0,0,1,Tel,False
Zebrafish,functional_unit,fcs_calibrated_skeleton_kmeans_nearest_r12,subject_18,56,rOB,18,56,0.0020634308254165,,1.0,3.970291913552122,0.0739644970414201,0.0,0.0,52,0,1,Tel,False
Zebrafish,functional_unit,fcs_calibrated_skeleton_kmeans_nearest_r12,subject_18,58,rP,18,58,0.0066039515073931,0.006087589538771,0.6968358517370529,0.0914921857593209,0.450068670424578,0.5443626501356064,1.0,38715,35330,1,Tel,True
Zebrafish,functional_unit,fcs_calibrated_skeleton_kmeans_nearest_r12,subject_18,60,rPT,18,60,0.0090909882305951,0.0292564184057763,0.0,-0.8974927957388661,0.6561453820410096,0.7579748805157275,1.0,35988,88296,1,Di,True
Zebrafish,functional_unit,fcs_calibrated_skeleton_kmeans_nearest_r12,subject_18,61,rPO,18,61,0.0105766398836736,0.0205296801682593,0.5794502138057422,1.1279189602577333,0.5942474438654973,0.2345510079413561,0.999804520464264,40925,13247,1,Tel,True
Zebrafish,functional_unit,fcs_calibrated_skeleton_kmeans_nearest_r12,subject_18,62,rPrT,18,62,0.0278443221851183,0.0347172344567412,0.0,-0.2438079871705989,0.5578387019555446,0.8409861247933746,1.0,119782,152854,1,Di,True
Zebrafish,functional_unit,fcs_calibrated_skeleton_kmeans_nearest_r12,subject_18,64,rSP,18,64,0.0045166158769887,0.0038256834936766,0.6674685912857524,0.4395855853212317,0.2527152843917087,0.5012697139802192,1.0,14964,9641,1,Tel,True
Zebrafish,functional_unit,fcs_calibrated_skeleton_kmeans_nearest_r12,subject_18,65,rTeO,18,65,0.012240637838463,0.0319369987860431,0.5270554906914635,0.3128510407917408,0.6120770276665864,0.6281223740442561,0.9993940368791652,1442332,1054862,14,Mes,True
Zebrafish,functional_unit,fcs_calibrated_skeleton_kmeans_nearest_r12,subject_18,66,rTh,18,66,0.0162516579688953,0.0345833163958265,0.267134046762539,0.018657742648628,0.6189682288213993,0.6369464248819049,1.0,353317,346786,2,Di,True
Zebrafish,functional_unit,fcs_calibrated_skeleton_kmeans_nearest_r12,subject_18,67,rTL,18,67,0.0217261591330718,0.0197284753937784,0.6465968586387435,0.0144834658185797,0.6242873002384803,0.3167539267015706,1.0,764,753,1,Mes,True
Zebrafish,functional_unit,fcs_calibrated_skeleton_kmeans_nearest_r12,subject_18,68,rTS,18,68,-0.0116849587608903,0.0004838929566587,0.1447072072072072,2.505948085734077,0.2785507213294375,0.0619369369369369,0.8091216216216216,1776,144,1,Mes,True
Zebrafish,functional_unit,fcs_calibrated_skeleton_kmeans_nearest_r12,subject_18,69,rTG,18,69,0.0001999368112647,,1.0,2.995732273553991,0.4875346260387811,0.0,0.0,19,0,1,Hind,False
Zebrafish,functional_unit,fcs_calibrated_skeleton_kmeans_nearest_r12,subject_18,70,rVR,18,70,0.0060678620441496,,1.0,5.365976015021851,0.2420154731204127,0.0,0.0,213,0,1,Hind,False
Zebrafish,functional_unit,fcs_calibrated_skeleton_kmeans_nearest_r12,subject_18,71,rNX,18,71,0.0250755603652222,-0.0042566650133961,0.7174447418966392,0.4932272292589574,0.7312635181907875,0.2367116825731715,1.0,200966,122720,1,Hind,True
