root_area_id,node,anatomy_group,n_subjects,Hard_OO_fraction,FU_DCApost,FU_DCApre,LogOutIn,OutputParticipation,Reciprocity,CycleParticipation,complete_primary_measures
0,MON,Hind,7,0.5518234308570565,0.0013391373271848,0.0034190164753307717,1.443484151449099,0.553247518933526,0.21750139833685672,0.9995118590041622,True
1,Cb,Hind,7,0.34901680291510323,-0.012413331119755202,0.0320738534620807,0.2904421070624113,0.5831709591375198,0.5519508670110416,0.9999496177505637,True
2,MOS1,Hind,7,0.24347338867487564,-0.012171326488200544,0.04870453008211893,-0.15390640697911082,0.5788450822240444,0.737166733501747,0.9998388297943167,True
3,MOS2,Hind,7,0.06029302015004517,-0.004564712902834243,0.028624115253539,-0.4103254484565915,0.5859149677578726,0.6551434194564066,0.9998385831986655,True
4,MOS3,Hind,7,0.32065334852706606,-0.03773740427061033,0.02714780501915456,0.35422183792956796,0.5828710562332257,0.5750068956247373,0.9999486631864146,True
5,MOS4,Hind,7,0.39240362722388145,-0.02351633235037757,0.00865978537386739,0.6333746605478396,0.5762120986736516,0.4551819230702116,0.9999551891019294,True
6,MOS5,Hind,7,0.4447143330661873,-0.008252495483244507,-0.003527345902675786,0.7738420832208331,0.5842912197503723,0.4040668336150919,0.9999475929789364,True
7,IPN,Hind,7,0.0,0.013945140566936614,0.025372844617188257,-2.246670503711456,0.5305518215284951,0.4390537153011049,0.9996423757255647,True
8,IO,Hind,7,,,-0.009664079866985328,-1.7053141775013985,,,,False
9,Hc,Di,6,0.46060022468303635,0.0035503800450491,-0.010374342994520601,-1.0830182270834785,0.5852709858393165,0.13255360623781673,0.6417910447761194,True
10,Ra,Hind,7,0.0,0.004460696448699928,0.06524150704679196,-0.9334624327619384,0.5913671890996461,0.7915167456571314,0.9999178419376041,True
11,T,Mes,7,0.27334697399111046,-0.06576817812776703,0.0173696867685805,0.2477662184434943,0.6138431285892832,0.5821094041343375,0.9998021785619352,True
12,aRF,Hind,7,0.0,-0.0295030682063951,0.043130129302702956,-0.842734317271826,0.6329066199816997,0.7001821884613001,0.9997887887755549,True
13,imRF,Hind,7,0.06845882100482778,-0.04308435242490978,0.04951734407961666,-0.6167920692451597,0.582047005581477,0.723003138232566,0.9998596602713976,True
14,pRF,Hind,7,0.0,-0.026841699818321543,0.04679858925208679,-1.065610283988771,0.6220090487457227,0.8191197793635236,0.999858293877515,True
16,Hb,Di,7,0.3331747710387568,0.014085271299326256,0.008612887896223814,-0.11712890832281513,0.26421280484654985,0.4911544885402418,0.9997753687696032,True
17,Hi,Di,7,0.0,-0.0066410560178625,0.005311485469962485,-1.3712590427964566,0.5652824128427846,0.5518524602770414,0.856657505946601,True
18,HR,Di,6,0.18042701437584555,0.008568665858626997,0.0111965984792129,-0.36047341624305557,0.5903642473303891,0.39482977340091807,1.0,True
19,OG,Tel,7,0.6785714285714286,0.011003623052687,-0.009544187570095983,-1.121145490207727,0.0,0.0,0.32142857142857145,True
20,OB,Tel,7,0.0,0.0067122366393945,0.029009928346794424,-1.2625912618364623,0.0,0.7222222222222222,0.4444444444444444,True
21,OE,Tel,6,0.772878034072064,0.0059380415571327755,0.0017388102143166,1.1637073551621462,0.0,0.054726368159203974,0.0099502487562189,True
22,P,Tel,7,0.28507430713094845,0.004558030223824914,0.010887094234905683,0.17164377660904656,0.22038193343308013,0.5402002728334926,0.9998790181651984,True
24,PT,Di,7,0.18511088235117787,-0.01309794330775113,0.021780579140934186,-0.3142400390142254,0.6329866048517976,0.5271976508584745,0.9996084684377673,True
25,PO,Tel,7,0.5159587552446859,0.005467914013403929,0.04028131733863072,0.7891276539533715,0.478427430739255,0.3693834539385627,0.999247047288642,True
26,PrT,Di,7,0.07567871541797744,0.0028094238116300003,0.015003511679822243,-0.42469097104701226,0.6298754149435721,0.7490266173107399,0.999882296397289,True
28,SP,Tel,7,0.5928121851476214,-0.005214539834678657,0.003361014440389057,1.0401165899058706,0.22574044629190665,0.2787556534588161,0.9998475247162435,True
29,TeO,Mes,7,0.2913677716720571,-0.02682264379152063,0.015248275914913815,-0.06286092418554821,0.5875457739661121,0.681363249132412,0.9999923994070506,True
30,Th,Di,7,0.20195891751434328,-0.0018217059790785143,0.02152679171246077,-0.03518075331547609,0.6236302337037085,0.6154138189254619,0.9995177589913968,True
31,TL,Mes,7,0.37629561160471564,0.0138625065616685,0.011753146316890473,-1.0876477930209416,0.39683291695649786,0.242532032293175,0.9994233818653597,True
32,TS,Mes,7,0.358981311174492,-0.035104800783203084,-0.015773492359034656,0.429149662167676,0.5623523031078995,0.3048079770709031,1.0,True
33,TG,Hind,7,0.9733840304182511,0.0382747768314398,,1.6245543142125878,0.3055555555555556,0.0,0.0,False
34,VR,Hind,7,0.7615318997898021,0.025947873412431,-0.012441046366703618,1.6704038860991266,0.44803661000981004,0.050101885328258024,0.7812682299439985,True
35,NX,Hind,7,0.20675052963102555,0.0031199583753822708,0.023040261552469844,0.14291255539299108,0.45686571215642985,0.4837765825558689,1.0,True
36,rMON,Hind,7,0.5436463547482934,0.008558308743506115,0.004519749422992528,1.044734957512706,0.5228513611853365,0.2968921273725411,0.9999025782346924,True
37,rCb,Hind,7,0.31411952562745504,0.006071773153426487,0.01878265961920633,0.037601111807055845,0.5626037097952972,0.6381576352192531,0.9999631053523993,True
38,rMOS1,Hind,7,0.254017436979185,-0.02433885823292607,0.03958244177690456,-0.019552442883361602,0.5723215452486047,0.7359588160327765,0.9999026451530767,True
39,rMOS2,Hind,7,0.15828614358388185,0.005027942187121728,0.034393309926898916,-0.6066078939369736,0.6401613406661111,0.7251488915613605,0.9998395733251045,True
40,rMOS3,Hind,7,0.28906695962966167,-0.04846950173368758,0.02303302697833983,0.3177413137598153,0.5905402343493743,0.6159893273276525,0.9997449198740851,True
41,rMOS4,Hind,7,0.3652234134489708,-0.020239437506487913,0.0190440173788993,0.322899957256694,0.580384729833171,0.5766888789727588,0.999838399521583,True
42,rMOS5,Hind,7,0.37978330629896356,-0.007545545106980571,0.009924339479746844,0.4098495200899603,0.5658226185770133,0.47779427756522785,0.999562300126121,True
43,rIPN,Hind,7,0.0,-0.009622340501455983,0.03247062233402993,-2.865104808652972,0.5262952098990428,0.46478075422658766,1.0,True
44,rIO,Hind,7,0.0,-0.0240672615649152,0.1098461541023543,-0.7681612209960466,0.0,0.0,0.0,True
45,rHc,Di,4,0.5,0.00343680135943475,0.0110704249337696,4.3012768072941405,0.3187390195114187,0.019701086956521726,0.5,True
46,rRa,Hind,7,0.0,-0.002254633672483828,0.06090816769671157,-0.9630732193536587,0.545057891572096,0.7805148947343508,0.9999852560435478,True
47,rT,Mes,7,0.2042590038152233,-0.04507966335765561,0.0330473093681609,-0.026414975226878086,0.6287919274156494,0.6372179905719714,0.9999838431092946,True
48,raRF,Hind,7,0.05444139369094471,-0.015005200264917458,0.04700206730610557,-1.1998444498560021,0.630619697712918,0.7891088102045762,0.9999956331162628,True
49,rimRF,Hind,7,0.0,-0.03397087150039359,0.054941079948883496,-0.4437619722276361,0.5893720300794746,0.7584307544008319,0.9990453998904537,True
50,rpRF,Hind,7,0.027001978706900742,-0.014428452100161415,0.05181695648057832,-0.9845292636021906,0.60918420939872,0.8102146881848354,0.998777647178468,True
52,rHb,Di,7,0.2944984476624962,0.007863640777313257,0.010112244569328027,-0.2789136528993386,0.24098053450242735,0.4778353079609306,0.9992096549238555,True
53,rHi,Di,7,0.0,-0.0039046642961706,0.015422149271444415,-1.3773230837236652,0.5529909401069318,0.6336865032190107,0.9999841560314027,True
54,rHR,Di,6,0.25254639319101435,0.007599761289302783,0.03682413876280004,-0.12758459094280808,0.5340988969414072,0.40104751036865594,0.8333333333333334,True
55,rOG,Tel,5,,,0.021573481898742,-1.5421306647002404,,,,False
56,rOB,Tel,7,1.0,0.0020634308254165,0.00605446306792745,-1.301965248595214,0.0739644970414201,0.0,0.0,True
57,rOE,Tel,5,1.0,0.0024044124648713,,2.2886550469226252,0.0,0.0,0.0,False
58,rP,Tel,7,0.6033171511487962,0.004836457164102872,0.012460913031881057,0.31401166269876646,0.40029640254285287,0.3492299125863201,0.9968003163128893,True
60,rPT,Di,7,0.0,-0.0037338940096054997,0.013903861702750773,-0.7189879219760519,0.6254610111517948,0.7020531421416498,0.9999657704222218,True
61,rPO,Tel,7,0.4919038878552155,0.002757515897702257,0.021484583009794885,1.0468628733362961,0.44713904109663893,0.29061956608190326,0.9986777536007592,True
62,rPrT,Di,7,0.27667221228400746,0.008034817462480357,0.024642751184341057,0.013395222119653672,0.6068709566345485,0.6275582117824925,0.999982694433777,True
64,rSP,Tel,7,0.6599316822942596,0.0047021234106571575,0.010548289469741986,1.0022875473567983,0.2527150289608196,0.3017367953517626,0.9966190833959429,True
65,rTeO,Mes,7,0.264698116187173,-0.014589064229616385,0.021643290253989155,-0.08470988540473177,0.5980848985683359,0.6726459459584702,0.9996529723062288,True
66,rTh,Di,7,0.3887630143716881,-0.0009695226924512713,0.021296605806189615,0.09612046467393232,0.5730869485946455,0.5391867283491037,0.9996462251731462,True
67,rTL,Mes,7,0.2944383788556502,-0.0059391979453695285,0.015463927577149372,-0.5945239983663183,0.4675091419942868,0.2930694984898034,1.0,True
68,rTS,Mes,7,0.227981268354117,-0.019254458816361716,0.008273545840287529,-0.6315359483774561,0.3913015689078356,0.2368430761914895,0.968186936936937,True
69,rTG,Hind,6,1.0,0.0001999368112647,,0.49928871225899846,0.4875346260387811,0.0,0.0,False
70,rVR,Hind,7,0.4716883470578906,0.0062209815262019574,-0.014022134786261917,1.3070073070303887,0.44344828827597144,0.19046641690701288,0.849802238105591,True
71,rNX,Hind,7,0.1829769891717816,0.011130763896086656,0.013042038280595658,-0.5635292163254361,0.5952024244154289,0.6636745066181995,0.9990435954835546,True
