species,recording_id,root_area_id,node,Subject,RegionID,PostDCA,PreDCA,OO_fraction,OO_count,Modularity,LogOutIn,inter_out_edges,inter_in_edges,post_dca_edges,pre_dca_edges,modularity_edges,modularity_n_modules,anatomy_group,complete_five_measures
Zebrafish,subject_12,0,MON,12,0,-0.0081498736819999,-0.0037052569870558,0.157476106639839,35063,0.3811961727480656,1.0058150350700736,222656,81435,222656,81435,11364,27,Hind,True
Zebrafish,subject_12,1,Cb,12,1,-0.0146911731870507,0.0018912372191444,0.1614136171938783,31040,0.5488949923494952,0.6230282433061092,192301,103134,192301,103134,8017,70,Hind,True
Zebrafish,subject_12,2,MOS1,12,2,-0.0128950749172522,0.0060380915834536,0.2233528765904312,93372,0.2825826785869197,-0.3583924096154478,418047,598237,418047,598237,59459,48,Hind,True
Zebrafish,subject_12,3,MOS2,12,3,-0.0137643588580832,0.0089971950450604,0.1446760878690359,22748,0.6429550702714509,-0.3378477557787159,157234,220431,157234,220431,2232,42,Hind,True
Zebrafish,subject_12,4,MOS3,12,4,-0.0166393506344257,0.0011620437751158,0.1951681561587143,148457,0.4748298455638423,1.8163958166971603,760662,123691,760662,123691,13725,18,Hind,True
Zebrafish,subject_12,5,MOS4,12,5,-0.0085777130945021,0.0001203396362036,0.1299950302070229,33481,0.5839238675990516,1.359648797061377,257556,66127,257556,66127,4185,82,Hind,True
Zebrafish,subject_12,6,MOS5,12,6,-0.0089172562314277,0.0016914416682765,0.15748393187186,43541,0.5081093475076383,0.8072747960377941,276479,123329,276479,123329,13198,49,Hind,True
Zebrafish,subject_12,7,IPN,12,7,-0.0186476834432564,-0.000809655534538,0.1710231516056758,229,0.6530612244897961,-1.5661252566013932,1339,6415,1339,6415,14,13,Hind,True
Zebrafish,subject_12,8,IO,12,8,,,,0,,0.0,0,0,0,0,0,0,Hind,False
Zebrafish,subject_12,10,Ra,12,10,-0.0173340178968715,0.0098060264116956,0.1686976137293495,7628,0.5638225339080041,-1.2007986801650008,45217,150248,45217,150248,702,21,Hind,True
Zebrafish,subject_12,11,T,12,11,-0.0195673195556618,-0.0025909532523295,0.1986711285386928,180421,0.6138130325146132,0.995958430039042,908139,335438,908139,335438,7283,17,Mes,True
Zebrafish,subject_12,12,aRF,12,12,-0.0115367696742229,-0.0032693372182313,0.1715117507819765,32461,0.6059359640004449,0.865845153576944,189264,79622,189264,79607,605,38,Hind,True
Zebrafish,subject_12,13,imRF,12,13,-0.0253455148241204,0.0047203886788537,0.1879847742446918,27508,0.5251449685848025,-0.0461468840264877,146331,153242,146331,153242,1789,36,Hind,True
Zebrafish,subject_12,14,pRF,12,14,-0.018807737050673,0.0103657707726246,0.1981435082762481,29735,0.4311780499044909,-1.2276844113191725,150068,512232,150068,512232,3884,17,Hind,True
Zebrafish,subject_12,16,Hb,12,16,0.0186515271394251,0.0057461675495969,0.3943680948531393,5854,0.612934220804664,6.966361057582602,14844,13,14844,13,633,34,Di,True
Zebrafish,subject_12,17,Hi,12,17,-0.020548032283871,-0.0078025431370055,0.0199414562751555,109,0.6398865784499054,4.75633769718494,5466,46,5466,46,23,16,Di,True
Zebrafish,subject_12,19,OG,12,19,,,,0,,0.0,0,0,0,0,0,0,Tel,False
Zebrafish,subject_12,20,OB,12,20,-0.011268234181219,0.0124696400603259,0.1555555555555555,7,0.6666396202685706,0.0909717782057267,45,41,45,41,314,33,Tel,True
Zebrafish,subject_12,21,OE,12,21,-0.0069102448050651,0.0126988538986042,0.0,0,0.765432098765432,-0.1823215567939546,4,5,4,5,9,15,Tel,True
Zebrafish,subject_12,22,P,12,22,0.0021209007051267,-0.0353708364349897,0.1842684268426842,3015,0.7429462472420946,0.8371839685261714,16362,7083,16362,7083,1793,72,Tel,True
Zebrafish,subject_12,24,PT,12,24,-0.0010064012229707,-0.003171979262783,0.2378779774078852,15120,0.6472006021060536,-0.8924317474598463,63562,155160,63562,155160,1081,26,Di,True
Zebrafish,subject_12,25,PO,12,25,0.0111828476799098,0.0097053071968879,0.3059519034248276,32035,0.6684824406170206,0.4108181169883061,104706,69431,104706,69431,941,19,Tel,True
Zebrafish,subject_12,26,PrT,12,26,-0.0207133338803738,-0.0011977726742538,0.1337769217299947,12988,0.5964336882011947,-0.6611911330446445,97087,188068,97087,188068,1064,36,Di,True
Zebrafish,subject_12,28,SP,12,28,0.0074266641881975,-0.0269616278680874,0.2621842355175688,6902,0.6120909805304015,2.167288943798912,26325,3013,26325,3013,1845,36,Tel,True
Zebrafish,subject_12,29,TeO,12,29,-0.0137110832178088,-0.0021293717616123,0.1261908447995454,79065,0.7540111659083264,-0.450237969466813,626551,982862,626551,982862,33899,116,Mes,True
Zebrafish,subject_12,30,Th,12,30,-0.0108948167065223,0.0018405110541925,0.2579184265737497,27906,0.7163401780749065,-1.145905838877875,108197,340313,108197,340313,3807,40,Di,True
Zebrafish,subject_12,31,TL,12,31,-0.0589630694969621,-0.0053170136625896,0.0741580875937881,425,0.7486428481252368,1.959257730426967,5731,807,5731,807,89,33,Mes,True
Zebrafish,subject_12,32,TS,12,32,-0.0062887845052633,-0.008874993542266,0.176260443676174,6118,0.517187720597097,-0.4918456823724306,34710,56763,34710,56763,1205,45,Mes,True
Zebrafish,subject_12,33,TG,12,33,1.1248284507888156e-57,0.0012321035135091,0.3333333333333333,1,0.0,0.0,3,3,3,3,2,4,Hind,True
Zebrafish,subject_12,34,VR,12,34,-0.0127174220206225,-0.0008823461571406,0.1700879765395894,58,0.6636268282734105,3.888900588007292,341,6,341,6,131,14,Hind,True
Zebrafish,subject_12,35,NX,12,35,-0.0079134852688787,0.0054636320805868,0.2355821803832073,14865,0.4447765610560739,-0.0453278342994466,63099,66025,63099,66025,2285,16,Hind,True
Zebrafish,subject_12,36,rMON,12,36,-0.0151562291475228,0.0004101664268373,0.135451446704269,31075,0.3673792887050465,0.4366432428080851,229418,148250,229418,148250,18942,21,Hind,True
Zebrafish,subject_12,37,rCb,12,37,-0.0209590758390974,0.0006335989592044,0.1225731671979136,15228,0.5742262184522872,-0.0817124365156155,124236,134814,124236,134814,8598,71,Hind,True
Zebrafish,subject_12,38,rMOS1,12,38,-0.0155807357402673,0.007104684103571,0.3098219165049704,140033,0.263963225735931,-0.3969417863818234,451979,672215,451979,672215,69892,44,Hind,True
Zebrafish,subject_12,39,rMOS2,12,39,-0.0027174214035982,0.0108366527366991,0.2834531679776094,17622,0.6152017569901983,-1.5709923210256982,62169,299125,62169,299125,2341,38,Hind,True
Zebrafish,subject_12,40,rMOS3,12,40,-0.0157988160115232,-0.0064582562268182,0.2678745929775172,227796,0.4820813333141606,1.214855148514053,850383,252353,850383,252353,21243,20,Hind,True
Zebrafish,subject_12,41,rMOS4,12,41,-0.0072648287622253,0.0019011104413411,0.2131986852700742,68043,0.7011971289520669,1.2713792552729262,319153,89504,319153,89504,4225,89,Hind,True
Zebrafish,subject_12,42,rMOS5,12,42,-0.0071607958962447,-0.0035011333147442,0.1926447442243814,77600,0.4777964341069743,1.4489679259131043,402814,94585,402814,94585,21437,25,Hind,True
Zebrafish,subject_12,43,rIPN,12,43,-0.0235380304402276,0.001114250945417,0.242861103410036,876,0.5353185595567868,-0.9756885678457496,3607,9571,3607,9571,38,7,Hind,True
Zebrafish,subject_12,44,rIO,12,44,0.0209341003395068,,0.0,0,,2.772588722239781,15,0,15,0,0,0,Hind,False
Zebrafish,subject_12,46,rRa,12,46,-0.0313273456302005,0.005887051287661,0.157769188960686,5225,0.6682708803058525,-1.1292189333746434,33118,102444,33118,102444,404,21,Hind,True
Zebrafish,subject_12,47,rT,12,47,-0.0238812517382032,-0.0018451255021339,0.157718622938639,122266,0.5258364164530117,0.6269606412664458,775216,414130,775216,414130,12095,31,Mes,True
Zebrafish,subject_12,48,raRF,12,48,-0.0230319581080262,-0.0044652265507074,0.122186152945559,9184,0.6866545265348593,0.3880953861591228,75164,50987,75164,50987,310,39,Hind,True
Zebrafish,subject_12,49,rimRF,12,49,-0.0269817417522108,0.0055850784790989,0.17942409277122,30264,0.42645179584121,-0.333271606827308,168673,235388,168673,235388,3448,18,Hind,True
Zebrafish,subject_12,50,rpRF,12,50,-0.011002932108895,0.0101622221956036,0.178653178763937,24195,0.4495645576358163,-1.5138897971992478,135430,615448,135430,615448,6138,17,Hind,True
Zebrafish,subject_12,52,rHb,12,52,0.0079966378606949,-0.0001799350782608,0.1973126740104103,1630,0.7397153633612559,6.186208623900494,8261,16,8261,16,302,55,Di,True
Zebrafish,subject_12,53,rHi,12,53,-0.024329913433303,-0.0076650591504005,0.0014641288433382,2,0.3790170132325141,3.853078006737476,1366,28,1366,28,23,14,Di,True
Zebrafish,subject_12,56,rOB,12,56,0.0188482661747228,-0.0081411704122888,0.0588235294117647,1,0.7785585141354372,-4.103561217327025,17,1089,17,1089,156,49,Tel,True
Zebrafish,subject_12,57,rOE,12,57,0.0015638991193397,0.0095064099935225,0.0,0,0.6301020408163267,0.2231435513142097,4,3,4,3,14,22,Tel,True
Zebrafish,subject_12,58,rP,12,58,0.0124691783687306,-0.0100604873170358,0.2660794092881663,12324,0.7517690305570578,1.703852513424284,46317,8428,46317,8428,1720,93,Tel,True
Zebrafish,subject_12,60,rPT,12,60,-0.0053433703552153,-0.0030900947608857,0.2217643805309734,16038,0.6042952900030732,-0.3282966368233946,72320,100424,72320,100424,1014,14,Di,True
Zebrafish,subject_12,61,rPO,12,61,0.0083990595499287,0.006597132165117,0.3144024086077053,38951,0.6803317426028047,0.3828792551696962,123889,84479,123889,84479,819,14,Tel,True
Zebrafish,subject_12,62,rPrT,12,62,-0.0210293300388905,-0.0016900788683603,0.1714838269734893,30680,0.5926477293016589,-0.3145630619212531,178909,245045,178909,245045,1927,35,Di,True
Zebrafish,subject_12,64,rSP,12,64,0.0042632002587752,-0.0055404229839743,0.2325215073306676,1919,0.5683915146488275,2.6451334207355144,8253,585,8253,585,1922,28,Tel,True
Zebrafish,subject_12,65,rTeO,12,65,-0.0221648373012576,-0.0036723258459201,0.1332642169211673,83423,0.6919974993821773,-0.8524180188540805,625997,1468159,625997,1468159,52155,159,Mes,True
Zebrafish,subject_12,66,rTh,12,66,-0.009248086832887,-0.0019979202698031,0.2534407823252445,53181,0.5782853012205219,-0.364092667261627,209836,301998,209836,301998,6023,29,Di,True
Zebrafish,subject_12,67,rTL,12,67,-0.0472627453639681,-0.0136026040750468,0.0834662413609782,157,0.791753436068305,0.2614613778246426,1881,1448,1881,1448,49,32,Mes,True
Zebrafish,subject_12,68,rTS,12,68,-0.0121777813277059,-0.0142974398448738,0.0655379574003277,240,0.7796093750000002,0.4873522675803485,3662,2249,3662,2249,80,62,Mes,True
Zebrafish,subject_12,69,rTG,12,69,,,,0,,0.0,0,0,0,0,0,0,Hind,False
Zebrafish,subject_12,70,rVR,12,70,-0.011957004527774,-0.0045582200008408,0.4034229828850856,165,0.6634932604392498,1.6854238194120224,409,75,409,75,103,12,Hind,True
Zebrafish,subject_12,71,rNX,12,71,-0.0170182325660309,0.003871711837465,0.2016288447853245,5100,0.4387686762765541,-1.074228319224646,25294,74056,25294,74056,3555,9,Hind,True
Zebrafish,subject_13,0,MON,13,0,-0.0122596033579903,-0.0038772067435236,0.1057701121868323,30000,0.3912311692437231,0.9271913263435252,283634,112223,283634,112223,15653,22,Hind,True
Zebrafish,subject_13,1,Cb,13,1,-0.0172463688142824,-0.0003457946494874,0.1348316819981484,34225,0.577455061409142,0.3115870849762359,253835,185879,253835,185879,11144,56,Hind,True
Zebrafish,subject_13,2,MOS1,13,2,-0.0106631679650979,0.005260656038404,0.2188076664748749,95452,0.2765858730088436,-0.381481719062348,436237,638849,436237,638849,56057,25,Hind,True
Zebrafish,subject_13,3,MOS2,13,3,-0.0120306921347963,0.00939456717382,0.1518109084152954,26147,0.6456804687499998,-0.3018223435539328,172234,232916,172234,232916,2400,32,Hind,True
Zebrafish,subject_13,4,MOS3,13,4,-0.0203468062520584,0.0016646657700744,0.178857833637759,134935,0.4781033514317288,1.7223814789081011,754426,134770,754426,134770,12624,26,Hind,True
Zebrafish,subject_13,5,MOS4,13,5,-0.015983948357271,-9.547773367553678e-05,0.1337259663049944,38441,0.5278243167926483,1.2207125910277816,287461,84806,287461,84806,4218,96,Hind,True
Zebrafish,subject_13,6,MOS5,13,6,-0.0117434969239391,0.000837140660268,0.1526763342091562,50147,0.5010454653524355,0.6665060144610625,328453,168660,328453,168660,15126,41,Hind,True
Zebrafish,subject_13,7,IPN,13,7,-0.0069333609097344,-0.0032463939039655,0.1946092558060688,1148,0.779068079547104,-0.8193317358920869,5899,13386,5899,13386,83,38,Hind,True
Zebrafish,subject_13,8,IO,13,8,2.7061522564495844e-06,-0.0089046775493501,0.0,0,0.0,-2.763620052257021,6,110,6,110,2,11,Hind,True
Zebrafish,subject_13,9,Hc,13,9,-0.0450227611838262,0.000475644677513,0.062479173608797,375,0.6163297661514071,-0.3488650825977142,6002,8508,6002,8508,87,15,Di,True
Zebrafish,subject_13,10,Ra,13,10,-0.0107429693302277,0.0094467670694891,0.1965873819977163,12224,0.5318737921356236,-1.179799861450518,62181,202322,62181,202322,1358,28,Hind,True
Zebrafish,subject_13,11,T,13,11,-0.0163188937874973,-0.0049725446275425,0.2183554035756087,237860,0.6219750244872868,1.1417903465431771,1089325,347763,1089325,347763,9032,35,Mes,True
Zebrafish,subject_13,12,aRF,13,12,-0.0172320584406476,-0.0043226167030018,0.1880536782398831,52284,0.6155335428518388,0.5037757059422757,278027,167996,278027,167996,2379,44,Hind,True
Zebrafish,subject_13,13,imRF,13,13,-0.0234701011769656,0.0015337284085443,0.1725804245748932,34071,0.5921816973758931,-0.3040750174211989,197421,267579,197421,267579,5295,24,Hind,True
Zebrafish,subject_13,14,pRF,13,14,-0.0160181694163133,0.0056277294501661,0.2368675459203863,47288,0.564954839118784,-1.2130905977028033,199639,671561,199639,671561,6645,40,Hind,True
Zebrafish,subject_13,16,Hb,13,16,0.017656068142614,-0.0012642853454947,0.3617777291860274,6618,0.6059611767035469,5.13219718909209,18293,107,18293,107,1608,21,Di,True
Zebrafish,subject_13,17,Hi,13,17,-0.0297047546441667,-0.0006591392449458,0.122352068261918,3298,0.6801297052154198,0.8962197293266718,26955,11000,26955,11000,1032,75,Di,True
Zebrafish,subject_13,18,HR,13,18,-0.0127770151378172,-0.0037055762916402,0.2456594829961969,8914,0.5516519692168402,-0.6471585009721723,36286,69311,36286,69311,1175,15,Di,True
Zebrafish,subject_13,19,OG,13,19,-0.0026349486687687,-1.532697134943395e-07,0.0985401459854014,27,0.5336455081512314,0.7964895320615344,274,123,274,123,93,15,Tel,True
Zebrafish,subject_13,20,OB,13,20,-0.0159731109914859,7.447734217106065e-05,0.3076923076923077,16,0.6780122008874409,-0.1728428128394108,52,62,52,62,419,29,Tel,True
Zebrafish,subject_13,21,OE,13,21,-0.0050392175125066,-0.0001113997529178,0.0,0,0.6717863894139889,-0.4054651081081644,5,8,5,8,46,21,Tel,True
Zebrafish,subject_13,22,P,13,22,-0.0032145905468949,-0.0315288110750346,0.2184696123243609,2581,0.6893143061692132,0.5473134404629583,11814,6834,11814,6834,5554,43,Tel,True
Zebrafish,subject_13,24,PT,13,24,-0.0056694761026185,-0.0034944713222827,0.2247856165956215,22517,0.5823755002604096,-1.0195230411290237,100171,277663,100171,277663,1498,35,Di,True
Zebrafish,subject_13,25,PO,13,25,0.0073275669279805,0.009532968768143,0.2449520356986505,31893,0.6945135149063363,0.2496688913863003,130201,101434,130201,101434,1182,47,Tel,True
Zebrafish,subject_13,26,PrT,13,26,-0.0194152973147023,-0.0031135810487908,0.1519217007657503,26962,0.6782741908287926,-0.1323008782538565,177473,202577,177473,202577,1646,49,Di,True
Zebrafish,subject_13,28,SP,13,28,2.004027378927806e-05,-0.0241635549842642,0.2731777823663018,5292,0.6972770468548067,1.5249935328657476,19372,4215,19372,4215,2266,42,Tel,True
Zebrafish,subject_13,29,TeO,13,29,-0.0130887983409648,-0.0013687150862847,0.1872837350880727,167353,0.7527184244115569,-0.2033274500507977,893580,1095059,893580,1095059,54381,101,Mes,True
Zebrafish,subject_13,30,Th,13,30,-0.0158361295217665,0.0019635737328919,0.204312737834807,22228,0.7674987217855466,-0.9941211925531462,108794,294001,108794,294001,1915,64,Di,True
Zebrafish,subject_13,31,TL,13,31,-0.056301524459998,-0.0061684703721117,0.0674019607843137,715,0.6822275086505192,1.8257942933436808,10608,1708,10608,1708,340,20,Mes,True
Zebrafish,subject_13,32,TS,13,32,-0.0110438135982646,-0.0063503695585649,0.1684735706580366,6247,0.8032055680815611,-0.6266236444588617,37080,69388,37080,69388,101,44,Mes,True
Zebrafish,subject_13,33,TG,13,33,,,,0,,0.0,0,0,0,0,0,0,Hind,False
Zebrafish,subject_13,34,VR,13,34,-0.0137257683626915,0.0199776383654134,0.1242702251876563,149,0.6310468631897205,1.5217323320149947,1199,261,1199,261,252,10,Hind,True
Zebrafish,subject_13,35,NX,13,35,-0.0014158128922831,0.0039459220653358,0.2076681947489536,11461,0.4699241596831651,-0.1938511386648138,55189,66995,55189,66995,1565,15,Hind,True
Zebrafish,subject_13,36,rMON,13,36,-0.0243524361601455,-0.0044310638312441,0.1488272234071988,42493,0.363449516135542,0.3864642294500682,285519,193997,285519,193997,21613,24,Hind,True
Zebrafish,subject_13,37,rCb,13,37,-0.0241398183951215,-0.001860585249835,0.1352228445413424,32376,0.6315342412117486,0.215427850491484,239427,193025,239427,193025,10600,42,Hind,True
Zebrafish,subject_13,38,rMOS1,13,38,-0.0121288604002305,0.0051080660543602,0.3235191368890986,142615,0.2786883224320137,-0.5408407696460618,440824,757094,440824,757094,73992,32,Hind,True
Zebrafish,subject_13,39,rMOS2,13,39,-0.0028037944859753,0.0095508774386899,0.2375166671201937,17457,0.4708643832723281,-1.6714408743777387,73498,391001,73498,391001,4306,40,Hind,True
Zebrafish,subject_13,40,rMOS3,13,40,-0.0212143316773092,-0.0071363267344743,0.2251666722503266,201630,0.4890778785943881,1.2333698053725566,895470,260858,895470,260858,19694,25,Hind,True
Zebrafish,subject_13,41,rMOS4,13,41,-0.0169785812008207,0.0023301044523131,0.1791618851648134,67914,0.6748065971166276,1.1043851732763776,379065,125627,379065,125627,6569,77,Hind,True
Zebrafish,subject_13,42,rMOS5,13,42,-0.0171418721210539,-0.0053723695904568,0.1882208382298337,98342,0.4848795798357224,1.2907602756535488,522482,143714,522482,143714,25116,38,Hind,True
Zebrafish,subject_13,43,rIPN,13,43,-0.0159969134428244,-0.0005640615097778,0.1727499187696306,1595,0.6340749999999998,-0.7611215565149954,9233,19766,9233,19766,200,21,Hind,True
Zebrafish,subject_13,44,rIO,13,44,0.0158364817464941,-0.0098134195914606,0.4897959183673469,120,0.3885522959183672,3.4258899942525267,245,7,245,7,56,12,Hind,True
Zebrafish,subject_13,45,rHc,13,45,-0.0018179674710998,-0.0070079616231432,0.2573231185218567,571,0.7482993197278911,-0.7455772159998912,2219,4678,2219,4678,42,31,Di,True
Zebrafish,subject_13,46,rRa,13,46,-0.0190345072292582,0.0061566753726774,0.1554760061919504,6428,0.722779461809031,-1.1016551812787536,41344,124412,41344,124412,374,35,Hind,True
Zebrafish,subject_13,47,rT,13,47,-0.0162431597703142,-0.0024439823818074,0.1921128883460454,147852,0.5749005391107944,0.6606424606944424,769610,397518,769610,397518,10466,30,Mes,True
Zebrafish,subject_13,48,raRF,13,48,-0.027619399326916,-0.0042729512611175,0.1503752788492181,27368,0.6263027988779918,0.3114064672751511,181998,133298,181998,133298,2210,34,Hind,True
Zebrafish,subject_13,49,rimRF,13,49,-0.0230054703316894,0.0029015270158264,0.1852721015384776,35369,0.5606545553549109,-0.4198466616694207,190903,290503,190903,290503,5307,22,Hind,True
Zebrafish,subject_13,50,rpRF,13,50,-0.0101222299398859,0.0067124301655567,0.1784310520068518,25104,0.5439441559629629,-1.6903639808178874,140693,762765,140693,762765,10711,29,Hind,True
Zebrafish,subject_13,52,rHb,13,52,0.0079227805028606,0.0004084221046614,0.3157837485042967,2903,0.6966476463911973,4.849640257350118,9193,71,9193,71,912,27,Di,True
Zebrafish,subject_13,53,rHi,13,53,-0.0126194662043961,0.0011674244152986,0.2477777777777778,8474,0.7097628245879996,0.9271237363127992,34200,13532,34200,13532,715,71,Di,True
Zebrafish,subject_13,54,rHR,13,54,-0.0133811987294619,-0.0044765221483374,0.2142216910666268,2868,0.5924853847230973,-2.149402401208464,13388,114873,13388,114873,828,19,Di,True
Zebrafish,subject_13,55,rOG,13,55,-0.0016526553453508,,0.0072992700729927,1,0.5196280991735537,4.927253685157205,137,0,137,0,22,8,Tel,False
Zebrafish,subject_13,56,rOB,13,56,0.0082677277079413,-0.0061825970173802,0.1666666666666666,3,0.7795035671819263,-3.824054232482189,18,869,18,869,116,45,Tel,True
Zebrafish,subject_13,57,rOE,13,57,0.0374469497103284,0.0666746552073565,0.5,5,0.6010665972944851,0.3184537311185346,10,7,10,7,62,15,Tel,True
Zebrafish,subject_13,58,rP,13,58,0.0101179791556935,-0.0113465628278732,0.2665246589375437,16391,0.6785932696143654,1.692554445162189,61499,11318,61499,11318,3882,79,Tel,True
Zebrafish,subject_13,60,rPT,13,60,-0.0064871506149012,-0.0030329758170915,0.2249601628045385,23435,0.6246120790921559,-0.6271888855215467,104174,195050,104174,195050,1482,13,Di,True
Zebrafish,subject_13,61,rPO,13,61,0.0068769214256743,0.0073595536203965,0.2753637962231453,43220,0.6824598771547455,0.472832604567278,156956,97820,156956,97820,1442,33,Tel,True
Zebrafish,subject_13,62,rPrT,13,62,-0.0212097871472893,-0.0044268574252284,0.1627598305691169,28204,0.6786439838697096,-0.1737567420549298,173286,206170,173286,206170,1086,50,Di,True
Zebrafish,subject_13,64,rSP,13,64,0.0097014729097683,1.2826985882739475e-05,0.1634049541535513,1194,0.6516871504489068,2.082182020237939,7307,910,7307,910,3097,35,Tel,True
Zebrafish,subject_13,65,rTeO,13,65,-0.0218807882980858,-0.0051702952012688,0.1305376873724239,93816,0.7137799973757508,-0.6640242779572929,718689,1396122,718689,1396122,55103,116,Mes,True
Zebrafish,subject_13,66,rTh,13,66,-0.0122124107809828,-0.0031448814705737,0.2768719451151287,75225,0.5628207295402488,-0.3177109838736652,271696,373305,271696,373305,6513,27,Di,True
Zebrafish,subject_13,67,rTL,13,67,-0.0305578248461885,-0.0131472459112185,0.1275706940874036,794,0.6984079190033496,0.9063006387990687,6224,2514,6224,2514,163,26,Mes,True
Zebrafish,subject_13,68,rTS,13,68,-0.008292425755652,-0.0078031820657712,0.1037952338923212,588,0.7900765923138936,0.1596369337438435,5665,4829,5664,4828,122,50,Mes,True
Zebrafish,subject_13,69,rTG,13,69,-8.184983912749155e-10,-0.6852306290148186,0.0,0,,0.0,1,1,1,1,0,0,Hind,False
Zebrafish,subject_13,70,rVR,13,70,-0.0047473271195812,-0.0070298353263242,0.2403177755710029,726,0.5648588988919668,2.389656636645346,3021,276,3021,276,152,15,Hind,True
Zebrafish,subject_13,71,rNX,13,71,-0.0196565135181114,0.0039551509964247,0.1664775714641503,6016,0.5601022324537345,-1.0401149706725137,36137,102253,36137,102253,2028,12,Hind,True
Zebrafish,subject_14,0,MON,14,0,-0.009392155495924,0.0001679530621366,0.1443937887156875,48205,0.3602022301943676,0.7532915301205393,333844,157178,333844,157178,22740,20,Hind,True
Zebrafish,subject_14,1,Cb,14,1,-0.0127072102717642,0.0017310928469649,0.1553142901790312,43732,0.5706738535196204,0.4513891584861684,281571,179288,281571,179288,8671,78,Hind,True
Zebrafish,subject_14,2,MOS1,14,2,-0.0106625481781517,0.0049054784219183,0.1931208728107953,134528,0.298785586621061,-0.4737625207745025,696600,1118758,696600,1118758,124738,33,Hind,True
Zebrafish,subject_14,3,MOS2,14,3,-0.0088681549382734,0.0078618102539114,0.1718046832610476,48446,0.6057820875641505,-0.3150641776087525,281983,386415,281983,386415,8412,17,Hind,True
Zebrafish,subject_14,4,MOS3,14,4,-0.0126345318254343,0.0027390368667071,0.1812424159555298,174305,0.5340876918115329,1.7084430786315528,961723,174213,961723,174213,13419,31,Hind,True
Zebrafish,subject_14,5,MOS4,14,5,-0.005634499315689,0.0007238885834105,0.143291447101743,50904,0.5066219840579355,1.245007035585261,355248,102289,355248,102289,8080,66,Hind,True
Zebrafish,subject_14,6,MOS5,14,6,-0.0087511360007752,0.0036146783609035,0.1558497528273453,55329,0.471221879088425,0.6517421710427548,355015,185011,355015,185011,18785,37,Hind,True
Zebrafish,subject_14,7,IPN,14,7,-0.0077241019173498,0.0016562329413654,0.1976427923844061,1308,0.4567960448642266,-1.0781084033104629,6618,19453,6618,19453,308,32,Hind,True
Zebrafish,subject_14,8,IO,14,8,3.21270387095212e-98,,0.0,0,,1.0986122886681098,2,0,2,0,0,0,Hind,False
Zebrafish,subject_14,9,Hc,14,9,-0.0148949256685373,-0.0002090300703837,0.136858006042296,453,0.7190082644628099,0.2979022474212662,3310,2457,3310,2457,22,15,Di,True
Zebrafish,subject_14,10,Ra,14,10,-0.0086575977394652,0.0093862373882594,0.1914792480263955,20544,0.5624822571070286,-1.2080106094204126,107291,359086,107291,359086,3428,14,Hind,True
Zebrafish,subject_14,11,T,14,11,-0.0156795012410955,8.487888971979926e-05,0.1879720760277389,284476,0.5876696618936991,1.1557087479361312,1513395,476468,1513395,476468,11688,26,Mes,True
Zebrafish,subject_14,12,aRF,14,12,-0.0149807771300542,-0.0030948603921244,0.1316691645811157,36986,0.5782831560603329,0.6234582231401998,280901,150587,280901,150587,1284,33,Hind,True
Zebrafish,subject_14,13,imRF,14,13,-0.0180648404918513,0.0020981625037515,0.1689400719858333,43980,0.5155506239592322,-0.1039574652349825,260329,288849,260329,288849,4217,24,Hind,True
Zebrafish,subject_14,14,pRF,14,14,-0.0163494833081252,0.0071671605388979,0.19693489493301,41583,0.5041523804246935,-1.25113248183213,211151,737827,211151,737825,5513,23,Hind,True
Zebrafish,subject_14,16,Hb,14,16,0.0153734493759316,-0.0003958577497052,0.4009999415238875,13715,0.5736629580609348,5.997417382011513,34202,84,34202,84,1603,19,Di,True
Zebrafish,subject_14,17,Hi,14,17,-0.0137856070468642,-0.0030127508436555,0.1940147381447938,3449,0.6997266483169616,1.6158143694424751,17777,3532,17777,3532,395,66,Di,True
Zebrafish,subject_14,18,HR,14,18,-0.0152520211271655,0.0010539262673303,0.2003203294817526,5253,0.5916442435425318,-0.7710639147415058,26223,56697,26223,56697,619,16,Di,True
Zebrafish,subject_14,19,OG,14,19,-0.0024989539838195,-0.0097753005066954,0.0,0,0.599609375,-1.123003741792269,80,248,80,248,16,6,Tel,True
Zebrafish,subject_14,20,OB,14,20,0.0009969218896953,0.0032648935426512,0.1071428571428571,3,0.7178792013789143,-0.1880522315029396,28,34,28,34,236,40,Tel,True
Zebrafish,subject_14,21,OE,14,21,-3.105863459805812e-07,1.844832884325507e-06,0.0,0,0.6618750000000001,0.4700036292457356,7,4,7,4,40,17,Tel,True
Zebrafish,subject_14,22,P,14,22,0.0011121227995439,-0.031655661846853,0.2090329601990049,2689,0.7449378699594402,0.7016558771458417,12864,6377,12864,6377,2831,61,Tel,True
Zebrafish,subject_14,24,PT,14,24,-0.0054177483368254,-0.0036682576153279,0.2359980929447034,29205,0.6006615693814601,-0.8545246692181121,123751,290848,123751,290848,1649,22,Di,True
Zebrafish,subject_14,25,PO,14,25,0.0051048129924978,0.0070408566713996,0.2718209646727889,39426,0.7001061753902661,0.3370860276274106,145044,103539,145044,103539,1320,40,Tel,True
Zebrafish,subject_14,26,PrT,14,26,-0.0178723616954835,-0.0015817446917765,0.1574992124417621,37997,0.711344966870943,-0.2866349052541413,241252,321333,241252,321333,1701,27,Di,True
Zebrafish,subject_14,28,SP,14,28,0.0011577562197159,-0.0169603388122871,0.2253419420609973,5305,0.6734493430979819,2.148683229017034,23542,2745,23542,2745,2487,42,Tel,True
Zebrafish,subject_14,29,TeO,14,29,-0.011559526157302,-0.0020433640035767,0.1373925571901117,134077,0.7545831913980134,-0.2649599962229643,975868,1271926,975868,1271926,43383,127,Mes,True
Zebrafish,subject_14,30,Th,14,30,-0.0139923330415729,0.0014485614115617,0.2180499699167168,34429,0.709188307779529,-0.9856246980080458,157895,423079,157895,423079,4084,33,Di,True
Zebrafish,subject_14,31,TL,14,31,-0.0575527941447903,-0.0060490813217382,0.1097954790096878,714,0.6515816326530611,1.4232544088716257,6503,1566,6503,1566,140,22,Mes,True
Zebrafish,subject_14,32,TS,14,32,-0.0102969783550204,-0.0059176310637187,0.1511710601175801,6377,0.700045351473923,-0.421743726264575,42184,64315,42184,64315,315,51,Mes,True
Zebrafish,subject_14,33,TG,14,33,,,,0,,0.0,0,0,0,0,0,0,Hind,False
Zebrafish,subject_14,34,VR,14,34,-0.0195040539226013,0.0003926554444448,0.1474654377880184,96,0.7243237217598097,3.43552212420323,651,20,651,20,116,18,Hind,True
Zebrafish,subject_14,35,NX,14,35,-0.0046467263225931,0.0006868553350092,0.2242464820165856,19091,0.3997878345702816,-0.430478059620807,85134,130936,85134,130936,9005,11,Hind,True
Zebrafish,subject_14,36,rMON,14,36,-0.0118586997352598,0.000856970077747,0.1262706604114038,43737,0.34878528824471,0.3800218662745125,346375,236867,346375,236867,29170,20,Hind,True
Zebrafish,subject_14,37,rCb,14,37,-0.015554684380978,-0.0014052604960603,0.1349960454609475,24920,0.5620234914525358,0.2136759994533258,184598,149083,184598,149083,8696,62,Hind,True
Zebrafish,subject_14,38,rMOS1,14,38,-0.0102808891516404,0.0060471206047898,0.2996795978767381,169200,0.292191558208435,-0.7321138372480324,564603,1174077,564603,1174077,125994,23,Hind,True
Zebrafish,subject_14,39,rMOS2,14,39,-0.0034138057699124,0.0088431298510108,0.2600948847827637,29166,0.4303298133075716,-1.552712173926844,112136,529764,112136,529764,11375,20,Hind,True
Zebrafish,subject_14,40,rMOS3,14,40,-0.0140848887543284,-0.0062902631403345,0.2309934724912129,241521,0.5135872168334054,1.2442300384750622,1045575,301295,1045575,301295,19218,23,Hind,True
Zebrafish,subject_14,41,rMOS4,14,41,-0.0071628210808754,-0.0011092156828308,0.2071440929477368,77823,0.7265822231391903,1.0677361022055778,375695,129158,375695,129158,5606,66,Hind,True
Zebrafish,subject_14,42,rMOS5,14,42,-0.0063988599359977,-0.0030611609028153,0.2018208811061226,112832,0.484936150143829,1.2470608415518945,559070,160647,559070,160647,32526,31,Hind,True
Zebrafish,subject_14,43,rIPN,14,43,-0.0032842672597,0.0027237584315301,0.1562024766456658,1438,0.5802189188432575,-0.9461858615394124,9206,23715,9206,23715,189,32,Hind,True
Zebrafish,subject_14,44,rIO,14,44,0.0343384136324138,-0.0085159189276035,0.0055555555555555,1,0.40625,3.8122026701459353,180,3,180,3,4,9,Hind,True
Zebrafish,subject_14,45,rHc,14,45,-0.0017652779288319,-0.0035679882404143,0.1767317939609236,199,0.3828125,-0.2289827256509041,1126,1416,1126,1416,8,7,Di,True
Zebrafish,subject_14,46,rRa,14,46,-0.0166615668384918,0.0056330647583689,0.1743995355924824,12017,0.6798495092203678,-0.9803592996264436,68905,183662,68905,183662,1055,23,Hind,True
Zebrafish,subject_14,47,rT,14,47,-0.0169599826439189,-0.0018227454584885,0.1500202555449058,189233,0.5517992923080154,0.910326237055838,1261383,507571,1261383,507571,14433,25,Mes,True
Zebrafish,subject_14,48,raRF,14,48,-0.0191558753376233,-0.0072160325387638,0.1318394648829431,27594,0.6510503953866732,0.5440402308447937,209300,121477,209300,121477,1161,28,Hind,True
Zebrafish,subject_14,49,rimRF,14,49,-0.0209074329982654,-0.0002463961238982,0.1662793439089286,49370,0.5303131506993908,-0.2107216038776369,296910,366556,296910,366556,4912,14,Hind,True
Zebrafish,subject_14,50,rpRF,14,50,-0.0069540464655237,0.0062686754132932,0.1808188803906783,40285,0.4614050079205318,-1.5027374388106542,222792,1001225,222792,1001225,14119,19,Hind,True
Zebrafish,subject_14,52,rHb,14,52,0.0062232765087732,-0.0074001338413912,0.2444444444444444,3124,0.6957777003874355,5.221608467534455,12780,68,12780,68,802,37,Di,True
Zebrafish,subject_14,53,rHi,14,53,-0.0160800205353299,0.0006309842347518,0.2832826747720364,5126,0.6860464571503531,0.6944743207680079,18095,9035,18095,9035,461,41,Di,True
Zebrafish,subject_14,54,rHR,14,54,-0.0286332033202884,-0.0027760863621656,0.1876253827473339,1777,0.5769659166852306,-2.1243556587907557,9471,79256,9471,79256,536,14,Di,True
Zebrafish,subject_14,56,rOB,14,56,-0.0003193659749531,-0.0061822603428277,0.0454545454545454,1,0.8223140495867767,-3.928409745542919,22,1168,22,1168,88,53,Tel,True
Zebrafish,subject_14,57,rOE,14,57,3.237064101173385e-62,-2.881856324500032e-31,0.0,0,0.6918518518518517,-0.916290731874155,1,4,1,4,45,20,Tel,True
Zebrafish,subject_14,58,rP,14,58,0.005268785346293,-0.015297413487845,0.3026351927608089,20936,0.748371050487582,1.6392952559099845,69179,13428,69179,13428,2264,88,Tel,True
Zebrafish,subject_14,60,rPT,14,60,-0.0069761662586783,-0.0031248268959364,0.2155881436435916,22831,0.6402850329758383,-0.5617260249814282,105901,185719,105901,185719,1248,19,Di,True
Zebrafish,subject_14,61,rPO,14,61,0.0032899255843591,0.0044202402775782,0.290874712497707,61842,0.6736827233130269,0.4153749191997887,212607,140340,212607,140340,1549,25,Tel,True
Zebrafish,subject_14,62,rPrT,14,62,-0.0179043055243578,-0.0013449188504186,0.160153060602737,39426,0.6971030180208152,-0.1003940643548887,246177,272175,246177,272175,1458,44,Di,True
Zebrafish,subject_14,64,rSP,14,64,0.0112353267694618,-0.0033952064956306,0.1656298600311042,1491,0.6290594160767173,2.302918370784166,9002,899,9002,899,2512,34,Tel,True
Zebrafish,subject_14,65,rTeO,14,65,-0.0186269903254124,-0.0027028050211798,0.1371061530270053,117421,0.7197619356783249,-0.6438911928752412,856424,1630525,856424,1630525,42465,132,Mes,True
Zebrafish,subject_14,66,rTh,14,66,-0.0101136138986354,-0.0003279082270046,0.2398968155752706,68818,0.6583188653125457,-0.1045099312613758,286865,318468,286865,318468,5832,41,Di,True
Zebrafish,subject_14,67,rTL,14,67,-0.0282668922514499,-0.013654607536201,0.1420584862385321,991,0.7115851543531043,0.5216817203936692,6976,4140,6976,4140,93,25,Mes,True
Zebrafish,subject_14,68,rTS,14,68,-0.0038580661551267,-0.015784412181488,0.1621556694426649,2025,0.8356276521099938,1.0549023232654466,12488,4348,12488,4348,173,60,Mes,True
Zebrafish,subject_14,70,rVR,14,70,0.0009028289375807,-0.006653893862854,0.1791488570897602,964,0.6251260909609228,2.5918787693401684,5381,402,5381,402,151,14,Hind,True
Zebrafish,subject_14,71,rNX,14,71,-0.0178672490534446,0.0052303265515132,0.1733641771315267,10492,0.4916517621550236,-0.9081580834721436,60520,150076,60520,150076,8931,10,Hind,True
Zebrafish,subject_15,0,MON,15,0,-0.0108860571231844,0.001810838330195,0.1086046479284591,23427,0.3116010498489355,0.8980081831396923,215709,87875,215709,87875,16583,29,Hind,True
Zebrafish,subject_15,1,Cb,15,1,-0.0133987364924786,0.004744780364368,0.1533598606963782,21930,0.6398256732277408,0.4500389395946819,142997,91175,142997,91175,5948,95,Hind,True
Zebrafish,subject_15,2,MOS1,15,2,-0.0099541257317571,0.0060018396536724,0.1890595951822186,59695,0.2943362719635937,-0.5758721346711801,315747,561614,315747,561614,65781,34,Hind,True
Zebrafish,subject_15,3,MOS2,15,3,-0.0108553485607514,0.0123266349827198,0.1534841215444368,13436,0.6486505478451424,-0.204648438640551,87540,107420,87540,107420,1850,32,Hind,True
Zebrafish,subject_15,4,MOS3,15,4,-0.0155852509473334,0.0055727189605019,0.1806791370917163,90747,0.4890959573957386,1.7597056941703733,502255,86435,502255,86435,11399,26,Hind,True
Zebrafish,subject_15,5,MOS4,15,5,-0.0093132057929568,0.0086227482942287,0.1337622650923,25738,0.6004333019904969,1.2692189514771766,192416,54078,192388,54078,4781,108,Hind,True
Zebrafish,subject_15,6,MOS5,15,6,-0.0108024420654128,0.0068304959041533,0.1676200228060785,36014,0.5409994615917407,0.6896996542973665,214855,107798,214533,107448,12395,55,Hind,True
Zebrafish,subject_15,7,IPN,15,7,-0.0145422816085841,0.0042284865126044,0.115403422982885,472,0.5241445621318032,-1.1621419901918228,4090,13077,4090,13076,181,26,Hind,True
Zebrafish,subject_15,8,IO,15,8,6.524261735492306e-06,-0.0226862721162557,0.0,0,0.4027777777777779,-3.0726933146901194,4,107,4,107,6,5,Hind,True
Zebrafish,subject_15,9,Hc,15,9,-0.0058644230107949,-5.077342925056883e-05,0.0,0,,-0.2219686931410854,510,637,510,637,0,0,Di,False
Zebrafish,subject_15,10,Ra,15,10,-0.015692619068055,0.0123442222909928,0.139485294117647,5691,0.5598387503149407,-1.0732532121995395,40800,119337,40800,119337,945,36,Hind,True
Zebrafish,subject_15,11,T,15,11,-0.0162354810314531,-0.0036829635126848,0.1893431066668407,58017,0.7016736006006279,0.9277063359947684,306412,121173,306412,121173,1447,48,Mes,True
Zebrafish,subject_15,12,aRF,15,12,-0.0165664989294073,-0.0005546350752722,0.1476934702298133,24627,0.5787107259861132,0.691164081183474,166744,83537,166744,83537,1326,42,Hind,True
Zebrafish,subject_15,13,imRF,15,13,-0.0206078315963131,0.0052019636086177,0.1763060827576956,26289,0.5676989922889321,0.0945613538740357,149110,135656,149110,135656,3419,41,Hind,True
Zebrafish,subject_15,14,pRF,15,14,-0.0149925315940941,0.0109636125632128,0.2092606879284997,28752,0.5333449776876876,-0.9993968423468972,137398,373263,137398,373263,5334,37,Hind,True
Zebrafish,subject_15,16,Hb,15,16,0.0240612647681008,0.0008173437045405,0.3715277777777778,856,0.83207100591716,4.970247233190968,2304,15,2304,15,130,61,Di,True
Zebrafish,subject_15,17,Hi,15,17,-0.0197917575589033,-0.0040064913836953,0.1895481200413936,1099,0.7663602900659038,0.5814950655808191,5798,3241,5798,3241,212,56,Di,True
Zebrafish,subject_15,18,HR,15,18,-0.0124263685314361,-0.0058390853636512,0.2536276313100347,3723,0.7141625969548979,-0.572571591314663,14679,26024,14679,25976,59,22,Di,True
Zebrafish,subject_15,19,OG,15,19,-0.0008785795345574,0.0001180453756247,0.0898876404494382,40,0.613573407202216,1.3641205036255686,445,113,445,113,19,14,Tel,True
Zebrafish,subject_15,20,OB,15,20,-0.0001328771829485,4.44526035451208e-28,0.1428571428571428,1,0.78125,0.6931471805599453,7,3,7,3,8,18,Tel,True
Zebrafish,subject_15,22,P,15,22,-0.0018581544380635,-0.0371114281121089,0.1850581751377832,1511,0.7947228519283084,0.620877782191287,8165,4388,8165,4388,843,121,Tel,True
Zebrafish,subject_15,24,PT,15,24,-0.010807781535401,-0.0070577306138928,0.1944113464273359,15174,0.6352420232439969,-0.6912684630492095,78051,155810,78051,155810,957,35,Di,True
Zebrafish,subject_15,25,PO,15,25,0.0072243433394807,0.006440963663109,0.2787626701126681,20709,0.7009063537119249,0.3100325652279685,74289,54485,74271,54469,806,43,Tel,True
Zebrafish,subject_15,26,PrT,15,26,-0.0161305078071485,-0.0027013363612703,0.116158089165528,11477,0.6937916596162588,-0.5049565631305462,98805,163712,98805,163712,549,64,Di,True
Zebrafish,subject_15,28,SP,15,28,0.0064983971163566,-0.0311795928604765,0.2510335544659167,2611,0.6881482900508058,1.521777832227459,10401,2270,10401,2270,867,75,Tel,True
Zebrafish,subject_15,29,TeO,15,29,-0.0140634688505035,-0.0034083969193655,0.1588403305502973,52109,0.8133677832523485,-0.1317061285014219,328059,374241,328059,374241,12221,319,Mes,True
Zebrafish,subject_15,30,Th,15,30,-0.0193420018789171,-0.0002493624428914,0.2179956613654263,31554,0.696227893572301,-0.9748110555806132,144746,383675,144736,383675,2783,66,Di,True
Zebrafish,subject_15,31,TL,15,31,-0.0648268025196061,0.0042464564562613,0.0423954936258523,143,0.7549097401309264,1.662386086752196,3373,639,3373,639,71,35,Mes,True
Zebrafish,subject_15,32,TS,15,32,-0.0059388470130551,-0.0094605564136859,0.1632072313357884,975,0.7820512820512818,0.5614584888505051,5974,3407,5974,3407,39,34,Mes,True
Zebrafish,subject_15,33,TG,15,33,,,,0,0.4799999999999998,0.0,0,0,0,0,5,2,Hind,False
Zebrafish,subject_15,34,VR,15,34,-0.0055651614010872,0.0021413954133487,0.2438238453276047,227,0.6822621405641692,1.3608692627540806,931,238,931,238,121,25,Hind,True
Zebrafish,subject_15,35,NX,15,35,-0.0071020390039589,0.009299745000424,0.2271625471080521,12839,0.3956506627859827,-0.3724295210308386,56519,82024,56428,81951,4009,11,Hind,True
Zebrafish,subject_15,36,rMON,15,36,-0.0184926460991344,-0.0032137185492174,0.1319063552524957,23929,0.3115460463166123,0.1632747347176691,181409,154081,181409,154081,22301,32,Hind,True
Zebrafish,subject_15,37,rCb,15,37,-0.0166914189847568,-2.3106711531857185e-05,0.157605720844001,17852,0.6581393221837143,0.159981135486316,113270,96524,113270,96524,7223,100,Hind,True
Zebrafish,subject_15,38,rMOS1,15,38,-0.0106205266409192,0.008815419785142,0.297849441847152,78044,0.2863144179905313,-0.5235423884841512,262025,442298,262025,442298,49623,37,Hind,True
Zebrafish,subject_15,39,rMOS2,15,39,-0.0006264455908755,0.0118913017227425,0.3081546689384258,13022,0.559101712717393,-1.4793938551907708,42258,185528,42258,185528,2643,30,Hind,True
Zebrafish,subject_15,40,rMOS3,15,40,-0.0168823152257718,-0.0085566079418407,0.2249122203516745,129457,0.5214846389694227,1.220715436728271,575589,169809,575589,169809,13432,19,Hind,True
Zebrafish,subject_15,41,rMOS4,15,41,-0.010504792298498,0.0005179955545119,0.2183317948461437,48014,0.6793505071918837,0.87105675597929,219913,92035,219913,92035,4455,99,Hind,True
Zebrafish,subject_15,42,rMOS5,15,42,-0.0104772934841931,-0.0072078853378426,0.1839748670370144,51299,0.4149332465374669,1.0725628718013818,278837,95398,278791,95398,21808,42,Hind,True
Zebrafish,subject_15,43,rIPN,15,43,-0.0086965923409178,0.0056111336727882,0.1333189748007753,619,0.5030040816326531,-0.9937461159827404,4643,12544,4643,12544,175,30,Hind,True
Zebrafish,subject_15,44,rIO,15,44,0.0304129267019968,-0.0152630670780655,0.02803738317757,6,0.5361111111111112,2.662587827025453,214,14,214,14,30,13,Hind,True
Zebrafish,subject_15,45,rHc,15,45,0.0001485833509089,-0.0051165906808008,0.002016129032258,1,0.615702479338843,-1.455287232606842,496,2129,496,2129,11,19,Di,True
Zebrafish,subject_15,46,rRa,15,46,-0.0206526168823533,0.0104195874534922,0.1184159773711053,2763,0.7423217807833191,-1.131341281885866,23333,72330,23333,72330,273,43,Hind,True
Zebrafish,subject_15,47,rT,15,47,-0.0209693085801675,-0.0015901178023219,0.1671812077853003,83611,0.5477070292260047,0.8917221452466781,500122,205024,500122,205024,4542,71,Mes,True
Zebrafish,subject_15,48,raRF,15,48,-0.0220225276972105,-0.0081744945491599,0.1406813151400537,16589,0.681414273605215,0.3915737442773611,117919,79712,117917,79712,1062,67,Hind,True
Zebrafish,subject_15,49,rimRF,15,49,-0.0239724919637183,-0.000482131001817,0.1717208207063105,25669,0.5481439585983072,-0.1001685105701624,149481,165230,149481,165230,3769,30,Hind,True
Zebrafish,subject_15,50,rpRF,15,50,-0.0064394599194731,0.009188609312681,0.2148857272589677,22716,0.4698552778328433,-1.4746984784405217,105712,461935,105712,461935,8498,22,Hind,True
Zebrafish,subject_15,52,rHb,15,52,0.0081818823664773,0.0168620719787823,0.1323529411764706,504,0.811654526534859,5.472533244238822,3808,15,3808,15,155,72,Di,True
Zebrafish,subject_15,53,rHi,15,53,-0.01863785586144,-0.0017460102966314,0.2401722201422688,2566,0.7004061707442657,0.7468816957833387,10684,5062,10684,5062,229,73,Di,True
Zebrafish,subject_15,54,rHR,15,54,-0.0217738534674752,-0.0048531575735422,0.141494788201375,638,0.5979591836734695,-2.226599186016124,4509,41799,4509,41799,70,16,Di,True
Zebrafish,subject_15,55,rOG,15,55,-0.0001466038220386,3.253702056994895e-05,0.0,0,0.5546875,0.0,1,1,1,1,8,12,Tel,True
Zebrafish,subject_15,56,rOB,15,56,,-0.0149899679904671,,0,,-4.04305126783455,0,56,0,56,0,0,Tel,False
Zebrafish,subject_15,58,rP,15,58,0.0067444546816346,-0.0206527039183289,0.2102678571428571,6123,0.8080836328947347,1.4039277142719522,29120,7152,29107,7152,821,146,Tel,True
Zebrafish,subject_15,60,rPT,15,60,-0.006000876031484,-0.0055749395533733,0.2131568160080161,14040,0.6369222376512597,-0.537910406804127,65867,112793,65867,112793,710,40,Di,True
Zebrafish,subject_15,61,rPO,15,61,0.0076331703541446,0.0045828298838139,0.2591783747057824,21362,0.6904447045472349,0.5375433859364096,82422,48149,82266,48127,649,34,Tel,True
Zebrafish,subject_15,62,rPrT,15,62,-0.0216401391272797,-0.0040628975187954,0.1466882575037797,17755,0.6541703255409204,-0.0982725005285932,121039,133538,121039,133538,795,60,Di,True
Zebrafish,subject_15,64,rSP,15,64,0.0145122419134045,-0.0033170722222282,0.2571347838372421,910,0.6678229825815298,2.666550470195457,3539,245,3539,245,917,54,Tel,True
Zebrafish,subject_15,65,rTeO,15,65,-0.0212916618935517,-0.0047009650128242,0.1395131429927104,49397,0.7777321037617756,-0.6724583421513419,354067,693635,354060,693635,14431,311,Mes,True
Zebrafish,subject_15,66,rTh,15,66,-0.0071339273890906,-0.0030444360501284,0.2687421463056823,44698,0.6308407297830376,-0.2776605226416416,166323,219553,166323,219553,3119,65,Di,True
Zebrafish,subject_15,67,rTL,15,67,-0.0295584573091689,-0.0131002423523222,0.153925887535631,594,0.7528240190249701,0.6192612907997039,3859,2077,3859,2077,58,38,Mes,True
Zebrafish,subject_15,68,rTS,15,68,-0.0033682009608876,-0.0077714625742217,0.0511455681555195,221,0.8138013087447951,1.375707380761981,4321,1091,4319,1091,41,55,Mes,True
Zebrafish,subject_15,69,rTG,15,69,,0.0842289350290606,,0,,-1.0986122886681098,0,2,0,2,0,0,Hind,False
Zebrafish,subject_15,70,rVR,15,70,-0.0003162109520233,-0.0147443542791848,0.1673121611154144,216,0.6743096646942802,1.7086255689848455,1291,233,1291,233,78,16,Hind,True
Zebrafish,subject_15,71,rNX,15,71,-0.0307486147759096,0.0062969642811081,0.147577709325119,5270,0.3765965108359191,-0.7212278229321927,35710,73455,35710,73455,17535,12,Hind,True
Zebrafish,subject_16,0,MON,16,0,-0.0124100185505509,-0.0014117768694663,0.127388116622204,34906,0.3600243400105873,0.9529906662317784,274013,105655,274013,105655,17079,35,Hind,True
Zebrafish,subject_16,1,Cb,16,1,-0.0166637684342718,0.0006884914570073,0.1416445344593691,29653,0.5913449566283567,0.4709221350992387,209348,130722,209348,130722,9126,88,Hind,True
Zebrafish,subject_16,2,MOS1,16,2,-0.0074649086262923,0.0042804704487003,0.1975732831121781,82458,0.2811429328335152,-0.7152677562329874,417354,853379,417348,853378,79310,35,Hind,True
Zebrafish,subject_16,3,MOS2,16,3,-0.0096395674837345,0.0101158401988135,0.1577412620378476,23423,0.6564978822366749,-0.2330251354306952,148490,187456,148490,187456,2178,51,Hind,True
Zebrafish,subject_16,4,MOS3,16,4,-0.0155389212531289,0.0001378627862991,0.1611112088245123,119081,0.4797488040480161,1.8732224326373867,739123,113549,739123,113549,13480,35,Hind,True
Zebrafish,subject_16,5,MOS4,16,5,-0.007043935239816,-0.0006821508683748,0.1278345085876466,34952,0.6424671046300681,1.3716877698405776,273416,69359,273416,69359,6184,120,Hind,True
Zebrafish,subject_16,6,MOS5,16,6,-0.0091215897421818,0.001129797948912,0.1505358764127413,43275,0.5535673010984596,0.6918122989367396,287473,143928,287473,143867,14187,39,Hind,True
Zebrafish,subject_16,7,IPN,16,7,-0.0316437632416669,0.0018095144967943,0.2156983930778739,1047,0.4902180993239144,-1.1435206702073082,4854,15233,4854,15233,211,21,Hind,True
Zebrafish,subject_16,8,IO,16,8,-0.0024511905218647,-0.0122744915824028,0.0,0,,-3.198673117550681,1,48,1,48,0,0,Hind,False
Zebrafish,subject_16,9,Hc,16,9,-0.00122467443907,,0.0,0,,4.820281565605037,123,0,123,0,0,0,Di,False
Zebrafish,subject_16,10,Ra,16,10,-0.0138342284850853,0.0103957195981993,0.1781721158732847,8414,0.5733995584988962,-1.2451198280724656,47224,164028,47224,164028,906,34,Hind,True
Zebrafish,subject_16,11,T,16,11,-0.0170950030054129,-0.0042119067010986,0.1895404157092431,180317,0.6273068235231802,1.1389826534713352,951338,304565,951297,304565,5119,44,Mes,True
Zebrafish,subject_16,12,aRF,16,12,-0.0151065299873008,-0.0044835767206892,0.1166050651576331,23882,0.6353064763307423,0.627218716128936,204811,109384,204811,109384,1263,45,Hind,True
Zebrafish,subject_16,13,imRF,16,13,-0.0225134812393206,0.0011715935251862,0.1585933619066323,27456,0.5032735247592162,-0.1472258016456945,173122,200582,173122,200582,3076,35,Hind,True
Zebrafish,subject_16,14,pRF,16,14,-0.0172901165163176,0.007125334077089,0.2152224410288926,35301,0.5293969994006671,-1.1272868104104192,164021,506379,164020,506379,4772,49,Hind,True
Zebrafish,subject_16,16,Hb,16,16,0.0177224078003818,-0.0021462623049889,0.308201288525161,1770,0.6945820821488196,5.254713729065905,5743,29,5743,29,433,44,Di,True
Zebrafish,subject_16,17,Hi,16,17,-0.0239457148107445,0.0036780240868391,0.0942031605974035,2605,0.7446507544224766,1.2967669263902937,27653,7560,27653,7560,245,89,Di,True
Zebrafish,subject_16,18,HR,16,18,-0.0165590610296081,-0.0035402237303631,0.18003262199266,2649,0.6445437679203914,-0.6909361072890466,14714,29364,14714,29358,77,22,Di,True
Zebrafish,subject_16,19,OG,16,19,,,,0,0.4444444444444445,0.0,0,0,0,0,3,9,Tel,False
Zebrafish,subject_16,20,OB,16,20,-0.0010232915972284,0.0007383194816829,0.2830188679245283,15,0.5693005671077502,0.1177830356563834,53,47,53,47,805,17,Tel,True
Zebrafish,subject_16,21,OE,16,21,-0.0085054228262582,-0.010121884798787,0.0,0,0.6696000000000001,-0.0870113769896298,10,11,10,11,25,22,Tel,True
Zebrafish,subject_16,22,P,16,22,0.0046497248463185,-0.0393101363398967,0.2727406210997724,3715,0.7707272684273441,0.7738385593983167,13621,6282,13621,6282,1364,103,Tel,True
Zebrafish,subject_16,24,PT,16,24,-0.0108838789448988,-0.0051718599933914,0.2083539270926005,18970,0.62323046931771,-0.7866754940504198,91047,199948,91047,199948,1244,26,Di,True
Zebrafish,subject_16,25,PO,16,25,0.0073731921277183,0.00636149377797,0.3151721144166028,34124,0.6836898835772709,0.3125187769952357,108271,79211,108271,79197,1332,28,Tel,True
Zebrafish,subject_16,26,PrT,16,26,-0.020453891113026,-0.0014850257353444,0.1328566095842471,11389,0.4578033774094915,-0.488782167476817,85724,139759,85724,139759,1129,71,Di,True
Zebrafish,subject_16,28,SP,16,28,0.0106115750827743,-0.0219689276902355,0.2720918101199791,5216,0.6368978027030914,2.1800549979836905,19170,2166,19170,2166,1916,44,Tel,True
Zebrafish,subject_16,29,TeO,16,29,-0.0110271518518184,-0.0022026520170567,0.1399643976241698,95767,0.7335110846722905,-0.4082220918859268,684224,1029170,684224,1029170,36862,176,Mes,True
Zebrafish,subject_16,30,Th,16,30,-0.0176772935158277,0.0023046521900481,0.2034166403037013,19933,0.7378063491482065,-1.0150904632452276,97991,270419,97991,270419,2102,65,Di,True
Zebrafish,subject_16,31,TL,16,31,-0.0585688498318023,-0.013320331879973,0.0499535007307028,376,0.7085257002154509,2.01563389330328,7527,1002,7527,1002,171,28,Mes,True
Zebrafish,subject_16,32,TS,16,32,-0.0110212672415344,-0.009690554729964,0.125087016010946,5211,0.6421214411690604,-0.6304951809494403,41659,78259,41659,78259,315,53,Mes,True
Zebrafish,subject_16,33,TG,16,33,-0.0013596807484462,0.0089970053629761,0.2620087336244541,180,0.553125,0.7780466243464316,687,315,687,315,40,9,Hind,True
Zebrafish,subject_16,34,VR,16,34,0.0023514089090976,0.001862513395079,0.0313439244310863,73,0.6690055832201599,2.501350118513116,2329,190,2329,190,141,12,Hind,True
Zebrafish,subject_16,35,NX,16,35,-0.0077815126846051,0.0075395524154843,0.1862376322480502,19557,0.3491814194139895,-0.4371570652657694,105011,162589,105011,162582,10853,8,Hind,True
Zebrafish,subject_16,36,rMON,16,36,-0.0113596667598018,-0.0016042033407504,0.135662529340761,38550,0.3270724230642978,0.4158669911247618,284161,187480,284161,187480,27544,20,Hind,True
Zebrafish,subject_16,37,rCb,16,37,-0.0226718472193532,0.0020816537065072,0.1359815756684437,26629,0.6031114443071909,0.1886028281021641,195828,162168,195828,162168,12271,67,Hind,True
Zebrafish,subject_16,38,rMOS1,16,38,-0.0147406606344109,0.0061342395441588,0.2954982722941898,121948,0.2723719478215206,-0.4279815975482602,412686,633126,412686,633126,65666,45,Hind,True
Zebrafish,subject_16,39,rMOS2,16,39,-0.0026234666040952,0.0107233691580869,0.234875656690429,15782,0.5445757023667516,-1.453291015816313,67193,287399,67193,287399,4041,39,Hind,True
Zebrafish,subject_16,40,rMOS3,16,40,-0.0164847054366043,-0.0075616730130933,0.2578690867038911,209162,0.5057027183669489,1.1971226798420296,811117,245007,811117,245007,16484,16,Hind,True
Zebrafish,subject_16,41,rMOS4,16,41,-0.0085209846883733,0.0007851860095915,0.191944010510961,74214,0.7072495034539372,1.2531794578582744,386644,110423,386644,110423,8551,99,Hind,True
Zebrafish,subject_16,42,rMOS5,16,42,-0.0080181006542016,-0.0025257968568838,0.1823961396896958,82856,0.3552189431618014,1.3200017960224253,454264,121349,454264,121349,36194,32,Hind,True
Zebrafish,subject_16,43,rIPN,16,43,-0.0306784867293414,0.0008625219138304,0.2285758323057953,1483,0.450119334029848,-1.1143100780146862,6488,19774,6488,19774,323,18,Hind,True
Zebrafish,subject_16,44,rIO,16,44,0.0103285405513743,-0.0008655979877643,0.0309278350515463,3,0.4134615384615385,2.6390573296152584,97,6,97,6,26,10,Hind,True
Zebrafish,subject_16,46,rRa,16,46,-0.0198811637402325,0.008435250103286,0.1818864062766501,5332,0.695344387755102,-1.1685598141655118,29315,94319,29315,94319,280,38,Hind,True
Zebrafish,subject_16,47,rT,16,47,-0.0198655489821491,-0.0009601234524792,0.1544172244351895,117499,0.4974073397142745,0.7506739470650821,760919,359190,760919,359190,9216,40,Mes,True
Zebrafish,subject_16,48,raRF,16,48,-0.0188852804757023,-0.0046508056337094,0.1457071194289022,15104,0.719391569856489,0.237435685327753,103660,81751,103660,81751,551,65,Hind,True
Zebrafish,subject_16,49,rimRF,16,49,-0.0239927077739265,0.0035706491312224,0.1607942206266897,21768,0.5182715421597633,-0.3896389340382766,135378,199879,135378,199879,2288,30,Hind,True
Zebrafish,subject_16,50,rpRF,16,50,-0.009252681572599,0.0090829554437422,0.166317009657064,20374,0.4873583993575348,-1.5758724001406683,122501,592291,122501,592291,7088,34,Hind,True
Zebrafish,subject_16,52,rHb,16,52,0.0048200558513521,-0.0087327422453623,0.2081235313863712,620,0.7215056663285825,5.109306821603285,2979,17,2979,17,413,42,Di,True
Zebrafish,subject_16,53,rHi,16,53,-0.0090770376229974,0.0034295135193085,0.2069455879050969,2765,0.8495756969204147,0.7111194229643757,13361,6561,13361,6561,219,71,Di,True
Zebrafish,subject_16,54,rHR,16,54,-0.0274308828904556,-0.0039819940599679,0.1865505742867728,1007,0.7054222222222222,-2.4410012757185857,5398,62004,5398,62004,75,15,Di,True
Zebrafish,subject_16,55,rOG,16,55,-3.882100265894594e-07,-2.9359378652219088e-08,0.0,0,0.3199999999999998,-1.0986122886681098,1,5,1,5,5,6,Tel,True
Zebrafish,subject_16,56,rOB,16,56,0.0043878204140337,-0.0036731218444257,0.0,0,0.8073926592797782,-4.31748811353631,6,524,6,524,76,51,Tel,True
Zebrafish,subject_16,57,rOE,16,57,3.917497940863771e-10,-1.6946663958903768e-10,0.0,0,0.6392381656804733,0.0,3,3,3,3,52,19,Tel,True
Zebrafish,subject_16,58,rP,16,58,0.0066192392747327,-0.0141929453786083,0.2853569694026226,11751,0.8111208614622238,1.8587146426079912,41180,6418,41180,6418,944,108,Tel,True
Zebrafish,subject_16,60,rPT,16,60,-0.0107529213075884,-0.0041051916083601,0.2160265005126587,16434,0.602737513053008,-0.7379515078139074,76074,159121,76074,159121,1244,24,Di,True
Zebrafish,subject_16,61,rPO,16,61,0.0084019355443779,0.0030001528776505,0.3296780562638049,46419,0.6297276150423,0.7447388106626245,140801,66860,140801,66825,1430,28,Tel,True
Zebrafish,subject_16,62,rPrT,16,62,-0.0212028674182455,-0.0031065396212039,0.1519441228102939,20340,0.686445431750019,-0.323775951266672,133865,185047,133865,185047,946,55,Di,True
Zebrafish,subject_16,64,rSP,16,64,-0.0022085665495317,-0.0016056656917991,0.1913521261347348,801,0.667395352416128,2.619427989411732,4186,304,4186,304,1140,73,Tel,True
Zebrafish,subject_16,65,rTeO,16,65,-0.0212136399348867,-0.0036371169258184,0.1176382235874298,79888,0.6834936711461365,-0.7255241327407493,679099,1402893,679099,1402893,44819,184,Mes,True
Zebrafish,subject_16,66,rTh,16,66,-0.0112954475682798,-0.002722484486155,0.2739093505412631,48050,0.6489352935199462,-0.3873067411896781,175423,258400,175423,258400,4306,36,Di,True
Zebrafish,subject_16,67,rTL,16,67,-0.0322271889211204,-0.0172200364688304,0.1761586802827965,897,0.7572318339100347,0.7945232368492389,5092,2300,5092,2300,85,36,Mes,True
Zebrafish,subject_16,68,rTS,16,68,-0.0018570038287542,-0.0180064610023711,0.1302892660769782,545,0.8264000000000004,0.6136929678276244,4183,2264,4182,2263,50,52,Mes,True
Zebrafish,subject_16,69,rTG,16,69,1.1312263970522351e-14,0.0,0.0,0,,0.0,1,1,1,1,0,0,Hind,False
Zebrafish,subject_16,70,rVR,16,70,-0.0070916661966419,-0.0069594113781546,0.182088565763384,551,0.6147374260355027,2.454645678006191,3026,259,3026,259,104,14,Hind,True
Zebrafish,subject_16,71,rNX,16,71,-0.017303047663416,0.0111644868050843,0.1668527651127446,10759,0.410070501513524,-0.9201200607567288,64482,161825,64482,161825,7751,21,Hind,True
Zebrafish,subject_17,0,MON,17,0,-0.0083785025878565,-0.00653636974829,0.1330275606408075,32368,0.2948936638030711,1.02114723528258,243318,87638,243318,87638,16681,53,Hind,True
Zebrafish,subject_17,1,Cb,17,1,-0.0121444764435234,-0.0024720959674152,0.1641908125941332,36629,0.6031864953694602,0.4432726760907677,223088,143207,223088,143207,14287,99,Hind,True
Zebrafish,subject_17,2,MOS1,17,2,-0.0096639890714432,0.0063573198747965,0.2178517313914959,78502,0.2706664386045421,-0.3701345061580254,360346,521756,360346,521756,47394,33,Hind,True
Zebrafish,subject_17,3,MOS2,17,3,-0.0074515959554193,0.0124537373426252,0.1936382228797702,26700,0.5459318262726952,-0.1964336319520648,137886,167815,137886,167815,1060,61,Hind,True
Zebrafish,subject_17,4,MOS3,17,4,-0.0164283968292685,0.0030569295629503,0.1834233273248225,91480,0.4097474164192418,1.6779879067933132,498737,93138,498737,93138,10000,28,Hind,True
Zebrafish,subject_17,5,MOS4,17,5,-0.006616246393561,-7.690905813514227e-05,0.1276800628869018,25988,0.6231375355880577,1.1537084969849656,203540,64209,203540,64209,3117,115,Hind,True
Zebrafish,subject_17,6,MOS5,17,6,-0.0076799326031148,-0.0002707224565474,0.1617755065242344,36785,0.5842833299737955,0.8613237457105629,227383,96092,227383,96092,11247,68,Hind,True
Zebrafish,subject_17,7,IPN,17,7,-0.0240436119904435,0.003998151101089,0.1767928286852589,710,0.5394469983775015,-1.1249813238546935,4016,12372,4016,12372,172,20,Hind,True
Zebrafish,subject_17,8,IO,17,8,-0.0001658361435414,-0.0016426354559304,0.2857142857142857,2,0.590423638305447,-3.8892660183055296,7,390,7,390,53,9,Hind,True
Zebrafish,subject_17,9,Hc,17,9,-0.0078510433868905,0.0011328275812671,0.0647181628392484,31,0.6124260355029585,-0.4687006974653195,479,766,479,766,13,12,Di,True
Zebrafish,subject_17,10,Ra,17,10,-0.0148270503115894,0.0086080184280231,0.1966700539357461,7548,0.6830009179848533,-1.095236787403114,38379,114751,38379,114751,686,35,Hind,True
Zebrafish,subject_17,11,T,17,11,-0.0198084327127755,-0.00382316534479,0.1808405727817637,138451,0.6764617726774589,1.1407264284932506,765597,244674,765597,244674,5882,33,Mes,True
Zebrafish,subject_17,12,aRF,17,12,-0.0161749224951703,0.0008244245873031,0.1575389367250899,21626,0.6601360467301572,0.278268617564606,137274,103929,137274,103929,804,52,Hind,True
Zebrafish,subject_17,13,imRF,17,13,-0.0259227485936307,0.0025686940998444,0.1748262900102517,15348,0.5734717822477449,-0.5275702052429987,87790,148788,87790,148788,1430,49,Hind,True
Zebrafish,subject_17,14,pRF,17,14,-0.0154757857690795,0.0064137709090651,0.2054930902514545,22498,0.6164798588593793,-1.5588923448670176,109483,520437,109483,520437,2412,69,Hind,True
Zebrafish,subject_17,16,Hb,17,16,0.0238138945209611,-0.0001451404465394,0.3494863778472532,3130,0.528544901660145,6.702295355676824,8956,10,8956,10,1233,44,Di,True
Zebrafish,subject_17,17,Hi,17,17,-0.022321317002284,-0.0028178913911625,0.1547248687536457,3183,0.8103647807654609,1.2394125378455432,20572,5956,20572,5956,288,59,Di,True
Zebrafish,subject_17,18,HR,17,18,-0.0074267306345181,-0.0022705173207937,0.2291766971593644,3808,0.6424877908646941,-0.55351912824019,16616,28902,16616,28902,59,23,Di,True
Zebrafish,subject_17,19,OG,17,19,0.0009948208168121,2.737158528539588e-05,0.0,0,0.4444444444444445,2.5649493574615367,25,1,25,1,3,9,Tel,True
Zebrafish,subject_17,20,OB,17,20,-0.0001047495137277,-0.0001782641764432,0.1111111111111111,4,0.6572831632653061,0.2097205309820691,36,29,36,29,280,35,Tel,True
Zebrafish,subject_17,21,OE,17,21,3.3535971624666745e-41,-5.903361985157811e-05,0.0,0,0.6727839335180057,-0.2876820724517809,2,3,2,3,38,25,Tel,True
Zebrafish,subject_17,22,P,17,22,0.0017029381473925,-0.0266376026912718,0.2098779012209878,1908,0.810177345118428,1.0361519262872796,9091,3225,9091,3225,1258,101,Tel,True
Zebrafish,subject_17,24,PT,17,24,-0.0102926654150442,-0.0029069604277006,0.2171799567171633,13046,0.6601285404913018,-0.8599124626599185,60070,141944,60070,141944,752,31,Di,True
Zebrafish,subject_17,25,PO,17,25,0.0069157633930777,0.0041861005993259,0.2834912110837168,28401,0.6625996673764762,0.6713666242349513,100183,51194,100183,51194,1502,33,Tel,True
Zebrafish,subject_17,26,PrT,17,26,-0.0214360218561846,-0.0001860897202898,0.1338827538076275,13045,0.4431877711975993,-0.4359191840588264,97436,150674,97436,150674,1218,63,Di,True
Zebrafish,subject_17,28,SP,17,28,-7.66211532735504e-05,-0.0224241516274004,0.2985145888594164,5627,0.605362430739761,1.7335936588924228,18850,3329,18850,3329,2068,67,Tel,True
Zebrafish,subject_17,29,TeO,17,29,-0.0118519793495643,-0.002531538923418,0.1805690238770469,197380,0.616472449756041,0.0725686566056256,1093100,1016585,1093100,1016585,99357,118,Mes,True
Zebrafish,subject_17,30,Th,17,30,-0.0213735692441697,0.0026026510862324,0.1698011924618009,8857,0.7872919231558433,-1.060385930359646,52161,150616,52161,150616,1368,81,Di,True
Zebrafish,subject_17,31,TL,17,31,-0.0377045046555244,-0.0090447102804519,0.0805307409353652,613,0.7364115738236883,2.2567579125159973,7612,796,7612,796,86,31,Mes,True
Zebrafish,subject_17,32,TS,17,32,-0.0133084040031716,-0.0096519904601769,0.1397456384212945,6384,0.5758761551819136,-0.0468870948967984,45683,47876,45683,47876,789,56,Mes,True
Zebrafish,subject_17,33,TG,17,33,0.0277608056597682,-0.0150064838034189,0.137546468401487,37,0.6352040816326532,1.1210851445201684,269,87,269,87,14,13,Hind,True
Zebrafish,subject_17,34,VR,17,34,9.39790510604212e-05,0.0276852235910382,0.1181485992691839,194,0.5480811176608763,1.851319533115651,1642,257,1642,257,299,14,Hind,True
Zebrafish,subject_17,35,NX,17,35,-0.002703459718899,0.0085613845457553,0.1916672055875315,11855,0.5028563691564206,-0.0797528967637966,61852,66987,61852,66987,1518,22,Hind,True
Zebrafish,subject_17,36,rMON,17,36,-0.0094166527618355,-0.0004689165126372,0.1519108849004375,34025,0.3598971289076448,0.5230935667068793,223980,132749,223980,132749,14154,35,Hind,True
Zebrafish,subject_17,37,rCb,17,37,-0.0147869115426434,0.0004331931869796,0.152125373667537,28956,0.5874074216640898,-0.087940402854966,190343,207840,190343,207840,18957,64,Hind,True
Zebrafish,subject_17,38,rMOS1,17,38,-0.0104284531640851,0.0059649297107073,0.282124905944319,93736,0.2722210096779977,-0.5745453397017325,332250,590184,332250,590184,61628,30,Hind,True
Zebrafish,subject_17,39,rMOS2,17,39,-0.0015124441446586,0.0094613710600982,0.2635295746694053,11419,0.4796612803360487,-1.5684014652457563,43331,207948,43331,207948,1435,50,Hind,True
Zebrafish,subject_17,40,rMOS3,17,40,-0.018052166721634,-0.0075972219402655,0.2109474683097914,131600,0.5223593820079628,1.139834898485904,623852,199552,623852,199552,13932,19,Hind,True
Zebrafish,subject_17,41,rMOS4,17,41,-0.0110361717858804,-0.0002730172080916,0.1987912957849819,51478,0.6444306262461693,1.2582441423033293,258955,73582,258955,73582,5462,95,Hind,True
Zebrafish,subject_17,42,rMOS5,17,42,-0.0082240762427154,0.0016121472176498,0.2041918369222756,79975,0.3822530293612482,1.160197051306573,391666,122757,391666,122757,31237,39,Hind,True
Zebrafish,subject_17,43,rIPN,17,43,-0.0261345386287601,0.0047207604259747,0.1773514851485148,1433,0.504933775928128,-0.439965965926252,8080,12546,8080,12546,348,16,Hind,True
Zebrafish,subject_17,44,rIO,17,44,0.0,-2.97250938198205e-71,0.0,0,0.21875,0.0,3,3,3,3,4,3,Hind,True
Zebrafish,subject_17,46,rRa,17,46,-0.0204033974797751,0.0057943244074423,0.143784596460056,4208,0.6511011342155011,-1.0544990443533195,29266,84011,29266,84011,460,29,Hind,True
Zebrafish,subject_17,47,rT,17,47,-0.024441773486817,-0.0020668188758269,0.1391546963613031,84039,0.5510457497525306,0.6765290105250404,603925,307022,603925,307022,7814,30,Mes,True
Zebrafish,subject_17,48,raRF,17,48,-0.0202032334575056,-0.0060455132670405,0.1228510478102647,5874,0.8440003770383635,0.0691572087971196,47814,44619,47814,44619,206,69,Hind,True
Zebrafish,subject_17,49,rimRF,17,49,-0.0285760802397077,0.002461199119543,0.1676241602310542,10679,0.4979068964070351,-0.7385689176546191,63708,133338,63708,133338,1319,45,Hind,True
Zebrafish,subject_17,50,rpRF,17,50,-0.0070983116274345,0.0081979605187281,0.1415165690915712,10104,0.5297984605032174,-1.8562988657276431,71398,456953,71398,456953,3175,49,Hind,True
Zebrafish,subject_17,52,rHb,17,52,0.00196196894792,1.8146975249186552e-05,0.2206621342004138,1493,0.7075309759370808,5.354077233432499,6766,31,6766,31,537,48,Di,True
Zebrafish,subject_17,53,rHi,17,53,-0.0008173009333734,0.002992506686199,0.311472275334608,3258,0.827812494707785,0.2099436065578121,10460,8479,10460,8479,243,69,Di,True
Zebrafish,subject_17,54,rHR,17,54,-0.0183690249038575,-0.0012053534389431,0.1774496015002344,757,0.6981132075471698,-2.280189465342036,4266,41724,4266,41724,53,19,Di,True
Zebrafish,subject_17,55,rOG,17,55,-0.0002857952265054,-0.0017149037930624,0.0,0,0.595,1.252762968495368,6,1,6,1,10,14,Tel,True
Zebrafish,subject_17,56,rOB,17,56,2.195168305882971e-07,-0.0028243916483958,0.1428571428571428,1,0.8256044391597305,-3.746558565700614,7,338,7,338,87,54,Tel,True
Zebrafish,subject_17,57,rOE,17,57,0.3661236767414836,-0.165397484978872,0.4,2,0.7211484331018951,0.4054651081081644,5,3,5,3,73,24,Tel,True
Zebrafish,subject_17,58,rP,17,58,0.0054106305636886,-0.0073275688314985,0.2835725411659991,10195,0.7788257116620758,1.2313135766478145,35952,10494,35952,10494,1650,103,Tel,True
Zebrafish,subject_17,60,rPT,17,60,-0.0136538024037795,-0.0027287950493053,0.2451944652206432,13113,0.5755087979180759,-0.5954773070665802,53480,97008,53480,97008,891,23,Di,True
Zebrafish,subject_17,61,rPO,17,61,0.0068985057439075,0.0027682995898966,0.2641981338633071,31373,0.642287396515513,0.4991382989244441,118748,72086,118748,72086,1439,25,Tel,True
Zebrafish,subject_17,62,rPrT,17,62,-0.0223277546688356,-0.0009853648315283,0.1456132641506245,17231,0.7014810366836872,-0.2646400806120124,118334,154185,118334,154185,976,66,Di,True
Zebrafish,subject_17,64,rSP,17,64,-0.0042866103333149,-0.0023470415803456,0.1718483816013628,807,0.580432593873136,2.2521437688390726,4696,493,4696,493,2408,52,Tel,True
Zebrafish,subject_17,65,rTeO,17,65,-0.0218913908469203,-0.0031434679394961,0.1366743868848431,97900,0.7382655100942063,-0.7754723082795963,716301,1555533,716301,1555533,57376,122,Mes,True
Zebrafish,subject_17,66,rTh,17,66,-0.0161646158073484,-0.0009029777787503,0.2323242650407562,24996,0.6901528097188588,-0.3316154384509759,107591,149898,107591,149898,2903,59,Di,True
Zebrafish,subject_17,67,rTL,17,67,-0.0287540734622788,-0.0132543271548887,0.0754276827371695,291,0.7427053466014502,0.2891515804311408,3858,2889,3858,2889,77,31,Mes,True
Zebrafish,subject_17,68,rTS,17,68,-0.0091871758401281,-0.0075609411636347,0.072006160954948,187,0.8900935374149664,1.5709280576722249,2597,539,2597,539,84,67,Mes,True
Zebrafish,subject_17,69,rTG,17,69,2.0825599009953738e-103,-4.879258668188298e-194,0.0,0,0.0,-0.4054651081081644,1,2,1,2,1,8,Hind,True
Zebrafish,subject_17,70,rVR,17,70,-0.0009176720943901,0.0006567827209745,0.3022323983972524,528,0.6211011342155012,2.086330202675021,1747,216,1747,216,92,15,Hind,True
Zebrafish,subject_17,71,rNX,17,71,-0.0272097380125648,0.0061054766591879,0.1503641358859186,6896,0.5656175220368775,-0.731077266690547,45862,95271,45862,95271,6780,13,Hind,True
Zebrafish,subject_18,0,MON,18,0,-0.0111828525728056,-0.0074190639881882,0.1273423608261523,24206,0.3270811598994141,0.7997260091952875,190086,85434,190086,85434,13898,41,Hind,True
Zebrafish,subject_18,1,Cb,18,1,-0.0120562955285139,-0.0008794531432777,0.1527464936781091,30516,0.5949961097627469,0.3107320844965925,199782,146422,199782,146422,12720,72,Hind,True
Zebrafish,subject_18,2,MOS1,18,2,-0.0133963982199079,0.0064501621952827,0.192406293832544,69273,0.2593475366559176,-0.4757234716459431,360035,579361,360035,579361,57128,31,Hind,True
Zebrafish,subject_18,3,MOS2,18,3,-0.017577789871505,0.0120377250488065,0.1342199714539949,22475,0.4887492806224628,-0.2086708570920076,167449,206304,167449,206304,3610,56,Hind,True
Zebrafish,subject_18,4,MOS3,18,4,-0.0163561342331094,0.0034958210008534,0.1852918412998062,100312,0.4669214417846574,1.7156024675504211,541373,97368,541373,97368,9409,27,Hind,True
Zebrafish,subject_18,5,MOS4,18,5,-0.010927789368984,-0.0013298955933485,0.1164923858581787,24854,0.6594941936085867,1.0951872432086909,213353,71361,213353,71361,3961,139,Hind,True
Zebrafish,subject_18,6,MOS5,18,6,-0.0111337572969434,-0.0012450286516079,0.1466709752243179,33134,0.5911517853973974,0.5609047532874618,225907,128923,225907,128923,10636,47,Hind,True
Zebrafish,subject_18,7,IPN,18,7,-0.0077302110973172,0.0034650955183167,0.1562872822715342,655,0.7994897959183672,-0.969161979112297,4191,11048,4191,11048,70,33,Hind,True
Zebrafish,subject_18,8,IO,18,8,-2.6879228426786134e-05,-0.0072208314739815,0.1428571428571428,1,0.625,-1.9636097261547143,7,56,7,56,4,10,Hind,True
Zebrafish,subject_18,9,Hc,18,9,0.0041181054606896,7.003593975531979e-05,0.1210300429184549,282,0.7003125000000001,-0.6178835397233419,2330,4323,2330,4323,40,34,Di,True
Zebrafish,subject_18,10,Ra,18,10,-0.0136903709857461,0.0109072103673495,0.178394778440671,6997,0.6135613088210489,-1.1131823901310216,39222,119395,39222,119395,770,48,Hind,True
Zebrafish,subject_18,11,T,18,11,-0.0189931781359318,-0.00448880940704,0.1783447348902155,122869,0.6244389867266947,1.132421148783001,688941,222012,688941,222012,3577,56,Mes,True
Zebrafish,subject_18,12,aRF,18,12,-0.0172838191448186,0.0001318891626198,0.1242151491931333,21722,0.6804702879603258,0.5927476277813838,174874,96671,174874,96671,1162,76,Hind,True
Zebrafish,subject_18,13,imRF,18,13,-0.0260176644951672,0.0035430632629107,0.1574824397793563,19842,0.5740178924744533,-0.2991364271301981,125995,169929,125995,169929,2154,55,Hind,True
Zebrafish,subject_18,14,pRF,18,14,-0.0180094293007557,0.0092010113008455,0.1929020981436575,27922,0.5608676006511463,-1.2655368737636608,144747,513130,144747,513130,4555,61,Hind,True
Zebrafish,subject_18,16,Hb,18,16,0.0131758857481709,-0.0004978782246833,0.2813094784925771,1478,0.5741708059605831,5.622496304144611,5254,18,5254,18,395,62,Di,True
Zebrafish,subject_18,17,Hi,18,17,-0.0170367301407756,-0.0004573744575022,0.1131690472453304,3605,0.7424415530278174,0.8092521924400357,31855,14181,31855,14181,502,127,Di,True
Zebrafish,subject_18,18,HR,18,18,-0.0103868016412779,-0.0087819157132493,0.205587241233629,3893,0.7461224489795919,-0.4317488116133255,18936,29161,18936,29161,70,27,Di,True
Zebrafish,subject_18,19,OG,18,19,-0.0012323592211549,0.0028897724094337,0.0080645161290322,1,0.5532544378698223,1.6928195213731514,124,22,124,22,13,26,Tel,True
Zebrafish,subject_18,20,OB,18,20,-3.506092575982367e-08,-4.5585324307457784e-09,0.2105263157894736,4,0.6446124763705103,0.3566749439387324,19,13,19,13,23,15,Tel,True
Zebrafish,subject_18,21,OE,18,21,,,,0,,0.0,0,0,0,0,0,0,Tel,False
Zebrafish,subject_18,22,P,18,22,0.0009609493785259,-0.0372832135518386,0.2081804446363047,1929,0.753930592038347,0.4242549755149607,9266,6062,9266,6062,1061,135,Tel,True
Zebrafish,subject_18,24,PT,18,24,-0.0088043265796131,-0.0085379242343288,0.151720890671041,9989,0.6152839917620323,-0.8288415522050027,65838,150814,65838,150814,866,43,Di,True
Zebrafish,subject_18,25,PO,18,25,0.0080067484820118,0.0033517057375302,0.25977613025149,25018,0.6755164821597598,0.5601169154828681,96306,55004,96306,55004,1034,38,Tel,True
Zebrafish,subject_18,26,PrT,18,26,-0.0231945293322192,-0.0033538636489673,0.1143251853731427,8110,0.434568717720066,-0.4270381950470352,70938,108728,70938,108728,855,74,Di,True
Zebrafish,subject_18,28,SP,18,28,0.0062076087374373,-0.0367667343131638,0.2603635810451054,3423,0.6444454562165546,1.605112022486978,13147,2640,13147,2640,1084,58,Tel,True
Zebrafish,subject_18,29,TeO,18,29,-0.0150799893794718,-0.0051039877183423,0.1714495736154384,128049,0.7570907449703977,-0.1372622300330341,746861,856746,746861,856746,44691,163,Mes,True
Zebrafish,subject_18,30,Th,18,30,-0.0208142146865424,-0.0005273436622652,0.2049445162440394,18395,0.7806930174612559,-0.9403687596494008,89756,229860,89756,229860,1354,83,Di,True
Zebrafish,subject_18,31,TL,18,31,-0.0479349757506916,-0.0138187556619153,0.0643112992510582,395,0.7897621858660817,1.6583094733721255,6142,1169,6142,1169,77,31,Mes,True
Zebrafish,subject_18,32,TS,18,32,-0.011966565055276,-0.0120271370282894,0.1830961385350318,7359,0.5608336838731647,-0.5172488586964492,40192,67419,40192,67419,387,61,Mes,True
Zebrafish,subject_18,33,TG,18,33,-0.0024227115644352,-0.0094630300754104,0.0,0,0.4027777777777777,-0.5096053673607613,163,272,163,272,6,14,Hind,True
Zebrafish,subject_18,34,VR,18,34,-0.0061371249385091,-0.0037778580178121,0.2469402447804175,343,0.7830882352941176,2.4167774605197003,1389,123,1389,123,68,17,Hind,True
Zebrafish,subject_18,35,NX,18,35,-0.0064678810466935,0.0055359529119225,0.1838927460919197,17269,0.4047099351970367,-0.0865897807846739,93908,102402,93908,102402,14201,7,Hind,True
Zebrafish,subject_18,36,rMON,18,36,-0.0100668251318369,-0.002028573950515,0.1264790062258416,25719,0.3307375452780477,0.4359754711443172,203346,131490,203346,131490,14257,37,Hind,True
Zebrafish,subject_18,37,rCb,18,37,-0.0170961834707093,0.0003965805874292,0.1286181005330429,22440,0.6015614489558088,0.1776794259132323,174470,146068,174470,146068,13164,94,Hind,True
Zebrafish,subject_18,38,rMOS1,18,38,-0.0115829579622008,0.007104103460063,0.2845260478578555,86408,0.2750451892712193,-0.6558200148462817,303691,585129,303691,585129,66318,35,Hind,True
Zebrafish,subject_18,39,rMOS2,18,39,-0.001553617416103,0.0102247471876378,0.2480885458384912,10221,0.6076106376107397,-1.368262616341577,41199,161854,41199,161854,1629,66,Hind,True
Zebrafish,subject_18,40,rMOS3,18,40,-0.0182509796078251,-0.0082280846695731,0.2483928508353643,140645,0.5176704005860677,1.2164560356783407,566220,167758,566220,167758,10202,19,Hind,True
Zebrafish,subject_18,41,rMOS4,18,41,-0.0108733375368089,-6.60905319473585e-05,0.190425342587649,47080,0.6807783044355528,1.1106281965537492,247236,81427,247236,81427,4275,109,Hind,True
Zebrafish,subject_18,42,rMOS5,18,42,-0.0105126893420797,-0.0047645977695566,0.1941485718758357,59531,0.2995413426939294,1.0898453440802858,306626,103108,306626,103108,23675,55,Hind,True
Zebrafish,subject_18,43,rIPN,18,43,-0.0079569084671741,0.0042188714951858,0.1265235824059353,955,0.589615155723071,-0.6830955066461896,7548,14946,7548,14946,142,35,Hind,True
Zebrafish,subject_18,44,rIO,18,44,0.0342048824404465,-0.0016100607371327,0.1411290322580645,35,0.4261157024793388,3.3202283191284883,248,8,248,8,55,12,Hind,True
Zebrafish,subject_18,45,rHc,18,45,-0.0014701233331513,-0.0056092850883923,0.2017094017094017,236,0.7653091557669439,-1.2714957659647572,1170,4175,1170,4175,58,27,Di,True
Zebrafish,subject_18,46,rRa,18,46,-0.0201237637248414,0.0058026772067929,0.1202849792202652,3039,0.7122344909550727,-0.8932132158011126,25265,61723,25265,61723,269,44,Hind,True
Zebrafish,subject_18,47,rT,18,47,-0.0248616023613117,-0.0034319852380419,0.1581331136904866,81211,0.6198539090659873,0.7468494794933032,513561,243354,513561,243354,4907,73,Mes,True
Zebrafish,subject_18,48,raRF,18,48,-0.0207270492778414,-0.0061110965454662,0.1309477830990267,13562,0.6945850717840181,0.216853571651138,103568,83377,103568,83377,861,69,Hind,True
Zebrafish,subject_18,49,rimRF,18,49,-0.026693117996108,0.0012366609405543,0.143612656150269,15750,0.5726351502272878,-0.3795870375224782,109670,160303,109670,160303,2035,51,Hind,True
Zebrafish,subject_18,50,rpRF,18,50,-0.0072699438575574,0.0086489323744127,0.1629239949748743,14525,0.5176762207805472,-1.690039399378406,89152,483181,89152,483181,5873,53,Hind,True
Zebrafish,subject_18,52,rHb,18,52,0.0053306727364464,-0.000415644311019,0.2241218526577556,721,0.8117219330013583,5.368465126450118,3217,14,3217,14,188,77,Di,True
Zebrafish,subject_18,53,rHi,18,53,-0.0121136485918336,0.0054653294731765,0.2356235486955334,6900,0.6786730917075332,0.4030265608189136,29284,19570,29284,19570,1172,71,Di,True
Zebrafish,subject_18,54,rHR,18,54,-0.0181338971272122,-0.0030489476622331,0.1461299296350842,893,0.580690119184929,-2.096615698323126,6111,49742,6111,49742,102,22,Di,True
Zebrafish,subject_18,55,rOG,18,55,-1.6310963490933286e-11,0.0,0.0,0,0.5617283950617282,0.0,1,1,1,1,9,8,Tel,True
Zebrafish,subject_18,56,rOB,18,56,7.677946093135198e-85,-0.0061195803255579,0.0,0,0.4765625,-3.756538102587751,4,213,4,213,8,13,Tel,True
Zebrafish,subject_18,58,rP,18,58,0.008568707222774,-0.0166221288023735,0.2589233059058103,9220,0.7921406615592722,1.3137843272435594,35609,9571,35609,9571,1159,144,Tel,True
Zebrafish,subject_18,60,rPT,18,60,-0.0098606323409244,-0.0046470539129834,0.1918577777777777,10792,0.6531519064877769,-0.6204918022517817,56250,104617,56250,104617,701,30,Di,True
Zebrafish,subject_18,61,rPO,18,61,0.0084514090657385,0.0022638864366296,0.2774822323685055,39746,0.6294787691025199,0.5870985416995219,143238,79631,143238,79631,1134,20,Tel,True
Zebrafish,subject_18,62,rPrT,18,62,-0.0259520606570214,-0.0030077019088246,0.1268687474240323,16930,0.6483381203678142,-0.1572930778162242,133445,156176,133445,156176,868,55,Di,True
Zebrafish,subject_18,64,rSP,18,64,0.0047638318603937,0.0084862004204375,0.1560967063770147,891,0.6236255840752014,2.10444949562984,5708,695,5708,695,1206,59,Tel,True
Zebrafish,subject_18,65,rTeO,18,65,-0.0238742627943315,-0.0041129238660788,0.1235087642562683,67770,0.7262933467300263,-0.5965570840594967,548706,996372,548706,996372,30863,249,Mes,True
Zebrafish,subject_18,66,rTh,18,66,-0.0143704603670719,-0.0018861478868911,0.2444614931314175,43973,0.598532694114596,-0.3588418425631263,179877,257525,179877,257525,3813,57,Di,True
Zebrafish,subject_18,67,rTL,18,67,-0.0385448255538786,-0.0175587599875957,0.0609800362976406,168,0.6746031746031746,0.7622437273359846,2755,1285,2755,1285,63,25,Mes,True
Zebrafish,subject_18,68,rTS,18,68,-0.0207010990709213,-0.0111401846545554,0.0820862676056338,1119,0.8883997767995532,1.2049268278085623,13632,4085,13632,4085,127,100,Mes,True
Zebrafish,subject_18,69,rTG,18,69,-0.010568775715967,0.0,0.0,0,0.3163265306122449,3.258096538021482,77,2,77,2,7,12,Hind,True
Zebrafish,subject_18,70,rVR,18,70,-0.0012427422096966,0.000420414925933,0.160513643659711,200,0.7166820560172361,2.90898824050393,1246,67,1246,67,57,19,Hind,True
Zebrafish,subject_18,71,rNX,18,71,-0.0321629545428664,0.0078260878482202,0.1501971766588558,5256,0.4146897338549033,-0.71690891350649,34994,71672,34994,71672,11246,12,Hind,True
