recording_id,root_area_id,EdgeStdFCV,FCS,Subject,FU_DCApost,Hard_OO_fraction,Reciprocity,LogOutIn
subject_12,0,0.2986618161273212,0.0654994508129081,12,-0.0014152689408775,0.4284907552284197,0.1857053132644291,1.6279741836104125
subject_12,1,0.28747077474849,0.2356356736901673,12,-0.0395306287509969,0.2720361951601293,0.574658556734899,0.2621048646650062
subject_12,2,0.2936473669814159,0.2948547368380223,12,-0.0034073001819469,0.0,0.8327217758505712,-0.3547123614941922
subject_12,3,0.252397532981229,0.3237373265928152,12,-0.0034160233215288,0.0,0.8924748753983168,-1.37034593544029
subject_12,4,0.3047427431062824,0.2960685608414876,12,-0.0480934080022495,0.2869358225076327,0.6298503270682102,0.2618691474438412
subject_12,5,0.2668073249879713,0.3233694695890315,12,-0.0400122906310144,0.2950883524539421,0.4808627700390064,0.6394706239157965
subject_12,6,0.2921313922895192,0.2439741099858112,12,-0.0121808193150295,0.2723005503968249,0.4456884761357243,0.6409326340830407
subject_12,10,0.3292076849883602,0.2017195703589149,12,0.0148571106589047,0.0,0.6304561447998225,-1.0382042445550546
subject_12,11,0.3040399624181056,0.3311500762944364,12,-0.0676822288763302,0.2920782334153796,0.4582273420201703,0.5690675226319694
subject_12,16,0.3421079612873121,0.0427029418003617,12,0.0069572350161849,0.7852192650398928,0.5092889173606663,-0.453186147138072
subject_12,22,0.3514891943468322,0.0730452559034799,12,-0.0046870610702378,0.657549714572486,0.4791732011793488,0.2117215384324447
subject_12,24,0.317124287638903,0.2314092612690027,12,-0.0253682045410234,0.503537323470074,0.3536606142120601,0.0544100002947589
subject_12,25,0.3517069016775574,0.1859126374586656,12,0.0051675293083661,0.5205579663158595,0.4022312002261127,0.7732397668621622
subject_12,26,0.2957007567184253,0.3192781543048459,12,-0.0023248022328978,0.0,0.9167050838147738,-0.8000381276173186
subject_12,28,0.3622033202424852,0.142972789108485,12,-0.0243552174611643,0.6148472811943569,0.2059687409639471,1.4573329351701
subject_12,29,0.3294634718993575,0.1220332567039363,12,-0.0381946698787254,0.2026496302639649,0.7941036070961545,-0.221739856211991
subject_12,30,0.3324795375423253,0.2228423091813362,12,-0.0115613970915669,0.0,0.5952079631045664,0.0028682404277127
subject_12,32,0.3305151104274439,0.1024056262556711,12,-0.010773654501088,0.4603836530442035,0.2357520155685293,0.4057430789230188
subject_12,35,0.2435259552568842,0.286725819565572,12,0.01696302418259,0.0,0.7873796818914424,-0.8805430412394611
subject_12,36,0.3138826487688042,0.0740085333350492,12,-0.0036187635991404,0.4270286218622905,0.3373605215166306,0.8536086071837307
subject_12,37,0.2889064433949679,0.2680301441298907,12,-0.0068544329082412,0.3493894991143342,0.6090946377784889,0.2579111701237973
subject_12,38,0.2761476669900498,0.3086412938674912,12,-0.0078647089549799,0.2055191859255973,0.7333930257425816,0.0008267095774435
subject_12,39,0.2470420652102564,0.3239116699164869,12,0.0072586607359467,0.0,0.8411465919503398,-1.0594247663511946
subject_12,40,0.2975294300338618,0.261182817832271,12,-0.0467331568855884,0.2166919059935584,0.6238925487508288,0.3164116249125168
subject_12,41,0.2583631849600435,0.3248053179063156,12,-0.038167157631521,0.2655427587838075,0.5416497386387942,0.4981511486623879
subject_12,42,0.2992009235200499,0.23957378225245,12,-0.0184792558792992,0.1924865230517406,0.4756976486848753,0.4941305585336573
subject_12,46,0.3425982214231488,0.1827270881905318,12,0.0070475038804898,0.0,0.8126595467569679,-1.4130102458298237
subject_12,47,0.2953113826697685,0.2964451410586881,12,-0.0309392363179971,0.0806358279862782,0.6570403690666872,-0.0922363084716915
subject_12,48,0.2638111505037104,0.2840661740177198,12,-0.0316905358464438,0.0,0.8644008409250176,-2.3965460675092163
subject_12,49,0.2385082902652942,0.3368322667901933,12,-0.032425718537219,0.0,0.7350205295200339,-0.1598834522576229
subject_12,50,0.2424924523021285,0.313510558958017,12,-0.0152065215517252,0.0,0.7998189544620181,-0.8693176462512426
subject_12,52,0.3428024437915766,0.1206504218822931,12,-0.0293988053030797,0.4088992794726352,0.5695615514333895,-0.2527994622649376
subject_12,58,0.3654928121668009,0.1035604527788359,12,-0.0031076451473075,0.6146742509729867,0.2862883725214748,0.7046935429926402
subject_12,60,0.3251398399483228,0.2342024475977104,12,-0.0056529002070979,0.0,0.8189979837942709,-1.1652218530023142
subject_12,61,0.354648979103209,0.1891155134728229,12,0.0153839405111227,0.5279752845232957,0.2879534767497331,1.0379843262436106
subject_12,62,0.300802374754631,0.3359911984152258,12,0.0196846088882975,0.0,0.6697081692859415,-0.0146534731682951
subject_12,64,0.3662134960529059,0.1496172600041703,12,-0.0005391890967019,0.7437077385424493,0.4629977460555973,0.4786994182268569
subject_12,65,0.3282752547217701,0.1381057657789434,12,-0.0400708545922232,0.1565836547003754,0.7054176325750388,-0.1970754753546619
subject_12,66,0.3339582884385303,0.2325140049889958,12,0.0047774898455888,0.4423439218547517,0.4859194807740474,-0.0293802684664794
subject_12,71,0.2437087494062082,0.2902111874876414,12,0.032346478852946,0.0,0.9626261474428416,-1.5122278913485747
subject_13,0,0.3191251186459303,0.0730600820485346,13,0.0084782147749972,0.5132848431754522,0.2088746210505688,1.460362876544007
subject_13,1,0.3111927081577565,0.2135285080246124,13,-0.0134851752670571,0.0,0.9072509196543996,-0.2303053381472096
subject_13,2,0.2901162910423224,0.298599778796327,13,-0.0110841298525417,0.0,0.8968788747566443,-0.3925314461922728
subject_13,3,0.2693561570193485,0.3082831404892373,13,-0.0077149780257148,0.0,0.6376688845273677,-0.0332976359263809
subject_13,4,0.3136491994434565,0.2884062560943791,13,-0.0304403171795027,0.1093984346695386,0.691146502821466,0.1384121248240658
subject_13,5,0.2939300549638853,0.3027909467729655,13,-0.0238734701672935,0.339171844739324,0.5637533620278121,0.4578809828005484
subject_13,6,0.3124747848890322,0.222260103063966,13,-0.0046352630922957,0.4173904304056148,0.431963416779035,0.6179180301716476
subject_13,10,0.3036985940641766,0.2666193224544295,13,-0.0456541582996659,0.0,0.8723770491803279,-0.7300002314942781
subject_13,11,0.3167966567937104,0.2446113710950551,13,-0.0303937194486221,0.2825618933841605,0.7086130818752236,-0.2052728753273054
subject_13,16,0.3551854001666263,0.116402952407003,13,0.0051900089141468,0.0,0.6985960988942725,-0.478430753994675
subject_13,22,0.3677386914177424,0.1128125893681732,13,0.0169572210333589,0.0342881859111731,0.5490631696911311,0.1681180924244026
subject_13,24,0.3052915716024793,0.2425110840222222,13,-0.0223528136428315,0.2938084112149532,0.4436629792103757,0.1806421752690672
subject_13,25,0.3453703470214458,0.1951343619518779,13,-0.002423792939794,0.390519975557948,0.4244624203450985,0.5969710710665573
subject_13,26,0.3165103550778609,0.2832838529270348,13,0.006885683884798,0.0,0.5946857174099252,0.0702218205191116
subject_13,28,0.3627231050599804,0.1491486220708028,13,0.0114863965639097,0.5351908949031251,0.2787484298275665,1.050387796902422
subject_13,29,0.3229975737368755,0.1375244692394088,13,-0.0206380616547439,0.2459114516629772,0.7299404057901864,0.0326746101441366
subject_13,30,0.3123939018238326,0.2115632874686229,13,-0.0003901263608452,0.2280519794499849,0.542334239951647,0.4015983208814066
subject_13,32,0.3185673696734081,0.0965828228969964,13,-0.0229824885638951,0.2970588235294117,0.0058823529411764,0.941533349061763
subject_13,35,0.267538192680422,0.2897104756783634,13,0.0084094126364329,0.0,0.5383266238199497,-0.2901832089653636
subject_13,36,0.307914512410394,0.0956123140089003,13,0.0060807223826846,0.3663824190742862,0.3389334351533664,0.7208706778963623
subject_13,37,0.302546438683479,0.183734048020731,13,0.0017396022287709,0.1459240869186865,0.8071485244810729,-0.179444026611973
subject_13,38,0.292909662362423,0.2975544428115743,13,-0.0185234284420597,0.1061871017051612,0.858380802488369,-0.2355467557026423
subject_13,39,0.2687704997819712,0.3132297715023621,13,-0.0086085969799636,0.382496189166078,0.6667936944640667,0.1676578583089406
subject_13,40,0.3212277840366067,0.2733751936848539,13,-0.0248822980836527,0.0511042976223011,0.8410520292429625,-0.0516321270950477
subject_13,41,0.2899548963778321,0.3071993492957965,13,-0.0241380889661394,0.3255527020798026,0.6685196930260822,0.2917058128234589
subject_13,42,0.3174330698568007,0.2058350212706499,13,-0.0112643022993204,0.4016877993394118,0.5909519645997643,0.4217043202886368
subject_13,46,0.3190336233326439,0.2184342873771673,13,-0.0440595539942815,0.0,0.8906622201048118,-0.9621710141246296
subject_13,47,0.3142458310918676,0.2655770967946708,13,0.0103371402451335,0.0877601519047903,0.7213496501405419,-0.1930954559281763
subject_13,48,0.2768516110457426,0.2980538952339715,13,-0.0081387194680495,0.0,0.9142268531357712,-1.44557111355486
subject_13,49,0.2761558123372129,0.3060598609205374,13,-0.018062276729158,0.0,0.956339922467478,-0.925279422436134
subject_13,50,0.3027270268044837,0.2679155235050707,13,-0.0371807576793496,0.1890138509483052,0.6062304575309495,0.0617126375792284
subject_13,52,0.3539718069218756,0.1211411022856161,13,0.0229285731877728,0.0,0.6922380442834801,-0.4585702032657102
subject_13,58,0.3641649756030454,0.1339168807485574,13,0.0201313851298602,0.5874043077721551,0.2855520954975996,1.159204473493397
subject_13,60,0.3134957205541595,0.255778659323089,13,-0.0072136512663019,0.0,0.7786430254382812,-0.4673245385335968
subject_13,61,0.3485498446803723,0.2010768858865158,13,-0.0138945566175702,0.3762819409261946,0.2872777354221489,1.1009020558908085
subject_13,62,0.3236893287563381,0.2819079010056782,13,0.0105377604467409,0.4490328364384475,0.4657326422012022,0.062603408039986
subject_13,64,0.3766592101733778,0.1432340288223827,13,0.0117096108373057,0.6016475433951162,0.1881435716387172,1.1935842406360009
subject_13,65,0.3262911150630772,0.1495779681939428,13,0.0039502495574506,0.2989853962974133,0.711076769518942,0.0732786642608264
subject_13,66,0.3248063358621678,0.2128111369988086,13,-0.0134674212584291,0.2361767615697482,0.4376575758757761,0.53629429988072
subject_13,71,0.2649574198147182,0.2761187059952633,13,0.0168078914192731,0.0,0.69832564249098,-0.3078019974278909
subject_14,0,0.3072397289574019,0.2617846048151735,14,-0.0030489926023497,0.6483024070776124,0.3470360856469893,0.8563093482399544
subject_14,1,0.3349873205554715,0.4045627895327068,14,-0.0091327679140489,0.4308129577222696,0.3348670034806844,0.6630431016724817
subject_14,2,0.345249691275497,0.4787177507969613,14,-0.0145179853385605,0.3475244264351681,0.6229648782632832,0.1043438389581579
subject_14,3,0.335815652938379,0.4842499259991891,14,0.0057033758394223,0.0,0.7341888660042701,-0.9027922654670606
subject_14,4,0.3555195206706565,0.4836473539683956,14,-0.0350449350076602,0.2989733630586828,0.486502621052778,0.5104002281022259
subject_14,5,0.3491365834036656,0.4957520928401035,14,0.0049629676478921,0.4579648055093992,0.3879321735300594,0.6356467135480772
subject_14,6,0.3562967984774149,0.4300105508453177,14,0.006471328966711,0.6095110796765706,0.4354999190826975,0.7126391346096042
subject_14,10,0.3273535778185196,0.53080490281762,14,0.0150366687359514,0.0,0.7423940689661029,-0.3659528974062567
subject_14,11,0.353912794460051,0.4106918514843491,14,-0.0830038282729172,0.2515596927425359,0.6164105444769892,0.2314959465033302
subject_14,16,0.3754253816668789,0.3042111760913181,14,0.0608163103266555,0.6875,0.1810163996948894,-0.2137849317171213
subject_14,22,0.3632562944466082,0.4036470383608785,14,0.0042642780941768,0.0,0.71421287444232,-0.0999605376837253
subject_14,24,0.3186856209082449,0.532662636533165,14,0.0002001111874866,0.0,0.6457138776093211,-0.3980819022626233
subject_14,25,0.3400553072131047,0.469193668309161,14,0.0110104653436334,0.5606046607489322,0.3634147554848017,0.7783331010982472
subject_14,26,0.316677447704624,0.5343769670092584,14,0.019754334051765,0.5297510079258421,0.620462570060987,0.1398642389329686
subject_14,28,0.3635651754085655,0.3610943158492802,14,0.0051911052421881,0.558682535746756,0.4253037441110835,0.6437048863958332
subject_14,29,0.3442100495148447,0.3064655541987566,14,-0.0116588786930186,0.3396395678995448,0.6170384047818719,-0.0451906226320569
subject_14,30,0.350151118809905,0.4837460752305355,14,0.0114737291499113,0.2312594413763156,0.7199909485104795,-0.420558665395315
subject_14,32,0.3221829960286969,0.1554843521425435,14,-0.0541242084006883,0.3769935075744964,0.5192941568170468,-0.4234146463714432
subject_14,35,0.3385803074854254,0.4497817749659933,14,-0.0152719632738185,0.0,0.4928699531953983,-0.9086902395220244
subject_14,36,0.296877553288436,0.2696207216960859,14,0.0183062143010224,0.6872550037320995,0.448331430209739,0.7382858296715918
subject_14,37,0.3225646291711359,0.4628234942466798,14,0.0096036800161734,0.4709688432921269,0.3597448505868686,0.6257616579967319
subject_14,38,0.3195654197775114,0.5072188854201336,14,-0.0218313215345199,0.3864344127157977,0.7002202086776103,0.0568857142097545
subject_14,39,0.3398593538991749,0.4579557891050567,14,0.0053694445832479,0.0,0.7827606186210277,-1.059223269408414
subject_14,40,0.3242399588983556,0.5083531470714533,14,-0.0518695689986157,0.3117605540830109,0.522112712291855,0.4031620469449904
subject_14,41,0.3191370048708165,0.5286675739952408,14,0.0056710028467699,0.3764358288136797,0.5214130923904033,0.303953189572465
subject_14,42,0.3272424932329183,0.4615578238102067,14,0.0149154895695532,0.5278743234787191,0.4743081094729446,0.3407932816611362
subject_14,46,0.336256357889141,0.507198695692304,14,-0.0157918239266694,0.0,0.5624338544723154,0.0174302855293802
subject_14,47,0.3351683255432121,0.5004434848364294,14,-0.0874929229016866,0.1492811855620435,0.6523250660037386,0.0230695414989426
subject_14,48,0.3133556992798736,0.5244808807524657,14,-0.0522464372770853,0.381089755836613,0.5652898246150319,0.0155689069646329
subject_14,49,0.3087548305789612,0.5534826104575623,14,-0.0382002057910718,0.0,0.6960684689915896,-0.3605553744833565
subject_14,50,0.3346808925311137,0.4329774478530678,14,0.0145202672725499,0.0,0.8237561734242073,-1.270836722739786
subject_14,52,0.4007994229410043,0.2983491000736252,14,-0.0218912455339602,0.5160344153304653,0.3803285099726242,0.0983389422862425
subject_14,58,0.3567670933875587,0.391232038363146,14,-0.002340441599355,0.394598035649327,0.3828664969079665,-0.1349876533821199
subject_14,60,0.31684985688264,0.5435199341569822,14,0.0017383995227219,0.0,0.6054630849266223,-0.4114344831330783
subject_14,61,0.3446056716194998,0.4642816589741358,14,0.0070898086436542,0.4888650068660815,0.4544947957091965,0.371101946945905
subject_14,62,0.3284799568601831,0.5249941293211864,14,0.0044295565511822,0.5045148119005592,0.6659209323097208,-0.012069808131188
subject_14,64,0.3499015950839858,0.401835360285572,14,0.0022736239975692,0.5439323820542487,0.1983224064789818,1.5328149596970224
subject_14,65,0.3414401708817659,0.3539887692982035,14,-0.0145783255798076,0.3835076953440993,0.6848486186295756,-0.21041009226026
subject_14,66,0.3579120966054931,0.4850474778381732,14,-0.0003700373631609,0.4009450345609368,0.5831351788733631,-0.0194207282292119
subject_14,71,0.3494784239287543,0.4478488758507251,14,0.008770815200925,0.0,0.6920633225660054,-0.6162085633905536
subject_15,0,0.3414859806228801,0.0493519620320798,15,-0.0029047940855267,0.5960543399094335,0.2571519047468254,1.3141987773315165
subject_15,1,0.343118081039314,0.2530129199781409,15,-0.0267650034242075,0.3542384409516346,0.6525114222767666,-0.194126007089154
subject_15,2,0.377200898028193,0.3344656079681461,15,-0.000588090456978,0.3546934528818642,0.6772526278745965,-0.2164763431143469
subject_15,3,0.3637519496897912,0.3578272708040764,15,-0.013492687166291,0.0,0.6278896842572554,-0.7680047820943037
subject_15,4,0.3785666702291466,0.3365532707948908,15,-0.0608525607375983,0.3752042539526242,0.4957518216970629,0.5687166726538347
subject_15,5,0.3585994828466323,0.3484592034013667,15,-0.0466591852847767,0.43751676052561,0.4327379156610351,0.7365968633126739
subject_15,6,0.3566595452198947,0.2994098272621143,15,-0.0235834388453772,0.47055856709296,0.5304106801396418,0.3714268408182342
subject_15,10,0.3635823282973293,0.3221016761294643,15,0.031239420408659,0.0,0.87313700486172,-1.181530740694316
subject_15,11,0.3460396891509438,0.3998358066166342,15,-0.0826767913625497,0.3506765474361218,0.4391950155278496,0.5409805363915358
subject_15,16,0.3378465761283477,0.1149089209145404,15,0.0141071688151388,0.859504132231405,0.4554637281910009,-0.398865437158226
subject_15,22,0.3734493259626882,0.2353453865863744,15,0.0001040413309539,0.0,0.6997540800357702,-0.0501303475283879
subject_15,24,0.3638878823478433,0.3229805064340043,15,-0.0157210072950179,0.498430441773218,0.3934614501186739,-0.2057886654483669
subject_15,25,0.3848149804116317,0.2574409064939695,15,-0.0001190739425458,0.5473376769265333,0.3407324196809705,0.9315489870115726
subject_15,26,0.3689485004677417,0.32321519787615,15,0.005640291763999,0.0,0.8053850487797646,-0.9414258639404351
subject_15,28,0.3879206851090404,0.257462379729861,15,-0.0055780602993863,0.5795125428864234,0.3142182417680346,0.8290491787988044
subject_15,29,0.3243839990117129,0.1568963627775888,15,-0.0306182255494799,0.3039368282518096,0.6568563281421365,-0.2613530071216783
subject_15,30,0.3496852463105626,0.2830600563269253,15,-0.0105712666857372,0.367049481389514,0.6414021882517266,-0.1084531452093773
subject_15,32,0.3261343407689206,0.1590099603092285,15,-0.016713777182985,0.52,0.1806451612903225,0.3244316146605224
subject_15,35,0.3579118825275899,0.3201261194519954,15,0.0187466230674112,0.0,0.7666064092029581,-1.5057613334619266
subject_15,36,0.3330509956701145,0.0613762422940998,15,0.0217406209849607,0.6630916719696617,0.200432517448147,1.411483765275023
subject_15,37,0.3551431987467416,0.299167360012093,15,0.0282355925182764,0.1930338261327209,0.6381704224678245,-0.1637931637252272
subject_15,38,0.3802216609782707,0.3379332373827191,15,-0.0233168709025229,0.3574118822306519,0.6917028595552294,0.1059814103662864
subject_15,39,0.3668303431340687,0.341500746429304,15,0.0175025638123603,0.0,0.6650010344892444,-0.3346479134566634
subject_15,40,0.3792430558668844,0.341779297916789,15,-0.0479967861610817,0.3728840242188639,0.6862945536942794,0.2605884715593577
subject_15,41,0.3565449239792839,0.3573089211758462,15,-0.0136951384120165,0.4859534035418015,0.5690651291404365,0.4002206191085914
subject_15,42,0.3486505327522008,0.3048541367030138,15,0.0029081024217761,0.3578652621225222,0.4644646629702195,0.315654586823241
subject_15,46,0.3649866848095901,0.3089147504102613,15,0.0210727439981103,0.0,0.9186723362093878,-0.8656436214130283
subject_15,47,0.3503401831791407,0.4051202975272604,15,-0.0732465636863513,0.3740246207892347,0.5425802706202831,0.1830661118971326
subject_15,48,0.3580092772001262,0.375753370408701,15,-0.0284185076667036,0.0,0.9761956715796156,-1.7967260883912033
subject_15,49,0.3444736716635008,0.3601892112430455,15,-0.0330973052684732,0.0,0.6785673077506998,-0.0257067691573977
subject_15,50,0.3867762065794385,0.279271867018676,15,0.0086865046839868,0.0,0.8642988279252068,-0.8436007763143956
subject_15,52,0.3490928544400546,0.1130849864855322,15,0.0277330446415351,0.0,0.1515151515151515,-0.2261241794523475
subject_15,58,0.3795302270504632,0.2437463431356288,15,0.0072234125820633,0.66868015705225,0.3050437934158864,-0.2847837753765085
subject_15,60,0.380175306611535,0.2834092926198439,15,-0.0170463594340497,0.0,0.6347491592573824,-0.3781539986493701
subject_15,61,0.3953217426760933,0.2640221780491214,15,-0.0105290197224737,0.5043754365910967,0.3489934590715692,0.8017643650842864
subject_15,62,0.3653906386874059,0.3411451050995661,15,0.0139539904880185,0.6040392317278513,0.6283830706152075,0.1850535959187737
subject_15,64,0.4073196519108693,0.256225714212102,15,0.0120722832002789,0.6844570854943952,0.096313646757013,1.7678451663299175
subject_15,65,0.3528283064703968,0.202688750091607,15,-0.0238470791550215,0.3339039378876649,0.5586331991577017,0.0775812813258733
subject_15,66,0.3652234364108693,0.2252555286298371,15,0.0023999647390384,0.5143617906473623,0.6161369057524824,0.0769166644893314
subject_15,71,0.3637088128303797,0.330889659944928,15,0.018818750223565,0.563394182305832,0.3662088553713093,0.5099771683807429
subject_16,0,0.3211974695251583,0.0921001512610505,16,-0.0070018761745925,0.4784430918660856,0.1532465691407875,1.813119847927747
subject_16,1,0.3200494311509148,0.2025489309219703,16,-0.0011498314789777,0.4396839691633614,0.3515725961835295,0.9173653943882024
subject_16,2,0.3453306619046634,0.1847540276913234,16,-0.013242303742291,0.2312927509320312,0.7217403265046466,-0.1845294349657001
subject_16,3,0.3426766515275863,0.2097696346265381,16,-0.016862882352265,0.0,0.7459146903544792,-0.7432377365421984
subject_16,4,0.3538241923332418,0.1998369706878129,16,-0.0300213855516303,0.2937529310038135,0.5837484696949663,0.4097395803082213
subject_16,5,0.3320119638248344,0.2410195697241852,16,-0.0142530942980454,0.2903816738373982,0.4261641927074455,0.6321782204844488
subject_16,6,0.3419842120320762,0.1866588241581657,16,-0.0114166246137295,0.3439662438476186,0.4068558079520504,0.693269454915133
subject_16,10,0.3240410619772076,0.1292319787230362,16,0.0107781670672733,0.0,0.6511663511858368,-0.9417159816500094
subject_16,11,0.333437855214386,0.2354640584064882,16,-0.0552127460286033,0.2962193346579843,0.5279123467962464,0.4852110740148564
subject_16,16,0.3170216947858006,0.0743945370788376,16,0.0059600807963298,0.0,0.7681524289065629,-0.2451224580329849
subject_16,22,0.3603068670108655,0.0779528522799672,16,-0.0014425068089946,0.6201121532929313,0.3252948424573138,0.7074309669453833
subject_16,24,0.3063272937263027,0.2012339415652949,16,-0.0018026989709613,0.0,0.4955087541233189,-0.4814387406210015
subject_16,25,0.3564723021141808,0.1155491077865747,16,0.0093259946858558,0.4954801064215745,0.3983099528358931,0.7176773042738344
subject_16,26,0.3171757527473939,0.244635539991262,16,-0.0099997766761823,0.0,0.8672893452771102,-0.909667114441027
subject_16,28,0.376310296795239,0.0537636224853827,16,-0.0048910498611672,0.6438573497965097,0.2108712147340829,1.144915549127124
subject_16,29,0.3210780881403574,0.1622814264675385,16,-0.0217586035775944,0.1668660420213445,0.7237193465544889,-0.1629168449699953
subject_16,30,0.3146487201642032,0.1696361156149672,16,-0.0013399695203756,0.0,0.6167139051880219,-0.1908542975412012
subject_16,32,0.3139079550468565,0.1338617240699901,16,-0.0508479845983962,0.0,0.4840401102265768,-0.1807320205845988
subject_16,35,0.3358587069984093,0.2246304782406065,16,-0.0274597784513471,0.0,0.6394216217703547,-0.4273148044992655
subject_16,36,0.3155253187430635,0.0754983968636192,16,0.0061029702797646,0.5063524549966325,0.3521476725101842,0.8948782074216648
subject_16,37,0.3205631958222046,0.2180917913223505,16,0.0175037447806698,0.49899251277918,0.555896981780389,0.3591167170083842
subject_16,38,0.344993553394576,0.2144488829070444,16,-0.0102291722713177,0.1504207626989682,0.7183121810674539,-0.1707265388090735
subject_16,39,0.3296920566762074,0.2357769022615806,16,-0.0174969556793183,0.0,0.8301210127775558,-1.4322314353956271
subject_16,40,0.343791328799206,0.2195460122116885,16,-0.0421751052915562,0.3174221014133608,0.5234163845304939,0.4797032770962424
subject_16,41,0.3256824685113781,0.2120357915466472,16,-0.0290216214113389,0.2585236769260916,0.5873346517827884,0.1919328725332837
subject_16,42,0.3298046412432037,0.1465278387018989,16,-0.0199952306229891,0.2324992149548869,0.5182925046308127,0.1871101402449688
subject_16,46,0.3044324842183645,0.1177526195894017,16,0.0130000351375432,0.0,0.6829549580334451,-0.7807118955170727
subject_16,47,0.3357231979509497,0.2527220075216956,16,-0.0435454011922724,0.0672786184410787,0.5893575859246583,0.2084223878584805
subject_16,48,0.2994674448912391,0.2398915719890155,16,-0.0199960902524888,0.0,0.6342434441876821,-0.9135919600252344
subject_16,49,0.3459529499904364,0.2402724477140378,16,-0.0187577506870602,0.0,0.7502128961314912,-0.6245038553749048
subject_16,50,0.3569719228630323,0.1718752284022262,16,-0.0234650723702675,0.0,0.8367943890495968,-1.547438719954499
subject_16,52,0.3488931920143863,0.0549470261966122,16,-0.0022917196457211,0.4521896571234582,0.6563313341631776,-0.5952765860653498
subject_16,58,0.3622920162318411,0.0811070599757843,16,0.0007661665919577,0.636543131425459,0.2752422667544198,0.8852660298091085
subject_16,60,0.3447401521940869,0.2249062358396405,16,-0.0114417491141269,0.0,0.5925650131744759,-0.9518455066327988
subject_16,61,0.3701560510177108,0.1439073000194048,16,0.0048920638263845,0.4830353572856571,0.1006168960987033,2.150660425747003
subject_16,62,0.3331751927983113,0.2308198906847217,16,-0.0170499053382341,0.0,0.6233928869594256,-0.1396553111613789
subject_16,64,0.3773819350497636,0.0544813131257422,16,-0.0031474780523914,0.6169779914925098,0.4213057148141298,0.2638076132867424
subject_16,65,0.3345196976688071,0.1577477267881314,16,-0.0257177542018318,0.0410253118662709,0.7523345517122937,-0.42851740417898
subject_16,66,0.3467753872159774,0.1838501068674815,16,-0.0076228583349272,0.3610771436866043,0.5337919668751632,0.1265523202147307
subject_16,71,0.3167706510957421,0.1806799643502412,16,-0.0224418667351664,0.0,0.98342689120556,-1.8853387777381143
subject_17,0,0.3156449055531594,0.039419894175367,17,-0.0009510934788156,0.4375058845683081,0.1834337632991243,1.554077858958908
subject_17,1,0.3115705079691998,0.1530870631871457,17,0.0036582457699673,0.3704074908554269,0.5060944090849903,0.3104437354158834
subject_17,2,0.3501042506299184,0.2000986518113673,17,-0.0418069753237609,0.36889288034925,0.620258528040558,0.2492574437447556
subject_17,3,0.3651296542156115,0.2064808985522536,17,-0.021422546328807,0.4220511410503162,0.3080618786449213,1.1242329191383924
subject_17,4,0.3544213202788174,0.1667874658543714,17,-0.0269899810776141,0.3597040456823008,0.5967622421349259,0.1237815654982587
subject_17,5,0.3254918384920399,0.2367657155769647,17,-0.0137720618863219,0.35118681340852,0.3726029193693194,0.9002074513887428
subject_17,6,0.3190373864675958,0.1323879054686443,17,-5.568270522195257e-05,0.4300288210805618,0.1911340866462326,1.6023342338696684
subject_17,10,0.3131831852601298,0.1838805515593408,17,0.0067057637866433,0.0,0.8007743793750663,-1.2517810329913777
subject_17,11,0.3302250395588791,0.2197348786449065,17,-0.0360853474940146,0.0,0.8164733035217507,-0.3603646896457854
subject_17,16,0.3634098742720074,0.1335065505232087,17,0.0016349111736017,0.0,0.0,1.087051466267034
subject_17,22,0.3638086934491121,0.1328400645152483,17,0.008741992919335,0.0,0.6392732354996506,-0.4217286341985067
subject_17,24,0.3424637048472653,0.2105474606895055,17,-0.0346196942697359,0.0,0.7052786997266692,-0.1191318234593333
subject_17,25,0.3439799397834989,0.1781148727467328,17,-0.0088386585694876,0.4695657619294698,0.4061208423538673,0.5272229823363743
subject_17,26,0.3234534893110855,0.2198378869637143,17,-0.013758642959696,0.0,0.7806870885828011,-0.0951117464098776
subject_17,28,0.3625955755000106,0.1436443445196481,17,-0.0242353053589572,0.5572300730051659,0.3083080732613243,0.985772395653563
subject_17,29,0.309029513356052,0.1153670365983836,17,-0.030000219178503,0.3436335262680606,0.5348347199120849,0.3888506761455251
subject_17,30,0.3238736443391058,0.1898254881423404,17,0.0008241935895795,0.5873515203845885,0.6102494690905697,0.0781220090260899
subject_17,32,0.3170586672038311,0.1128705576836558,17,-0.0557151092817094,0.2884864165588616,0.1021992238033635,2.2695452389158457
subject_17,35,0.3159457566805133,0.1413546336444363,17,0.006170120814484,0.4851914278834577,0.1575567862589293,1.4275846300575064
subject_17,36,0.3205075138907662,0.0657564605591147,17,-0.0061125765872177,0.5294704783354235,0.2099403680290738,1.1639393685762465
subject_17,37,0.320065504328284,0.1808575929528363,17,0.0139510657033276,0.2961061862548851,0.7201458392908207,-0.2537326134412022
subject_17,38,0.3266252054307811,0.24070352251651,17,-0.0225593716754629,0.1777095570757491,0.7555509896030576,-0.0925371041189036
subject_17,39,0.300754425189448,0.2486315392633608,17,0.0022707041031298,0.0,0.8787772274591256,-1.132165958486831
subject_17,40,0.3331277565048349,0.22940577813102,17,-0.0464655799906173,0.3064955752700174,0.467522123649913,0.6262249972536101
subject_17,41,0.3060471688396241,0.2338516542254081,17,-0.0290994198384056,0.3282826097408529,0.5356195009375451,0.4191697882936606
subject_17,42,0.3187182129691253,0.1520707914870139,17,-0.0270252488438664,0.3504990814451929,0.4037109614206981,0.686041460770942
subject_17,46,0.3037662775996636,0.2104443860496773,17,0.0036824776262242,0.0,0.6176773308173943,-1.3192663835762506
subject_17,47,0.3414627893856861,0.227177594402774,17,-0.0260964354421773,0.1852836577840699,0.645398329900846,-0.1004204812222366
subject_17,48,0.291597963485971,0.1907227343751779,17,-0.009925023890624,0.0,0.6919949772406215,-0.4003403752245207
subject_17,49,0.297353069366731,0.2243155645149082,17,-0.0485670212790543,0.0,0.6842187370951904,-0.2810252329207304
subject_17,50,0.2927626923349647,0.2308603597192132,17,-0.0117886811977999,0.0,0.90376460642751,-1.7829353253638518
subject_17,52,0.3583122426871839,0.1277801540857798,17,0.0554878562030254,0.0,0.3772717777313557,-0.4135084187018982
subject_17,58,0.3665464800202893,0.1257825989654323,17,0.0045783710841083,0.6244843234323433,0.3652537128712871,-0.2228031644044729
subject_17,60,0.3571472992957191,0.2319566702393597,17,0.0043880142010209,0.0,0.7259788478847885,-0.7614422781423389
subject_17,61,0.3468883783261474,0.2044503332580978,17,0.0057837347591247,0.4833439749884409,0.320449591580616,0.7377080331847269
subject_17,62,0.3272685995064849,0.2465697256428525,17,-0.0031566109837608,0.3791186059211942,0.4987836563125755,0.2562961305102769
subject_17,64,0.3620781543620168,0.1718235837226517,17,0.0060293971115509,0.7613304437953453,0.2438047677376802,1.339675847999816
subject_17,65,0.3232348368432846,0.1463733839237494,17,-0.0141003234743442,0.1118253265229235,0.668088476071483,-0.220677212417661
subject_17,66,0.3562890269622171,0.2116534982010862,17,-0.0087554544441642,0.4993024015198741,0.4807195654109894,-0.0367767778201925
subject_17,71,0.2989015262936921,0.2230782345406873,17,-0.0014622820541583,0.0,0.7063590046775288,-0.626331682012619
subject_18,0,0.299579020107356,0.0990829689016304,18,0.0162177717974584,0.7606826941740843,0.1870615312092726,1.4783461675311491
subject_18,1,0.2988041123173236,0.1213875276184937,18,-0.0004881567729656,0.575938566552901,0.5367011616620221,0.3045689985316688
subject_18,2,0.3054395519003124,0.1193323983232237,18,-0.0005525005213248,0.401910210125816,0.7883501232219292,-0.2826965457901771
subject_18,3,0.3002659829054612,0.1098683195413482,18,0.0252527510353446,0.0,0.6398050570082365,-0.1788327028642992
subject_18,4,0.3384916203303971,0.1086791605703376,18,-0.0327192423380172,0.5206045888148697,0.5412862849037515,0.4666335466765281
subject_18,5,0.2958248396027731,0.1825596717015698,18,-0.0310071918330832,0.5755151400929766,0.5222201281568036,0.43164176838459
subject_18,6,0.2931218267451108,0.1117514564167823,18,-0.0123669687777687,0.5692446389631605,0.3869154485702618,0.7783742540785042
subject_18,10,0.3146044772915885,0.1123405472777141,18,-0.0017380972168663,0.0,0.9703122212310435,-1.025051900542276
subject_18,11,0.307967292048926,0.1359349823657419,18,-0.1053225854113321,0.440333116301591,0.5079341947221327,0.4732460145358593
subject_18,16,0.3070993021364792,0.0399680657787352,18,0.0039311840532263,0.0,0.8255638467343003,-0.1175640964856609
subject_18,22,0.3416177559551066,0.0813971236075811,18,0.0079682460681822,0.6835700961400488,0.3746305065289138,0.6860553578717151
subject_18,24,0.3057908915600876,0.1447316564251791,18,0.0079787043778255,0.0,0.6530971810089021,-1.230291316872079
subject_18,25,0.3375458369285712,0.0730823142097798,18,0.0241529342077996,0.627645138812484,0.250412586643195,1.1989003650248522
subject_18,26,0.298088807754516,0.1386665479756565,18,0.0134688788496241,0.0,0.6579714672498178,-0.4366800043725079
subject_18,28,0.3607631057639512,0.0615576828239043,18,0.0058803523318266,0.6603646185010128,0.2078711295456737,1.1696533872932475
subject_18,29,0.2971292702956737,0.1316778335771754,18,-0.0348898480085792,0.4369373553366978,0.7130499316499614,-0.1703514246527776
subject_18,30,0.3176305379342982,0.150114598033096,18,-0.0011871049345155,0.0,0.5819980183812224,-0.0089877353976484
subject_18,32,0.3028091581239416,0.0831074608785711,18,-0.0345763829536596,0.5699467775144711,0.6058428188493066,-0.3330589794313761
subject_18,35,0.2754722603165936,0.082649792989011,18,0.0142822696519234,0.9620622795337213,0.0042750017520498,3.5852958853814725
subject_18,36,0.3182513612264984,0.128629498593655,18,0.0174089734424686,0.6259438332676599,0.1910989467406468,1.5300782465643232
subject_18,37,0.3116720900577656,0.1383134784984462,18,-0.0216768402649915,0.2444217249002516,0.7769021901493073,-0.38261195870112
subject_18,38,0.3360505088760161,0.126665860023317,18,-0.0660471338496195,0.3944391565023697,0.6941516450951339,0.1982494642936038
subject_18,39,0.3239937586859284,0.1397434334738176,18,0.0288997747344493,0.725506815921095,0.4114420611681634,0.6037802272309754
subject_18,40,0.3363196219074263,0.1660991798094079,18,-0.0791640167247011,0.4471102588065193,0.6476349391332346,0.1897309056470372
subject_18,41,0.3227298132837615,0.1798025886417704,18,-0.0132256391327639,0.5162729142567597,0.6132203468932618,0.1551662698030105
subject_18,42,0.3178993044722581,0.1596927884398739,18,0.0061216299052818,0.5955709397002714,0.4171340911772804,0.4235122923071397
subject_18,46,0.3084539389185816,0.0991165384490077,18,-0.0007338184288034,0.0,0.9785440167461332,-1.418139660544187
subject_18,47,0.3257871423101579,0.1636555266843941,18,-0.0645742242082381,0.4855489642390678,0.6524746623470438,-0.2137106222205979
subject_18,48,0.282321866702388,0.1503565450660736,18,0.0453789125469728,0.0,0.8774100597482944,-1.461704451251614
subject_18,49,0.3096877354510426,0.1442055637726494,18,-0.0486858222107186,0.0,0.8085874188493396,-0.7293796989633061
subject_18,50,0.3445650711335218,0.1262309694130943,18,-0.0365649038585244,0.0,0.8368394084743591,-0.6392882921707872
subject_18,52,0.3448273357336916,0.0861497369503441,18,0.0024777818916205,0.6843657817109144,0.5176007866273353,-0.1044556628313696
subject_18,58,0.336348187325352,0.1224156505330931,18,0.0066039515073931,0.6968358517370529,0.5443626501356064,0.0914921857593209
subject_18,60,0.3293670925392736,0.1561915967525759,18,0.0090909882305951,0.0,0.7579748805157275,-0.8974927957388661
subject_18,61,0.354276320485364,0.1009526669180344,18,0.0105766398836736,0.5794502138057422,0.2345510079413561,1.1279189602577333
subject_18,62,0.3427108824935713,0.1748633329882181,18,0.0278443221851183,0.0,0.8409861247933746,-0.2438079871705989
subject_18,64,0.3558417494193007,0.094004246968665,18,0.0045166158769887,0.6674685912857524,0.5012697139802192,0.4395855853212317
subject_18,65,0.3176405418544424,0.1415565941131668,18,0.012240637838463,0.5270554906914635,0.6281223740442561,0.3128510407917408
subject_18,66,0.3482380496823454,0.1719290745561795,18,0.0162516579688953,0.267134046762539,0.6369464248819049,0.018657742648628
subject_18,71,0.3029119585327751,0.154818256171094,18,0.0250755603652222,0.7174447418966392,0.2367116825731715,0.4932272292589574
